Quarter,Domain,Metric,Region,Provider Code,Provider Name,Numerator,Denominator,% Value,Rank,Rank_Region,Region_Size,Months Covered,Covered Months,Missing Months,Is Complete
Q4 (2024/25),A&E,4 hours,London,RP6,Moorfields Eye Hospital NHS Foundation Trust,16300,16574,0.983,1,1,18,3,"Jan, Feb, Mar",,Yes
Q4 (2024/25),A&E,4 hours,North East,RCU,Sheffield Children's NHS Foundation Trust,13847,15040,0.921,2,1,22,3,"Jan, Feb, Mar",,Yes
Q4 (2024/25),A&E,4 hours,North West,REP,Liverpool Women's NHS Foundation Trust,4264,4773,0.893,3,1,19,3,"Jan, Feb, Mar",,Yes
Q4 (2024/25),A&E,4 hours,Midlands,RQ3,Birmingham Women's And Children's NHS Foundation Trust,18353.479,20735.479,0.885,4,1,21,3,"Jan, Feb, Mar",,Yes
Q4 (2024/25),A&E,4 hours,North West,RBS,Alder Hey Children's NHS Foundation Trust,28818.94558,32839.68894,0.878,5,2,19,3,"Jan, Feb, Mar",,Yes
Q4 (2024/25),A&E,4 hours,North East,RTF,Northumbria Healthcare NHS Foundation Trust,55062,63156,0.872,6,2,22,3,"Jan, Feb, Mar",,Yes
Q4 (2024/25),A&E,4 hours,North East,RVW,North Tees And Hartlepool NHS Foundation Trust,39615,47062,0.842,7,3,22,3,"Jan, Feb, Mar",,Yes
Q4 (2024/25),A&E,4 hours,South East,RWF,Maidstone And Tunbridge Wells NHS Trust,54599.81065,65341.19961,0.836,8,1,17,3,"Jan, Feb, Mar",,Yes
Q4 (2024/25),A&E,4 hours,South East,RTP,Surrey And Sussex Healthcare NHS Trust,51664.07834,62369.31439,0.828,9,2,17,3,"Jan, Feb, Mar",,Yes
Q4 (2024/25),A&E,4 hours,North East,RAE,Bradford Teaching Hospitals NHS Foundation Trust,31779,38569,0.824,10,4,22,3,"Jan, Feb, Mar",,Yes
Q4 (2024/25),A&E,4 hours,Midlands,RL4,The Royal Wolverhampton NHS Trust,51640,63185,0.817,11,2,21,3,"Jan, Feb, Mar",,Yes
Q4 (2024/25),A&E,4 hours,South East,RPA,Medway NHS Foundation Trust,50772.45504,62228.98234,0.816,12,3,17,3,"Jan, Feb, Mar",,Yes
Q4 (2024/25),A&E,4 hours,South East,RVV,East Kent Hospitals University NHS Foundation Trust,85507.54496,105219.0177,0.813,13,4,17,3,"Jan, Feb, Mar",,Yes
Q4 (2024/25),A&E,4 hours,London,RF4,"Barking, Havering And Redbridge University Hospitals NHS Trust",85877,106003,0.81,14,2,18,3,"Jan, Feb, Mar",,Yes
Q4 (2024/25),A&E,4 hours,London,RJ7,St George's University Hospitals NHS Foundation Trust,30335,37454,0.81,14,2,18,3,"Jan, Feb, Mar",,Yes
Q4 (2024/25),A&E,4 hours,East,RM1,Norfolk And Norwich University Hospitals NHS Foundation Trust,48278,59802,0.807,16,1,13,3,"Jan, Feb, Mar",,Yes
Q4 (2024/25),A&E,4 hours,East,RWG,West Hertfordshire Teaching Hospitals NHS Trust,38659,47900,0.807,16,1,13,3,"Jan, Feb, Mar",,Yes
Q4 (2024/25),A&E,4 hours,London,RYJ,Imperial College Healthcare NHS Trust,70763.32,88116.4,0.803,18,4,18,3,"Jan, Feb, Mar",,Yes
Q4 (2024/25),A&E,4 hours,London,RQX,Homerton Healthcare NHS Foundation Trust,25866,32248,0.802,19,5,18,3,"Jan, Feb, Mar",,Yes
Q4 (2024/25),A&E,4 hours,Midlands,RNQ,Kettering General Hospital NHS Foundation Trust,44125,55466,0.796,20,3,21,3,"Jan, Feb, Mar",,Yes
Q4 (2024/25),A&E,4 hours,South West,RBD,Dorset County Hospital NHS Foundation Trust,19396,24417,0.794,21,1,13,3,"Jan, Feb, Mar",,Yes
Q4 (2024/25),A&E,4 hours,North West,RBN,Mersey and West Lancashire Teaching Hospitals NHS Trust,71916.99312,90955.90469,0.791,22,3,19,3,"Jan, Feb, Mar",,Yes
Q4 (2024/25),A&E,4 hours,Midlands,RNA,The Dudley Group NHS Foundation Trust,33333,42163,0.791,22,4,21,3,"Jan, Feb, Mar",,Yes
Q4 (2024/25),A&E,4 hours,North West,RXL,Blackpool Teaching Hospitals NHS Foundation Trust,45592,57880,0.788,24,4,19,3,"Jan, Feb, Mar",,Yes
Q4 (2024/25),A&E,4 hours,North East,RXP,County Durham And Darlington NHS Foundation Trust,56248,71564,0.786,25,5,22,3,"Jan, Feb, Mar",,Yes
Q4 (2024/25),A&E,4 hours,London,RJZ,King's College Hospital NHS Foundation Trust,82016.88,104318.08,0.786,25,6,18,3,"Jan, Feb, Mar",,Yes
Q4 (2024/25),A&E,4 hours,London,RRV,University College London Hospitals NHS Foundation Trust,38815.82,49487.4,0.784,27,7,18,3,"Jan, Feb, Mar",,Yes
Q4 (2024/25),A&E,4 hours,Midlands,RFS,Chesterfield Royal Hospital NHS Foundation Trust,41609.92,53269.43,0.781,28,5,21,3,"Jan, Feb, Mar",,Yes
Q4 (2024/25),A&E,4 hours,South East,RHU,Portsmouth Hospitals University National Health Service Trust,57533,73627,0.781,28,5,17,3,"Jan, Feb, Mar",,Yes
Q4 (2024/25),A&E,4 hours,Midlands,RXK,Sandwell And West Birmingham Hospitals NHS Trust,55621,71353,0.78,30,6,21,3,"Jan, Feb, Mar",,Yes
Q4 (2024/25),A&E,4 hours,South East,RXQ,Buckinghamshire Healthcare NHS Trust,35276,45282,0.779,31,6,17,3,"Jan, Feb, Mar",,Yes
Q4 (2024/25),A&E,4 hours,London,RJ6,Croydon Health Services NHS Trust,43302.5,55969.5,0.774,32,8,18,3,"Jan, Feb, Mar",,Yes
Q4 (2024/25),A&E,4 hours,London,RJ1,Guy's And St Thomas' NHS Foundation Trust,39427,50937,0.774,32,8,18,3,"Jan, Feb, Mar",,Yes
Q4 (2024/25),A&E,4 hours,South West,REF,Royal Cornwall Hospitals NHS Trust,40004,51696,0.774,32,2,13,3,"Jan, Feb, Mar",,Yes
Q4 (2024/25),A&E,4 hours,North West,RXR,East Lancashire Hospitals NHS Trust,52330,68074,0.769,35,5,19,3,"Jan, Feb, Mar",,Yes
Q4 (2024/25),A&E,4 hours,East,RDE,East Suffolk And North Essex NHS Foundation Trust,63290,82460,0.768,36,3,13,3,"Jan, Feb, Mar",,Yes
Q4 (2024/25),A&E,4 hours,North East,RTD,The Newcastle Upon Tyne Hospitals NHS Foundation Trust,45319,59168,0.766,37,6,22,3,"Jan, Feb, Mar",,Yes
Q4 (2024/25),A&E,4 hours,South East,RTK,Ashford And St Peter's Hospitals NHS Foundation Trust,34043,44481,0.765,38,7,17,3,"Jan, Feb, Mar",,Yes
Q4 (2024/25),A&E,4 hours,South East,RHW,Royal Berkshire NHS Foundation Trust,45631.364,59812.88,0.763,39,8,17,3,"Jan, Feb, Mar",,Yes
Q4 (2024/25),A&E,4 hours,London,RQM,Chelsea And Westminster Hospital NHS Foundation Trust,59011,77446,0.762,40,10,18,3,"Jan, Feb, Mar",,Yes
Q4 (2024/25),A&E,4 hours,South East,RN7,Dartford And Gravesham NHS Trust,34479,45274,0.762,40,9,17,3,"Jan, Feb, Mar",,Yes
Q4 (2024/25),A&E,4 hours,South West,RTE,Gloucestershire Hospitals NHS Foundation Trust,47423,62274,0.762,40,3,13,3,"Jan, Feb, Mar",,Yes
Q4 (2024/25),A&E,4 hours,North East,RWY,Calderdale And Huddersfield NHS Foundation Trust,39526,51954,0.761,43,7,22,3,"Jan, Feb, Mar",,Yes
Q4 (2024/25),A&E,4 hours,London,RAX,Kingston and Richmond NHS Foundation Trust,34523,45364,0.761,43,11,18,3,"Jan, Feb, Mar",,Yes
Q4 (2024/25),A&E,4 hours,Midlands,RWE,University Hospitals Of Leicester NHS Trust,89243,117219,0.761,43,7,21,3,"Jan, Feb, Mar",,Yes
Q4 (2024/25),A&E,4 hours,London,R1K,London North West University Healthcare NHS Trust,65832,86867,0.758,46,12,18,3,"Jan, Feb, Mar",,Yes
Q4 (2024/25),A&E,4 hours,North East,RTR,South Tees Hospitals NHS Foundation Trust,40471.5,53433.5,0.757,47,8,22,3,"Jan, Feb, Mar",,Yes
Q4 (2024/25),A&E,4 hours,London,RKE,Whittington Health NHS Trust,26067.86,34437.2,0.757,47,13,18,3,"Jan, Feb, Mar",,Yes
Q4 (2024/25),A&E,4 hours,North East,RR8,Leeds Teaching Hospitals NHS Trust,66916,88540,0.756,49,9,22,3,"Jan, Feb, Mar",,Yes
Q4 (2024/25),A&E,4 hours,South East,RA2,Royal Surrey County Hospital NHS Foundation Trust,19822,26212,0.756,49,10,17,3,"Jan, Feb, Mar",,Yes
Q4 (2024/25),A&E,4 hours,North East,RCD,Harrogate And District NHS Foundation Trust,13571,18016,0.753,51,10,22,3,"Jan, Feb, Mar",,Yes
Q4 (2024/25),A&E,4 hours,Midlands,RWD,United Lincolnshire Teaching Hospitals NHS Trust,62477,83032,0.752,52,8,21,3,"Jan, Feb, Mar",,Yes
Q4 (2024/25),A&E,4 hours,East,RC9,Bedfordshire Hospitals NHS Foundation Trust,63854,85017,0.751,53,4,13,3,"Jan, Feb, Mar",,Yes
Q4 (2024/25),A&E,4 hours,South East,RHM,University Hospital Southampton NHS Foundation Trust,46259,62245,0.743,54,11,17,3,"Jan, Feb, Mar",,Yes
Q4 (2024/25),A&E,4 hours,North West,REM,Liverpool University Hospitals NHS Foundation Trust,66060.06131,89076.90637,0.742,55,6,19,3,"Jan, Feb, Mar",,Yes
Q4 (2024/25),A&E,4 hours,London,RVR,Epsom And St Helier University Hospitals NHS Trust,28407,38334,0.741,56,14,18,3,"Jan, Feb, Mar",,Yes
Q4 (2024/25),A&E,4 hours,Midlands,RTG,University Hospitals Of Derby And Burton NHS Foundation Trust,76619.08,103461.57,0.741,56,9,21,3,"Jan, Feb, Mar",,Yes
Q4 (2024/25),A&E,4 hours,East,RWH,East And North Hertfordshire NHS Trust,40759,55158,0.739,58,5,13,3,"Jan, Feb, Mar",,Yes
Q4 (2024/25),A&E,4 hours,London,RAL,Royal Free London NHS Foundation Trust,90455,122518,0.738,59,15,18,3,"Jan, Feb, Mar",,Yes
Q4 (2024/25),A&E,4 hours,Midlands,RBK,Walsall Healthcare NHS Trust,29226,39603,0.738,59,10,21,3,"Jan, Feb, Mar",,Yes
Q4 (2024/25),A&E,4 hours,East,RGR,West Suffolk NHS Foundation Trust,18179,24621,0.738,59,6,13,3,"Jan, Feb, Mar",,Yes
Q4 (2024/25),A&E,4 hours,North West,RTX,University Hospitals Of Morecambe Bay NHS Foundation Trust,28367,38495,0.737,62,7,19,3,"Jan, Feb, Mar",,Yes
Q4 (2024/25),A&E,4 hours,South West,RA7,University Hospitals Bristol and Weston NHS Foundation Trust,51263.9,69678.8,0.736,63,4,13,3,"Jan, Feb, Mar",,Yes
Q4 (2024/25),A&E,4 hours,North West,RBL,Wirral University Teaching Hospital NHS Foundation Trust,36127,49061,0.736,63,8,19,3,"Jan, Feb, Mar",,Yes
Q4 (2024/25),A&E,4 hours,South East,RDU,Frimley Health NHS Foundation Trust,77376,105306,0.735,65,12,17,3,"Jan, Feb, Mar",,Yes
Q4 (2024/25),A&E,4 hours,East,RD8,Milton Keynes University Hospital NHS Foundation Trust,30134,41010,0.735,65,7,13,3,"Jan, Feb, Mar",,Yes
Q4 (2024/25),A&E,4 hours,South West,RN3,Great Western Hospitals NHS Foundation Trust,24145,32907.4,0.734,67,5,13,3,"Jan, Feb, Mar",,Yes
Q4 (2024/25),A&E,4 hours,South East,RTH,Oxford University Hospitals NHS Foundation Trust,45219.636,61680.12,0.733,68,13,17,3,"Jan, Feb, Mar",,Yes
Q4 (2024/25),A&E,4 hours,South East,RXC,East Sussex Healthcare NHS Trust,32537,44459,0.732,69,14,17,3,"Jan, Feb, Mar",,Yes
Q4 (2024/25),A&E,4 hours,North East,RJL,Northern Lincolnshire And Goole NHS Foundation Trust,38031,51930,0.732,69,11,22,3,"Jan, Feb, Mar",,Yes
Q4 (2024/25),A&E,4 hours,North East,RR7,Gateshead Health NHS Foundation Trust,19991,27333,0.731,71,12,22,3,"Jan, Feb, Mar",,Yes
Q4 (2024/25),A&E,4 hours,South West,RH5,Somerset NHS Foundation Trust,46140,63319,0.729,72,6,13,3,"Jan, Feb, Mar",,Yes
Q4 (2024/25),A&E,4 hours,London,RAS,The Hillingdon Hospitals NHS Foundation Trust,27122,37288,0.727,73,16,18,3,"Jan, Feb, Mar",,Yes
Q4 (2024/25),A&E,4 hours,North East,RP5,Doncaster And Bassetlaw Teaching Hospitals NHS Foundation Trust,37335,51576,0.724,74,13,22,3,"Jan, Feb, Mar",,Yes
Q4 (2024/25),A&E,4 hours,North East,RHQ,Sheffield Teaching Hospitals NHS Foundation Trust,39354,54717,0.719,75,14,22,3,"Jan, Feb, Mar",,Yes
Q4 (2024/25),A&E,4 hours,Midlands,RRK,University Hospitals Birmingham NHS Foundation Trust,101881.521,142153.521,0.717,76,11,21,3,"Jan, Feb, Mar",,Yes
Q4 (2024/25),A&E,4 hours,South West,R0D,University Hospitals Dorset NHS Foundation Trust,37180,52432,0.709,77,7,13,3,"Jan, Feb, Mar",,Yes
Q4 (2024/25),A&E,4 hours,London,R1H,Barts Health NHS Trust,91300,129377,0.706,78,17,18,3,"Jan, Feb, Mar",,Yes
Q4 (2024/25),A&E,4 hours,South West,RNZ,Salisbury NHS Foundation Trust,13941,19758,0.706,78,8,13,3,"Jan, Feb, Mar",,Yes
Q4 (2024/25),A&E,4 hours,Midlands,RKB,University Hospitals Coventry And Warwickshire NHS Trust,40955,58006,0.706,78,12,21,3,"Jan, Feb, Mar",,Yes
Q4 (2024/25),A&E,4 hours,South East,RYR,University Hospitals Sussex NHS Foundation Trust,74300.11101,105532.486,0.704,81,15,17,3,"Jan, Feb, Mar",,Yes
Q4 (2024/25),A&E,4 hours,East,RGT,Cambridge University Hospitals NHS Foundation Trust,34592,49213,0.703,82,8,13,3,"Jan, Feb, Mar",,Yes
Q4 (2024/25),A&E,4 hours,North West,R0A,Manchester University NHS Foundation Trust,90402,128576,0.703,82,9,19,3,"Jan, Feb, Mar",,Yes
Q4 (2024/25),A&E,4 hours,South West,RH8,Royal Devon University Healthcare NHS Foundation Trust,39630,56549,0.701,84,9,13,3,"Jan, Feb, Mar",,Yes
Q4 (2024/25),A&E,4 hours,Midlands,RK5,Sherwood Forest Hospitals NHS Foundation Trust,34346,49201,0.698,85,13,21,3,"Jan, Feb, Mar",,Yes
Q4 (2024/25),A&E,4 hours,South East,R1F,Isle Of Wight NHS Trust,12393,17893,0.693,86,16,17,3,"Jan, Feb, Mar",,Yes
Q4 (2024/25),A&E,4 hours,North East,R0B,South Tyneside and Sunderland NHS Foundation Trust,40763,58973,0.691,87,15,22,3,"Jan, Feb, Mar",,Yes
Q4 (2024/25),A&E,4 hours,Midlands,RLT,George Eliot Hospital NHS Trust,17165,24905,0.689,88,14,21,3,"Jan, Feb, Mar",,Yes
Q4 (2024/25),A&E,4 hours,North East,RXF,Mid Yorkshire Teaching NHS Trust,44615,65064,0.686,89,16,22,3,"Jan, Feb, Mar",,Yes
Q4 (2024/25),A&E,4 hours,North West,RXN,Lancashire Teaching Hospitals NHS Foundation Trust,30751,44874,0.685,90,10,19,3,"Jan, Feb, Mar",,Yes
Q4 (2024/25),A&E,4 hours,South West,RA9,Torbay And South Devon NHS Foundation Trust,19548,28527,0.685,90,10,13,3,"Jan, Feb, Mar",,Yes
Q4 (2024/25),A&E,4 hours,South West,RVJ,North Bristol NHS Trust,22593.1,33042.2,0.684,92,11,13,3,"Jan, Feb, Mar",,Yes
Q4 (2024/25),A&E,4 hours,North West,RRF,"Wrightington, Wigan And Leigh NHS Foundation Trust",24439,35741,0.684,92,11,19,3,"Jan, Feb, Mar",,Yes
Q4 (2024/25),A&E,4 hours,North West,RM3,Northern Care Alliance NHS Foundation Trust,69845,102363,0.682,94,12,19,3,"Jan, Feb, Mar",,Yes
Q4 (2024/25),A&E,4 hours,North East,RWA,Hull University Teaching Hospitals NHS Trust,40349,59273,0.681,95,17,22,3,"Jan, Feb, Mar",,Yes
Q4 (2024/25),A&E,4 hours,North East,RCB,York And Scarborough Teaching Hospitals NHS Foundation Trust,38380.5,56390.5,0.681,95,17,22,3,"Jan, Feb, Mar",,Yes
Q4 (2024/25),A&E,4 hours,East,RAJ,Mid and South Essex NHS Foundation Trust,70831,104167,0.68,97,9,13,3,"Jan, Feb, Mar",,Yes
Q4 (2024/25),A&E,4 hours,North West,RMP,Tameside And Glossop Integrated Care NHS Foundation Trust,23858,35297,0.676,98,13,19,3,"Jan, Feb, Mar",,Yes
Q4 (2024/25),A&E,4 hours,North West,RWW,Warrington And Halton Teaching  Hospitals NHS Foundation Trust,22864,33885.5,0.675,99,14,19,3,"Jan, Feb, Mar",,Yes
Q4 (2024/25),A&E,4 hours,North West,RMC,Bolton NHS Foundation Trust,23276,34551,0.674,100,15,19,3,"Jan, Feb, Mar",,Yes
Q4 (2024/25),A&E,4 hours,London,RJ2,Lewisham And Greenwich NHS Trust,52933.62,78705.42,0.673,101,18,18,3,"Jan, Feb, Mar",,Yes
Q4 (2024/25),A&E,4 hours,Midlands,RJC,South Warwickshire University NHS Foundation Trust,16233,24233,0.67,102,15,21,3,"Jan, Feb, Mar",,Yes
Q4 (2024/25),A&E,4 hours,East,RGN,North West Anglia NHS Foundation Trust,38267,57324,0.668,103,10,13,3,"Jan, Feb, Mar",,Yes
Q4 (2024/25),A&E,4 hours,Midlands,RNS,Northampton General Hospital NHS Trust,25565,38361,0.666,104,16,21,3,"Jan, Feb, Mar",,Yes
Q4 (2024/25),A&E,4 hours,North West,RWJ,Stockport NHS Foundation Trust,18923,28499,0.664,105,16,19,3,"Jan, Feb, Mar",,Yes
Q4 (2024/25),A&E,4 hours,East,RQW,The Princess Alexandra Hospital NHS Trust,23209,35041,0.662,106,11,13,3,"Jan, Feb, Mar",,Yes
Q4 (2024/25),A&E,4 hours,South West,RK9,University Hospitals Plymouth NHS Trust,27614,41782,0.661,107,12,13,3,"Jan, Feb, Mar",,Yes
Q4 (2024/25),A&E,4 hours,South West,RD1,Royal United Hospitals Bath NHS Foundation Trust,19545,29598.6,0.66,108,13,13,3,"Jan, Feb, Mar",,Yes
Q4 (2024/25),A&E,4 hours,North East,RFF,Barnsley Hospital NHS Foundation Trust,17001,25871,0.657,109,19,22,3,"Jan, Feb, Mar",,Yes
Q4 (2024/25),A&E,4 hours,Midlands,RJE,University Hospitals Of North Midlands NHS Trust,45903,70369,0.652,110,17,21,3,"Jan, Feb, Mar",,Yes
Q4 (2024/25),A&E,4 hours,South East,RN5,Hampshire Hospitals NHS Foundation Trust,26518,41017,0.647,111,17,17,3,"Jan, Feb, Mar",,Yes
Q4 (2024/25),A&E,4 hours,Midlands,RLQ,Wye Valley NHS Trust,13532,21037,0.643,112,18,21,3,"Jan, Feb, Mar",,Yes
Q4 (2024/25),A&E,4 hours,Midlands,RWP,Worcestershire Acute Hospitals NHS Trust,34191,53712,0.637,113,19,21,3,"Jan, Feb, Mar",,Yes
Q4 (2024/25),A&E,4 hours,East,RGP,James Paget University Hospitals NHS Foundation Trust,15648,24749,0.632,114,12,13,3,"Jan, Feb, Mar",,Yes
Q4 (2024/25),A&E,4 hours,North East,RNN,North Cumbria Integrated Care NHS Foundation Trust,20045,31994,0.627,115,20,22,3,"Jan, Feb, Mar",,Yes
Q4 (2024/25),A&E,4 hours,North East,RFR,The Rotherham NHS Foundation Trust,16501,26323,0.627,115,20,22,3,"Jan, Feb, Mar",,Yes
Q4 (2024/25),A&E,4 hours,Midlands,RX1,Nottingham University Hospitals NHS Trust,44194,70996,0.622,117,20,21,3,"Jan, Feb, Mar",,Yes
Q4 (2024/25),A&E,4 hours,North East,RCF,Airedale NHS Foundation Trust,11514,18694,0.616,118,22,22,3,"Jan, Feb, Mar",,Yes
Q4 (2024/25),A&E,4 hours,Midlands,RXW,The Shrewsbury And Telford Hospital NHS Trust,28366,46123,0.615,119,21,21,3,"Jan, Feb, Mar",,Yes
Q4 (2024/25),A&E,4 hours,North West,RJR,Countess Of Chester Hospital NHS Foundation Trust,12721,21154,0.601,120,17,19,3,"Jan, Feb, Mar",,Yes
Q4 (2024/25),A&E,4 hours,East,RCX,"The Queen Elizabeth Hospital, King's Lynn, NHS Foundation Trust",13532,22599,0.599,121,13,13,3,"Jan, Feb, Mar",,Yes
Q4 (2024/25),A&E,4 hours,North West,RBT,Mid Cheshire Hospitals NHS Foundation Trust,16848,28768,0.586,122,18,19,3,"Jan, Feb, Mar",,Yes
Q4 (2024/25),A&E,4 hours,North West,RJN,East Cheshire NHS Trust,6468,12710,0.509,123,19,19,3,"Jan, Feb, Mar",,Yes
Q4 (2024/25),A&E,>12 hours,Midlands,RXW,The Shrewsbury and Telford Hospital NHS Trust,0,0,,1,1,21,3,"Jan, Feb, Mar",,Yes
Q4 (2024/25),A&E,>12 hours,North West,REP,Liverpool Women's NHS Foundation Trust,0,4350,0,2,1,19,3,"Jan, Feb, Mar",,Yes
Q4 (2024/25),A&E,>12 hours,London,RP6,Moorfields Eye Hospital NHS Foundation Trust,0,16260,0,2,1,18,3,"Jan, Feb, Mar",,Yes
Q4 (2024/25),A&E,>12 hours,North East,RCU,Sheffield Children's NHS Foundation Trust,0,15040,0,2,1,22,3,"Jan, Feb, Mar",,Yes
Q4 (2024/25),A&E,>12 hours,North West,RBS,Alder Hey Children's NHS Foundation Trust,35,17785,0.002,5,2,19,3,"Jan, Feb, Mar",,Yes
Q4 (2024/25),A&E,>12 hours,Midlands,RQ3,Birmingham Women's and Children's NHS Foundation Trust,35,14645,0.002,5,2,21,3,"Jan, Feb, Mar",,Yes
Q4 (2024/25),A&E,>12 hours,North East,RTF,Northumbria Healthcare NHS Foundation Trust,335,28415,0.012,7,2,22,3,"Jan, Feb, Mar",,Yes
Q4 (2024/25),A&E,>12 hours,London,RJ1,Guy's and St Thomas' NHS Foundation Trust,445,31280,0.014,8,2,18,3,"Jan, Feb, Mar",,Yes
Q4 (2024/25),A&E,>12 hours,North East,RTD,The Newcastle Upon Tyne Hospitals NHS Foundation Trust,940,43445,0.022,9,3,22,3,"Jan, Feb, Mar",,Yes
Q4 (2024/25),A&E,>12 hours,South East,RHM,University Hospital Southampton NHS Foundation Trust,990,38520,0.026,10,1,17,3,"Jan, Feb, Mar",,Yes
Q4 (2024/25),A&E,>12 hours,North East,RFF,Barnsley Hospital NHS Foundation Trust,720,25890,0.028,11,4,22,3,"Jan, Feb, Mar",,Yes
Q4 (2024/25),A&E,>12 hours,North East,RVW,North Tees and Hartlepool NHS Foundation Trust,430,14370,0.03,12,5,22,3,"Jan, Feb, Mar",,Yes
Q4 (2024/25),A&E,>12 hours,London,RRV,University College London Hospitals NHS Foundation Trust,1445,39160,0.037,13,3,18,3,"Jan, Feb, Mar",,Yes
Q4 (2024/25),A&E,>12 hours,North East,RP5,Doncaster and Bassetlaw Teaching Hospitals NHS Foundation Trust,1895,45990,0.041,14,6,22,3,"Jan, Feb, Mar",,Yes
Q4 (2024/25),A&E,>12 hours,North East,RR7,Gateshead Health NHS Foundation Trust,730,17030,0.043,15,7,22,3,"Jan, Feb, Mar",,Yes
Q4 (2024/25),A&E,>12 hours,North East,RWY,Calderdale and Huddersfield NHS Foundation Trust,1995,45015,0.044,16,8,22,3,"Jan, Feb, Mar",,Yes
Q4 (2024/25),A&E,>12 hours,South East,RA2,Royal Surrey County Hospital NHS Foundation Trust,1010,21970,0.046,17,2,17,3,"Jan, Feb, Mar",,Yes
Q4 (2024/25),A&E,>12 hours,North East,RCD,Harrogate and District NHS Foundation Trust,710,14310,0.05,18,9,22,3,"Jan, Feb, Mar",,Yes
Q4 (2024/25),A&E,>12 hours,South East,RTH,Oxford University Hospitals NHS Foundation Trust,2040,40750,0.05,18,3,17,3,"Jan, Feb, Mar",,Yes
Q4 (2024/25),A&E,>12 hours,South East,RHW,Royal Berkshire NHS Foundation Trust,2245,43200,0.052,20,4,17,3,"Jan, Feb, Mar",,Yes
Q4 (2024/25),A&E,>12 hours,North East,R0B,South Tyneside and Sunderland NHS Foundation Trust,1985,38190,0.052,20,10,22,3,"Jan, Feb, Mar",,Yes
Q4 (2024/25),A&E,>12 hours,London,RQX,Homerton University Hospital NHS Foundation Trust,1815,32080,0.057,22,4,18,3,"Jan, Feb, Mar",,Yes
Q4 (2024/25),A&E,>12 hours,Midlands,RK5,Sherwood Forest Hospitals NHS Foundation Trust,1860,31900,0.058,23,3,21,3,"Jan, Feb, Mar",,Yes
Q4 (2024/25),A&E,>12 hours,Midlands,RJC,South Warwickshire NHS Foundation Trust,1335,23165,0.058,23,3,21,3,"Jan, Feb, Mar",,Yes
Q4 (2024/25),A&E,>12 hours,South West,RH8,Royal Devon University Healthcare NHS Foundation Trust,2330,38640,0.06,25,1,13,3,"Jan, Feb, Mar",,Yes
Q4 (2024/25),A&E,>12 hours,North East,RHQ,Sheffield Teaching Hospitals NHS Foundation Trust,1860,30485,0.061,26,11,22,3,"Jan, Feb, Mar",,Yes
Q4 (2024/25),A&E,>12 hours,South West,RH5,Somerset NHS Foundation Trust,2220,35505,0.063,27,2,13,3,"Jan, Feb, Mar",,Yes
Q4 (2024/25),A&E,>12 hours,North East,RFR,The Rotherham NHS Foundation Trust,1650,26315,0.063,27,12,22,3,"Jan, Feb, Mar",,Yes
Q4 (2024/25),A&E,>12 hours,North East,RAE,Bradford Teaching Hospitals NHS Foundation Trust,1570,24420,0.064,29,13,22,3,"Jan, Feb, Mar",,Yes
Q4 (2024/25),A&E,>12 hours,East,RM1,Norfolk and Norwich University Hospitals NHS Foundation Trust,2315,35575,0.065,30,1,13,3,"Jan, Feb, Mar",,Yes
Q4 (2024/25),A&E,>12 hours,London,RQM,Chelsea and Westminster Hospital NHS Foundation Trust,2360,35745,0.066,31,5,18,3,"Jan, Feb, Mar",,Yes
Q4 (2024/25),A&E,>12 hours,Midlands,RFS,Chesterfield Royal Hospital NHS Foundation Trust,1360,20500,0.066,31,5,21,3,"Jan, Feb, Mar",,Yes
Q4 (2024/25),A&E,>12 hours,South West,RA7,University Hospitals Bristol and Weston NHS Foundation Trust,3570,51690,0.069,33,3,13,3,"Jan, Feb, Mar",,Yes
Q4 (2024/25),A&E,>12 hours,East,RC9,Bedfordshire Hospitals NHS Foundation Trust,3305,47210,0.07,34,2,13,3,"Jan, Feb, Mar",,Yes
Q4 (2024/25),A&E,>12 hours,South East,RXQ,Buckinghamshire Healthcare NHS Trust,2260,32285,0.07,34,5,17,3,"Jan, Feb, Mar",,Yes
Q4 (2024/25),A&E,>12 hours,North West,R0A,Manchester University NHS Foundation Trust,6675,94810,0.07,34,3,19,3,"Jan, Feb, Mar",,Yes
Q4 (2024/25),A&E,>12 hours,North East,RTR,South Tees Hospitals NHS Foundation Trust,1480,21185,0.07,34,14,22,3,"Jan, Feb, Mar",,Yes
Q4 (2024/25),A&E,>12 hours,South West,R0D,University Hospitals Dorset NHS Foundation Trust,3145,42375,0.074,38,4,13,3,"Jan, Feb, Mar",,Yes
Q4 (2024/25),A&E,>12 hours,East,RD8,Milton Keynes University Hospital NHS Foundation Trust,1935,25675,0.075,39,3,13,3,"Jan, Feb, Mar",,Yes
Q4 (2024/25),A&E,>12 hours,London,RYJ,Imperial College Healthcare NHS Trust,3510,46200,0.076,40,6,18,3,"Jan, Feb, Mar",,Yes
Q4 (2024/25),A&E,>12 hours,London,RJ7,St George's University Hospitals NHS Foundation Trust,2430,31810,0.076,40,6,18,3,"Jan, Feb, Mar",,Yes
Q4 (2024/25),A&E,>12 hours,South East,RWF,Maidstone and Tunbridge Wells NHS Trust,3770,49030,0.077,42,6,17,3,"Jan, Feb, Mar",,Yes
Q4 (2024/25),A&E,>12 hours,South East,RN5,Hampshire Hospitals NHS Foundation Trust,2725,31595,0.086,43,7,17,3,"Jan, Feb, Mar",,Yes
Q4 (2024/25),A&E,>12 hours,North East,RR8,Leeds Teaching Hospitals NHS Trust,5040,57015,0.088,44,15,22,3,"Jan, Feb, Mar",,Yes
Q4 (2024/25),A&E,>12 hours,South West,RNZ,Salisbury NHS Foundation Trust,1215,13620,0.089,45,5,13,3,"Jan, Feb, Mar",,Yes
Q4 (2024/25),A&E,>12 hours,North West,RTX,University Hospitals of Morecambe Bay NHS Foundation Trust,2370,26355,0.09,46,4,19,3,"Jan, Feb, Mar",,Yes
Q4 (2024/25),A&E,>12 hours,North East,RCF,Airedale NHS Foundation Trust,1670,18045,0.093,47,16,22,3,"Jan, Feb, Mar",,Yes
Q4 (2024/25),A&E,>12 hours,Midlands,RBK,Walsall Healthcare NHS Trust,2475,26695,0.093,47,6,21,3,"Jan, Feb, Mar",,Yes
Q4 (2024/25),A&E,>12 hours,East,RGR,West Suffolk NHS Foundation Trust,2060,22265,0.093,47,4,13,3,"Jan, Feb, Mar",,Yes
Q4 (2024/25),A&E,>12 hours,East,RWG,West Hertfordshire Hospitals Teaching NHS Trust,2305,24545,0.094,50,5,13,3,"Jan, Feb, Mar",,Yes
Q4 (2024/25),A&E,>12 hours,South East,RN7,Dartford and Gravesham NHS Trust,3270,33365,0.098,51,8,17,3,"Jan, Feb, Mar",,Yes
Q4 (2024/25),A&E,>12 hours,London,RKE,Whittington Health NHS Trust,2000,20215,0.099,52,8,18,3,"Jan, Feb, Mar",,Yes
Q4 (2024/25),A&E,>12 hours,South West,RD1,Royal United Hospitals Bath NHS Foundation Trust,2430,24345,0.1,53,6,13,3,"Jan, Feb, Mar",,Yes
Q4 (2024/25),A&E,>12 hours,East,RAJ,Mid and South Essex NHS Foundation Trust,9050,88350,0.102,54,6,13,3,"Jan, Feb, Mar",,Yes
Q4 (2024/25),A&E,>12 hours,Midlands,RXK,Sandwell and West Birmingham Hospitals NHS Trust,4075,38785,0.105,55,7,21,3,"Jan, Feb, Mar",,Yes
Q4 (2024/25),A&E,>12 hours,South East,RTK,Ashford and St Peter's Hospitals NHS Foundation Trust,3120,29500,0.106,56,9,17,3,"Jan, Feb, Mar",,Yes
Q4 (2024/25),A&E,>12 hours,North West,RMP,Tameside and Glossop Integrated Care NHS Foundation Trust,2830,26025,0.109,57,5,19,3,"Jan, Feb, Mar",,Yes
Q4 (2024/25),A&E,>12 hours,Midlands,RNA,The Dudley Group NHS Foundation Trust,2980,27325,0.109,57,8,21,3,"Jan, Feb, Mar",,Yes
Q4 (2024/25),A&E,>12 hours,East,RQW,The Princess Alexandra Hospital NHS Trust,3155,28985,0.109,57,7,13,3,"Jan, Feb, Mar",,Yes
Q4 (2024/25),A&E,>12 hours,East,RGP,James Paget University Hospitals NHS Foundation Trust,2240,20285,0.11,60,8,13,3,"Jan, Feb, Mar",,Yes
Q4 (2024/25),A&E,>12 hours,London,RJ6,Croydon Health Services NHS Trust,4245,38105,0.111,61,9,18,3,"Jan, Feb, Mar",,Yes
Q4 (2024/25),A&E,>12 hours,South West,RTE,Gloucestershire Hospitals NHS Foundation Trust,4290,37860,0.113,62,7,13,3,"Jan, Feb, Mar",,Yes
Q4 (2024/25),A&E,>12 hours,Midlands,RL4,The Royal Wolverhampton NHS Trust,4305,38190,0.113,62,9,21,3,"Jan, Feb, Mar",,Yes
Q4 (2024/25),A&E,>12 hours,South East,RDU,Frimley Health NHS Foundation Trust,7890,69100,0.114,64,10,17,3,"Jan, Feb, Mar",,Yes
Q4 (2024/25),A&E,>12 hours,South West,RA9,Torbay and South Devon NHS Foundation Trust,2155,18860,0.114,64,8,13,3,"Jan, Feb, Mar",,Yes
Q4 (2024/25),A&E,>12 hours,South West,RVJ,North Bristol NHS Trust,2880,25145,0.115,66,9,13,3,"Jan, Feb, Mar",,Yes
Q4 (2024/25),A&E,>12 hours,North West,RMC,Bolton NHS Foundation Trust,2855,23935,0.119,67,6,19,3,"Jan, Feb, Mar",,Yes
Q4 (2024/25),A&E,>12 hours,South East,R1F,Isle of Wight NHS Trust,1760,14690,0.12,68,11,17,3,"Jan, Feb, Mar",,Yes
Q4 (2024/25),A&E,>12 hours,Midlands,RWE,University Hospitals of Leicester NHS Trust,8300,69155,0.12,68,10,21,3,"Jan, Feb, Mar",,Yes
Q4 (2024/25),A&E,>12 hours,South East,RXC,East Sussex Healthcare NHS Trust,3535,28875,0.122,70,12,17,3,"Jan, Feb, Mar",,Yes
Q4 (2024/25),A&E,>12 hours,East,RGT,Cambridge University Hospitals NHS Foundation Trust,3840,31170,0.123,71,9,13,3,"Jan, Feb, Mar",,Yes
Q4 (2024/25),A&E,>12 hours,North East,RNN,North Cumbria Integrated Care NHS Foundation Trust,3180,25770,0.123,71,17,22,3,"Jan, Feb, Mar",,Yes
Q4 (2024/25),A&E,>12 hours,South West,RBD,Dorset County Hospital NHS Foundation Trust,1655,13335,0.124,73,10,13,3,"Jan, Feb, Mar",,Yes
Q4 (2024/25),A&E,>12 hours,North East,RXP,County Durham and Darlington NHS Foundation Trust,5185,41300,0.126,74,18,22,3,"Jan, Feb, Mar",,Yes
Q4 (2024/25),A&E,>12 hours,East,RGN,North West Anglia NHS Foundation Trust,5610,44505,0.126,74,10,13,3,"Jan, Feb, Mar",,Yes
Q4 (2024/25),A&E,>12 hours,Midlands,RX1,Nottingham University Hospitals NHS Trust,6740,53695,0.126,74,11,21,3,"Jan, Feb, Mar",,Yes
Q4 (2024/25),A&E,>12 hours,North West,RWJ,Stockport NHS Foundation Trust,3005,23840,0.126,74,7,19,3,"Jan, Feb, Mar",,Yes
Q4 (2024/25),A&E,>12 hours,South East,RYR,University Hospitals Sussex NHS Foundation Trust,8055,64015,0.126,74,13,17,3,"Jan, Feb, Mar",,Yes
Q4 (2024/25),A&E,>12 hours,Midlands,RLT,George Eliot Hospital NHS Trust,2650,20445,0.13,79,12,21,3,"Jan, Feb, Mar",,Yes
Q4 (2024/25),A&E,>12 hours,North East,RXF,Mid Yorkshire Hospitals NHS Trust,6235,47955,0.13,79,19,22,3,"Jan, Feb, Mar",,Yes
Q4 (2024/25),A&E,>12 hours,London,RVR,Epsom and St Helier University Hospitals NHS Trust,4505,34025,0.132,81,10,18,3,"Jan, Feb, Mar",,Yes
Q4 (2024/25),A&E,>12 hours,North West,RM3,Northern Care Alliance NHS Foundation Trust,10185,75960,0.134,82,8,19,3,"Jan, Feb, Mar",,Yes
Q4 (2024/25),A&E,>12 hours,South East,RTP,Surrey and Sussex Healthcare NHS Trust,3930,29150,0.135,83,14,17,3,"Jan, Feb, Mar",,Yes
Q4 (2024/25),A&E,>12 hours,Midlands,RTG,University Hospitals of Derby and Burton NHS Foundation Trust,8190,58905,0.139,84,13,21,3,"Jan, Feb, Mar",,Yes
Q4 (2024/25),A&E,>12 hours,London,RAX,Kingston Hospital NHS Foundation Trust,2890,20715,0.14,85,11,18,3,"Jan, Feb, Mar",,Yes
Q4 (2024/25),A&E,>12 hours,Midlands,RNQ,Kettering General Hospital NHS Foundation Trust,4210,29515,0.143,86,14,21,3,"Jan, Feb, Mar",,Yes
Q4 (2024/25),A&E,>12 hours,London,RJ2,Lewisham and Greenwich NHS Trust,6465,45300,0.143,86,12,18,3,"Jan, Feb, Mar",,Yes
Q4 (2024/25),A&E,>12 hours,South East,RPA,Medway NHS Foundation Trust,3725,25865,0.144,88,15,17,3,"Jan, Feb, Mar",,Yes
Q4 (2024/25),A&E,>12 hours,London,RAL,Royal Free London NHS Foundation Trust,10915,75290,0.145,89,13,18,3,"Jan, Feb, Mar",,Yes
Q4 (2024/25),A&E,>12 hours,Midlands,RKB,University Hospitals Coventry and Warwickshire NHS Trust,5755,39520,0.146,90,15,21,3,"Jan, Feb, Mar",,Yes
Q4 (2024/25),A&E,>12 hours,London,R1H,Barts Health NHS Trust,11055,73995,0.149,91,14,18,3,"Jan, Feb, Mar",,Yes
Q4 (2024/25),A&E,>12 hours,East,RWH,East and North Hertfordshire NHS Trust,3895,25945,0.15,92,11,13,3,"Jan, Feb, Mar",,Yes
Q4 (2024/25),A&E,>12 hours,Midlands,RRK,University Hospitals Birmingham NHS Foundation Trust,14970,98795,0.152,93,16,21,3,"Jan, Feb, Mar",,Yes
Q4 (2024/25),A&E,>12 hours,East,RDE,East Suffolk and North Essex NHS Foundation Trust,6200,40385,0.154,94,12,13,3,"Jan, Feb, Mar",,Yes
Q4 (2024/25),A&E,>12 hours,North East,RWA,Hull University Teaching Hospitals NHS Trust,4355,28190,0.154,94,20,22,3,"Jan, Feb, Mar",,Yes
Q4 (2024/25),A&E,>12 hours,London,RJZ,King's College Hospital NHS Foundation Trust,6985,45070,0.155,96,15,18,3,"Jan, Feb, Mar",,Yes
Q4 (2024/25),A&E,>12 hours,North West,RXN,Lancashire Teaching Hospitals NHS Foundation Trust,5370,34650,0.155,96,9,19,3,"Jan, Feb, Mar",,Yes
Q4 (2024/25),A&E,>12 hours,South West,REF,Royal Cornwall Hospitals NHS Trust,2885,18380,0.157,98,11,13,3,"Jan, Feb, Mar",,Yes
Q4 (2024/25),A&E,>12 hours,North West,REM,Liverpool University Hospitals NHS Foundation Trust,7970,50250,0.159,99,10,19,3,"Jan, Feb, Mar",,Yes
Q4 (2024/25),A&E,>12 hours,London,RAS,The Hillingdon Hospitals NHS Foundation Trust,2840,17840,0.159,99,16,18,3,"Jan, Feb, Mar",,Yes
Q4 (2024/25),A&E,>12 hours,Midlands,RLQ,Wye Valley NHS Trust,2755,17330,0.159,99,17,21,3,"Jan, Feb, Mar",,Yes
Q4 (2024/25),A&E,>12 hours,North West,RJN,East Cheshire NHS Trust,1915,11980,0.16,102,11,19,3,"Jan, Feb, Mar",,Yes
Q4 (2024/25),A&E,>12 hours,London,R1K,London North West University Healthcare NHS Trust,6560,40635,0.161,103,17,18,3,"Jan, Feb, Mar",,Yes
Q4 (2024/25),A&E,>12 hours,Midlands,RNS,Northampton General Hospital NHS Trust,5165,31915,0.162,104,18,21,3,"Jan, Feb, Mar",,Yes
Q4 (2024/25),A&E,>12 hours,East,RCX,"The Queen Elizabeth Hospital, King's Lynn, NHS Foundation Trust",3130,19085,0.164,105,13,13,3,"Jan, Feb, Mar",,Yes
Q4 (2024/25),A&E,>12 hours,North West,RBT,Mid Cheshire Hospitals NHS Foundation Trust,3855,23305,0.165,106,12,19,3,"Jan, Feb, Mar",,Yes
Q4 (2024/25),A&E,>12 hours,North West,RXR,East Lancashire Hospitals NHS Trust,5950,35275,0.169,107,13,19,3,"Jan, Feb, Mar",,Yes
Q4 (2024/25),A&E,>12 hours,South East,RHU,Portsmouth Hospitals University National Health Service Trust,5915,35080,0.169,107,16,17,3,"Jan, Feb, Mar",,Yes
Q4 (2024/25),A&E,>12 hours,Midlands,RJE,University Hospitals of North Midlands NHS Trust,7350,43355,0.17,109,19,21,3,"Jan, Feb, Mar",,Yes
Q4 (2024/25),A&E,>12 hours,North East,RJL,Northern Lincolnshire and Goole NHS Foundation Trust,4605,25990,0.177,110,21,22,3,"Jan, Feb, Mar",,Yes
Q4 (2024/25),A&E,>12 hours,South West,RN3,Great Western Hospitals NHS Foundation Trust,2805,15800,0.178,111,12,13,3,"Jan, Feb, Mar",,Yes
Q4 (2024/25),A&E,>12 hours,North East,RCB,York and Scarborough Teaching Hospitals NHS Foundation Trust,5500,30680,0.179,112,22,22,3,"Jan, Feb, Mar",,Yes
Q4 (2024/25),A&E,>12 hours,Midlands,RWD,United Lincolnshire Hospitals NHS Trust,5445,30225,0.18,113,20,21,3,"Jan, Feb, Mar",,Yes
Q4 (2024/25),A&E,>12 hours,North West,RBN,Mersey and West Lancashire Teaching Hospitals NHS Trust,9255,50655,0.183,114,14,19,3,"Jan, Feb, Mar",,Yes
Q4 (2024/25),A&E,>12 hours,London,RF4,"Barking, Havering and Redbridge University Hospitals NHS Trust",8435,45880,0.184,115,18,18,3,"Jan, Feb, Mar",,Yes
Q4 (2024/25),A&E,>12 hours,South West,RK9,University Hospitals Plymouth NHS Trust,4820,26010,0.185,116,13,13,3,"Jan, Feb, Mar",,Yes
Q4 (2024/25),A&E,>12 hours,Midlands,RWP,Worcestershire Acute Hospitals NHS Trust,7060,37930,0.186,117,21,21,3,"Jan, Feb, Mar",,Yes
Q4 (2024/25),A&E,>12 hours,South East,RVV,East Kent Hospitals University NHS Foundation Trust,7870,37565,0.21,118,17,17,3,"Jan, Feb, Mar",,Yes
Q4 (2024/25),A&E,>12 hours,North West,RRF,"Wrightington, Wigan and Leigh NHS Foundation Trust",4385,20640,0.212,119,15,19,3,"Jan, Feb, Mar",,Yes
Q4 (2024/25),A&E,>12 hours,North West,RBL,Wirral University Teaching Hospital NHS Foundation Trust,5025,21900,0.229,120,16,19,3,"Jan, Feb, Mar",,Yes
Q4 (2024/25),A&E,>12 hours,North West,RWW,Warrington and Halton Teaching Hospitals NHS Foundation Trust,4780,20475,0.233,121,17,19,3,"Jan, Feb, Mar",,Yes
Q4 (2024/25),A&E,>12 hours,North West,RJR,Countess of Chester Hospital NHS Foundation Trust,3770,14585,0.258,122,18,19,3,"Jan, Feb, Mar",,Yes
Q4 (2024/25),A&E,>12 hours,North West,RXL,Blackpool Teaching Hospitals NHS Foundation Trust,5275,19130,0.276,123,19,19,3,"Jan, Feb, Mar",,Yes
Q4 (2024/25),Cancer,28 Days FDS,North West,RMC,BOLTON NHS FOUNDATION TRUST,4632,5193,0.892,1,1,17,3,"Jan, Feb, Mar",,Yes
Q4 (2024/25),Cancer,28 Days FDS,London,RAX,KINGSTON AND RICHMOND NHS FOUNDATION TRUST,4679,5347,0.875,2,1,17,3,"Jan, Feb, Mar",,Yes
Q4 (2024/25),Cancer,28 Days FDS,Midlands,RNS,NORTHAMPTON GENERAL HOSPITAL NHS TRUST,4963,5698,0.871,3,1,20,3,"Jan, Feb, Mar",,Yes
Q4 (2024/25),Cancer,28 Days FDS,Midlands,RBK,WALSALL HEALTHCARE NHS TRUST,1953,2288,0.854,4,2,20,3,"Jan, Feb, Mar",,Yes
Q4 (2024/25),Cancer,28 Days FDS,North East,RTF,NORTHUMBRIA HEALTHCARE NHS FOUNDATION TRUST,4270,5010,0.852,5,1,21,3,"Jan, Feb, Mar",,Yes
Q4 (2024/25),Cancer,28 Days FDS,Midlands,RNA,THE DUDLEY GROUP NHS FOUNDATION TRUST,4310,5061,0.852,5,3,20,3,"Jan, Feb, Mar",,Yes
Q4 (2024/25),Cancer,28 Days FDS,North East,RXP,COUNTY DURHAM AND DARLINGTON NHS FOUNDATION TRUST,4713,5564,0.847,7,2,21,3,"Jan, Feb, Mar",,Yes
Q4 (2024/25),Cancer,28 Days FDS,East,RGT,CAMBRIDGE UNIVERSITY HOSPITALS NHS FOUNDATION TRUST,6445,7633,0.844,8,1,13,3,"Jan, Feb, Mar",,Yes
Q4 (2024/25),Cancer,28 Days FDS,South East,RTP,SURREY AND SUSSEX HEALTHCARE NHS TRUST,5713,6781,0.843,9,1,17,3,"Jan, Feb, Mar",,Yes
Q4 (2024/25),Cancer,28 Days FDS,North West,RMP,TAMESIDE AND GLOSSOP INTEGRATED CARE NHS FOUNDATION TRUST,3077,3668,0.839,10,2,17,3,"Jan, Feb, Mar",,Yes
Q4 (2024/25),Cancer,28 Days FDS,South East,RA2,ROYAL SURREY COUNTY HOSPITAL NHS FOUNDATION TRUST,2747,3281,0.837,11,2,17,3,"Jan, Feb, Mar",,Yes
Q4 (2024/25),Cancer,28 Days FDS,London,RJ7,ST GEORGE'S UNIVERSITY HOSPITALS NHS FOUNDATION TRUST,4823,5765,0.837,11,2,17,3,"Jan, Feb, Mar",,Yes
Q4 (2024/25),Cancer,28 Days FDS,East,RWG,WEST HERTFORDSHIRE TEACHING HOSPITALS NHS TRUST,4536,5431,0.835,13,2,13,3,"Jan, Feb, Mar",,Yes
Q4 (2024/25),Cancer,28 Days FDS,South West,RN3,GREAT WESTERN HOSPITALS NHS FOUNDATION TRUST,4010,4815,0.833,14,1,13,3,"Jan, Feb, Mar",,Yes
Q4 (2024/25),Cancer,28 Days FDS,London,RYJ,IMPERIAL COLLEGE HEALTHCARE NHS TRUST,6616,7953,0.832,15,3,17,3,"Jan, Feb, Mar",,Yes
Q4 (2024/25),Cancer,28 Days FDS,Midlands,RNQ,KETTERING GENERAL HOSPITAL NHS FOUNDATION TRUST,3299,3970,0.831,16,4,20,3,"Jan, Feb, Mar",,Yes
Q4 (2024/25),Cancer,28 Days FDS,London,RJ6,CROYDON HEALTH SERVICES NHS TRUST,3997,4821,0.829,17,4,17,3,"Jan, Feb, Mar",,Yes
Q4 (2024/25),Cancer,28 Days FDS,South East,RXC,EAST SUSSEX HEALTHCARE NHS TRUST,6211,7494,0.829,17,3,17,3,"Jan, Feb, Mar",,Yes
Q4 (2024/25),Cancer,28 Days FDS,North West,RTX,UNIVERSITY HOSPITALS OF MORECAMBE BAY NHS FOUNDATION TRUST,4440,5359,0.829,17,3,17,3,"Jan, Feb, Mar",,Yes
Q4 (2024/25),Cancer,28 Days FDS,South East,RHM,UNIVERSITY HOSPITAL SOUTHAMPTON NHS FOUNDATION TRUST,5859,7084,0.827,20,4,17,3,"Jan, Feb, Mar",,Yes
Q4 (2024/25),Cancer,28 Days FDS,London,RVR,EPSOM AND ST HELIER UNIVERSITY HOSPITALS NHS TRUST,3139,3802,0.826,21,5,17,3,"Jan, Feb, Mar",,Yes
Q4 (2024/25),Cancer,28 Days FDS,North West,RJR,COUNTESS OF CHESTER HOSPITAL NHS FOUNDATION TRUST,3416,4139,0.825,22,4,17,3,"Jan, Feb, Mar",,Yes
Q4 (2024/25),Cancer,28 Days FDS,North West,RRF,"WRIGHTINGTON, WIGAN AND LEIGH NHS FOUNDATION TRUST",4122,5021,0.821,23,5,17,3,"Jan, Feb, Mar",,Yes
Q4 (2024/25),Cancer,28 Days FDS,North East,RXF,MID YORKSHIRE TEACHING NHS TRUST,5738,7009,0.819,24,3,21,3,"Jan, Feb, Mar",,Yes
Q4 (2024/25),Cancer,28 Days FDS,London,RRV,UNIVERSITY COLLEGE LONDON HOSPITALS NHS FOUNDATION TRUST,4527,5530,0.819,24,6,17,3,"Jan, Feb, Mar",,Yes
Q4 (2024/25),Cancer,28 Days FDS,South West,RK9,UNIVERSITY HOSPITALS PLYMOUTH NHS TRUST,7141,8724,0.819,24,2,13,3,"Jan, Feb, Mar",,Yes
Q4 (2024/25),Cancer,28 Days FDS,North East,RCF,AIREDALE NHS FOUNDATION TRUST,1702,2083,0.817,27,4,21,3,"Jan, Feb, Mar",,Yes
Q4 (2024/25),Cancer,28 Days FDS,South East,RHW,ROYAL BERKSHIRE NHS FOUNDATION TRUST,5183,6345,0.817,27,5,17,3,"Jan, Feb, Mar",,Yes
Q4 (2024/25),Cancer,28 Days FDS,South East,RTK,ASHFORD AND ST PETER'S HOSPITALS NHS FOUNDATION TRUST,4708,5789,0.813,29,6,17,3,"Jan, Feb, Mar",,Yes
Q4 (2024/25),Cancer,28 Days FDS,North West,RXN,LANCASHIRE TEACHING HOSPITALS NHS FOUNDATION TRUST,5075,6248,0.812,30,6,17,3,"Jan, Feb, Mar",,Yes
Q4 (2024/25),Cancer,28 Days FDS,North East,RR8,LEEDS TEACHING HOSPITALS NHS TRUST,9396,11607,0.81,31,5,21,3,"Jan, Feb, Mar",,Yes
Q4 (2024/25),Cancer,28 Days FDS,North East,RWY,CALDERDALE AND HUDDERSFIELD NHS FOUNDATION TRUST,4991,6173,0.809,32,6,21,3,"Jan, Feb, Mar",,Yes
Q4 (2024/25),Cancer,28 Days FDS,South East,RDU,FRIMLEY HEALTH NHS FOUNDATION TRUST,7817,9675,0.808,33,7,17,3,"Jan, Feb, Mar",,Yes
Q4 (2024/25),Cancer,28 Days FDS,North East,RAE,BRADFORD TEACHING HOSPITALS NHS FOUNDATION TRUST,3994,4948,0.807,34,7,21,3,"Jan, Feb, Mar",,Yes
Q4 (2024/25),Cancer,28 Days FDS,North East,RFR,THE ROTHERHAM NHS FOUNDATION TRUST,2594,3213,0.807,34,7,21,3,"Jan, Feb, Mar",,Yes
Q4 (2024/25),Cancer,28 Days FDS,South West,REF,ROYAL CORNWALL HOSPITALS NHS TRUST,5785,7182,0.805,36,3,13,3,"Jan, Feb, Mar",,Yes
Q4 (2024/25),Cancer,28 Days FDS,South West,RH8,ROYAL DEVON UNIVERSITY HEALTHCARE NHS FOUNDATION TRUST,8287,10298,0.805,36,3,13,3,"Jan, Feb, Mar",,Yes
Q4 (2024/25),Cancer,28 Days FDS,Midlands,RWE,UNIVERSITY HOSPITALS OF LEICESTER NHS TRUST,10236,12717,0.805,36,5,20,3,"Jan, Feb, Mar",,Yes
Q4 (2024/25),Cancer,28 Days FDS,London,RQM,CHELSEA AND WESTMINSTER HOSPITAL NHS FOUNDATION TRUST,5953,7408,0.804,39,7,17,3,"Jan, Feb, Mar",,Yes
Q4 (2024/25),Cancer,28 Days FDS,South West,RVJ,NORTH BRISTOL NHS TRUST,7349,9136,0.804,39,5,13,3,"Jan, Feb, Mar",,Yes
Q4 (2024/25),Cancer,28 Days FDS,London,RJ1,GUY'S AND ST THOMAS' NHS FOUNDATION TRUST,6054,7600,0.797,41,8,17,3,"Jan, Feb, Mar",,Yes
Q4 (2024/25),Cancer,28 Days FDS,London,RF4,"BARKING, HAVERING AND REDBRIDGE UNIVERSITY HOSPITALS NHS TRUST",6078,7640,0.796,42,9,17,3,"Jan, Feb, Mar",,Yes
Q4 (2024/25),Cancer,28 Days FDS,North East,RFF,BARNSLEY HOSPITAL NHS FOUNDATION TRUST,2457,3085,0.796,42,9,21,3,"Jan, Feb, Mar",,Yes
Q4 (2024/25),Cancer,28 Days FDS,North East,RR7,GATESHEAD HEALTH NHS FOUNDATION TRUST,3181,4009,0.793,44,10,21,3,"Jan, Feb, Mar",,Yes
Q4 (2024/25),Cancer,28 Days FDS,North West,RWJ,STOCKPORT NHS FOUNDATION TRUST,2637,3324,0.793,44,7,17,3,"Jan, Feb, Mar",,Yes
Q4 (2024/25),Cancer,28 Days FDS,Midlands,RL4,THE ROYAL WOLVERHAMPTON NHS TRUST,4689,5910,0.793,44,6,20,3,"Jan, Feb, Mar",,Yes
Q4 (2024/25),Cancer,28 Days FDS,South West,RA9,TORBAY AND SOUTH DEVON NHS FOUNDATION TRUST,4304,5437,0.792,47,6,13,3,"Jan, Feb, Mar",,Yes
Q4 (2024/25),Cancer,28 Days FDS,London,RQX,HOMERTON HEALTHCARE NHS FOUNDATION TRUST,3310,4193,0.789,48,10,17,3,"Jan, Feb, Mar",,Yes
Q4 (2024/25),Cancer,28 Days FDS,East,RGN,NORTH WEST ANGLIA NHS FOUNDATION TRUST,5046,6392,0.789,48,3,13,3,"Jan, Feb, Mar",,Yes
Q4 (2024/25),Cancer,28 Days FDS,South East,RN5,HAMPSHIRE HOSPITALS NHS FOUNDATION TRUST,4858,6171,0.787,50,8,17,3,"Jan, Feb, Mar",,Yes
Q4 (2024/25),Cancer,28 Days FDS,Midlands,RWP,WORCESTERSHIRE ACUTE HOSPITALS NHS TRUST,5884,7484,0.786,51,7,20,3,"Jan, Feb, Mar",,Yes
Q4 (2024/25),Cancer,28 Days FDS,North East,RP5,DONCASTER AND BASSETLAW TEACHING HOSPITALS NHS FOUNDATION TRUST,4167,5308,0.785,52,11,21,3,"Jan, Feb, Mar",,Yes
Q4 (2024/25),Cancer,28 Days FDS,North East,RVW,NORTH TEES AND HARTLEPOOL NHS FOUNDATION TRUST,3638,4640,0.784,53,12,21,3,"Jan, Feb, Mar",,Yes
Q4 (2024/25),Cancer,28 Days FDS,Midlands,RJC,SOUTH WARWICKSHIRE UNIVERSITY NHS FOUNDATION TRUST,3506,4471,0.784,53,8,20,3,"Jan, Feb, Mar",,Yes
Q4 (2024/25),Cancer,28 Days FDS,London,RAS,THE HILLINGDON HOSPITALS NHS FOUNDATION TRUST,2819,3610,0.781,55,11,17,3,"Jan, Feb, Mar",,Yes
Q4 (2024/25),Cancer,28 Days FDS,North East,RTD,THE NEWCASTLE UPON TYNE HOSPITALS NHS FOUNDATION TRUST,6059,7756,0.781,55,13,21,3,"Jan, Feb, Mar",,Yes
Q4 (2024/25),Cancer,28 Days FDS,South East,RWF,MAIDSTONE AND TUNBRIDGE WELLS NHS TRUST,4946,6343,0.78,57,9,17,3,"Jan, Feb, Mar",,Yes
Q4 (2024/25),Cancer,28 Days FDS,South West,R0D,UNIVERSITY HOSPITALS DORSET NHS FOUNDATION TRUST,6769,8673,0.78,57,7,13,3,"Jan, Feb, Mar",,Yes
Q4 (2024/25),Cancer,28 Days FDS,South East,RTH,OXFORD UNIVERSITY HOSPITALS NHS FOUNDATION TRUST,7255,9315,0.779,59,10,17,3,"Jan, Feb, Mar",,Yes
Q4 (2024/25),Cancer,28 Days FDS,South West,RA7,UNIVERSITY HOSPITALS BRISTOL AND WESTON NHS FOUNDATION TRUST,4405,5658,0.779,59,8,13,3,"Jan, Feb, Mar",,Yes
Q4 (2024/25),Cancer,28 Days FDS,Midlands,RWD,UNITED LINCOLNSHIRE TEACHING HOSPITALS NHS TRUST                     ,6556,8431,0.778,61,9,20,3,"Jan, Feb, Mar",,Yes
Q4 (2024/25),Cancer,28 Days FDS,London,R1H,BARTS HEALTH NHS TRUST,7844,10089,0.777,62,12,17,3,"Jan, Feb, Mar",,Yes
Q4 (2024/25),Cancer,28 Days FDS,North West,RXR,EAST LANCASHIRE HOSPITALS NHS TRUST,5011,6446,0.777,62,8,17,3,"Jan, Feb, Mar",,Yes
Q4 (2024/25),Cancer,28 Days FDS,North East,R0B,SOUTH TYNESIDE AND SUNDERLAND NHS FOUNDATION TRUST,3349,4312,0.777,62,14,21,3,"Jan, Feb, Mar",,Yes
Q4 (2024/25),Cancer,28 Days FDS,Midlands,RLQ,WYE VALLEY NHS TRUST,2217,2859,0.775,65,10,20,3,"Jan, Feb, Mar",,Yes
Q4 (2024/25),Cancer,28 Days FDS,East,RM1,NORFOLK AND NORWICH UNIVERSITY HOSPITALS NHS FOUNDATION TRUST,8290,10704,0.774,66,4,13,3,"Jan, Feb, Mar",,Yes
Q4 (2024/25),Cancer,28 Days FDS,South East,RYR,UNIVERSITY HOSPITALS SUSSEX NHS FOUNDATION TRUST,13243,17109,0.774,66,11,17,3,"Jan, Feb, Mar",,Yes
Q4 (2024/25),Cancer,28 Days FDS,London,R1K,LONDON NORTH WEST UNIVERSITY HEALTHCARE NHS TRUST,7189,9317,0.772,68,13,17,3,"Jan, Feb, Mar",,Yes
Q4 (2024/25),Cancer,28 Days FDS,South West,RTE,GLOUCESTERSHIRE HOSPITALS NHS FOUNDATION TRUST,6220,8068,0.771,69,9,13,3,"Jan, Feb, Mar",,Yes
Q4 (2024/25),Cancer,28 Days FDS,Midlands,RX1,NOTTINGHAM UNIVERSITY HOSPITALS NHS TRUST,6684,8709,0.767,70,11,20,3,"Jan, Feb, Mar",,Yes
Q4 (2024/25),Cancer,28 Days FDS,South East,RHU,PORTSMOUTH HOSPITALS UNIVERSITY NATIONAL HEALTH SERVICE TRUST,6154,8019,0.767,70,12,17,3,"Jan, Feb, Mar",,Yes
Q4 (2024/25),Cancer,28 Days FDS,Midlands,RXK,SANDWELL AND WEST BIRMINGHAM HOSPITALS NHS TRUST,3594,4690,0.766,72,12,20,3,"Jan, Feb, Mar",,Yes
Q4 (2024/25),Cancer,28 Days FDS,Midlands,RRK,UNIVERSITY HOSPITALS BIRMINGHAM NHS FOUNDATION TRUST,9626,12566,0.766,72,12,20,3,"Jan, Feb, Mar",,Yes
Q4 (2024/25),Cancer,28 Days FDS,North West,RM3,NORTHERN CARE ALLIANCE NHS FOUNDATION TRUST,8785,11486,0.765,74,9,17,3,"Jan, Feb, Mar",,Yes
Q4 (2024/25),Cancer,28 Days FDS,Midlands,RK5,SHERWOOD FOREST HOSPITALS NHS FOUNDATION TRUST,3947,5164,0.764,75,14,20,3,"Jan, Feb, Mar",,Yes
Q4 (2024/25),Cancer,28 Days FDS,East,RWH,EAST AND NORTH HERTFORDSHIRE NHS TRUST,3701,4852,0.763,76,5,13,3,"Jan, Feb, Mar",,Yes
Q4 (2024/25),Cancer,28 Days FDS,South West,RNZ,SALISBURY NHS FOUNDATION TRUST,2794,3660,0.763,76,10,13,3,"Jan, Feb, Mar",,Yes
Q4 (2024/25),Cancer,28 Days FDS,London,RJZ,KING'S COLLEGE HOSPITAL NHS FOUNDATION TRUST,7386,9697,0.762,78,14,17,3,"Jan, Feb, Mar",,Yes
Q4 (2024/25),Cancer,28 Days FDS,South West,RBD,DORSET COUNTY HOSPITAL NHS FOUNDATION TRUST,2445,3212,0.761,79,11,13,3,"Jan, Feb, Mar",,Yes
Q4 (2024/25),Cancer,28 Days FDS,North West,RJN,EAST CHESHIRE NHS TRUST,1700,2234,0.761,79,10,17,3,"Jan, Feb, Mar",,Yes
Q4 (2024/25),Cancer,28 Days FDS,South East,RN7,DARTFORD AND GRAVESHAM NHS TRUST,2423,3189,0.76,81,13,17,3,"Jan, Feb, Mar",,Yes
Q4 (2024/25),Cancer,28 Days FDS,North East,RCD,HARROGATE AND DISTRICT NHS FOUNDATION TRUST,2862,3764,0.76,81,15,21,3,"Jan, Feb, Mar",,Yes
Q4 (2024/25),Cancer,28 Days FDS,East,RDE,EAST SUFFOLK AND NORTH ESSEX NHS FOUNDATION TRUST,9993,13199,0.757,83,6,13,3,"Jan, Feb, Mar",,Yes
Q4 (2024/25),Cancer,28 Days FDS,North East,RWA,HULL UNIVERSITY TEACHING HOSPITALS NHS TRUST,5877,7776,0.756,84,16,21,3,"Jan, Feb, Mar",,Yes
Q4 (2024/25),Cancer,28 Days FDS,Midlands,RFS,CHESTERFIELD ROYAL HOSPITAL NHS FOUNDATION TRUST,2881,3816,0.755,85,15,20,3,"Jan, Feb, Mar",,Yes
Q4 (2024/25),Cancer,28 Days FDS,North West,RXL,BLACKPOOL TEACHING HOSPITALS NHS FOUNDATION TRUST,4437,5890,0.753,86,11,17,3,"Jan, Feb, Mar",,Yes
Q4 (2024/25),Cancer,28 Days FDS,East,RGR,WEST SUFFOLK NHS FOUNDATION TRUST,3034,4028,0.753,86,7,13,3,"Jan, Feb, Mar",,Yes
Q4 (2024/25),Cancer,28 Days FDS,South West,RH5,SOMERSET NHS FOUNDATION TRUST,5358,7123,0.752,88,12,13,3,"Jan, Feb, Mar",,Yes
Q4 (2024/25),Cancer,28 Days FDS,North West,RBN,MERSEY AND WEST LANCASHIRE TEACHING HOSPITALS NHS TRUST,7004,9327,0.751,89,12,17,3,"Jan, Feb, Mar",,Yes
Q4 (2024/25),Cancer,28 Days FDS,East,RD8,MILTON KEYNES UNIVERSITY HOSPITAL NHS FOUNDATION TRUST,3454,4603,0.75,90,8,13,3,"Jan, Feb, Mar",,Yes
Q4 (2024/25),Cancer,28 Days FDS,Midlands,RKB,UNIVERSITY HOSPITALS COVENTRY AND WARWICKSHIRE NHS TRUST,5508,7385,0.746,91,16,20,3,"Jan, Feb, Mar",,Yes
Q4 (2024/25),Cancer,28 Days FDS,South East,RXQ,BUCKINGHAMSHIRE HEALTHCARE NHS TRUST,5093,6837,0.745,92,14,17,3,"Jan, Feb, Mar",,Yes
Q4 (2024/25),Cancer,28 Days FDS,East,RGP,JAMES PAGET UNIVERSITY HOSPITALS NHS FOUNDATION TRUST,2229,2991,0.745,92,9,13,3,"Jan, Feb, Mar",,Yes
Q4 (2024/25),Cancer,28 Days FDS,Midlands,RJE,UNIVERSITY HOSPITALS OF NORTH MIDLANDS NHS TRUST,8073,10866,0.743,94,17,20,3,"Jan, Feb, Mar",,Yes
Q4 (2024/25),Cancer,28 Days FDS,North West,R0A,MANCHESTER UNIVERSITY NHS FOUNDATION TRUST,12291,16580,0.741,95,13,17,3,"Jan, Feb, Mar",,Yes
Q4 (2024/25),Cancer,28 Days FDS,North East,RHQ,SHEFFIELD TEACHING HOSPITALS NHS FOUNDATION TRUST,5230,7060,0.741,95,17,21,3,"Jan, Feb, Mar",,Yes
Q4 (2024/25),Cancer,28 Days FDS,East,RC9,BEDFORDSHIRE HOSPITALS NHS FOUNDATION TRUST,5618,7588,0.74,97,10,13,3,"Jan, Feb, Mar",,Yes
Q4 (2024/25),Cancer,28 Days FDS,Midlands,RTG,UNIVERSITY HOSPITALS OF DERBY AND BURTON NHS FOUNDATION TRUST,8644,11692,0.739,98,18,20,3,"Jan, Feb, Mar",,Yes
Q4 (2024/25),Cancer,28 Days FDS,South East,RVV,EAST KENT HOSPITALS UNIVERSITY NHS FOUNDATION TRUST,8834,11987,0.737,99,15,17,3,"Jan, Feb, Mar",,Yes
Q4 (2024/25),Cancer,28 Days FDS,London,RJ2,LEWISHAM AND GREENWICH NHS TRUST,6541,8923,0.733,100,15,17,3,"Jan, Feb, Mar",,Yes
Q4 (2024/25),Cancer,28 Days FDS,London,RAL,ROYAL FREE LONDON NHS FOUNDATION TRUST,12199,16700,0.73,101,16,17,3,"Jan, Feb, Mar",,Yes
Q4 (2024/25),Cancer,28 Days FDS,North East,RTR,SOUTH TEES HOSPITALS NHS FOUNDATION TRUST,3373,4622,0.73,101,18,21,3,"Jan, Feb, Mar",,Yes
Q4 (2024/25),Cancer,28 Days FDS,Midlands,RLT,GEORGE ELIOT HOSPITAL NHS TRUST,1282,1759,0.729,103,19,20,3,"Jan, Feb, Mar",,Yes
Q4 (2024/25),Cancer,28 Days FDS,North West,RWW,WARRINGTON AND HALTON TEACHING HOSPITALS NHS FOUNDATION TRUST,2059,2845,0.724,104,14,17,3,"Jan, Feb, Mar",,Yes
Q4 (2024/25),Cancer,28 Days FDS,North West,RBT,MID CHESHIRE HOSPITALS NHS FOUNDATION TRUST,3767,5224,0.721,105,15,17,3,"Jan, Feb, Mar",,Yes
Q4 (2024/25),Cancer,28 Days FDS,South East,R1F,ISLE OF WIGHT NHS TRUST,1373,1907,0.72,106,16,17,3,"Jan, Feb, Mar",,Yes
Q4 (2024/25),Cancer,28 Days FDS,North East,RNN,NORTH CUMBRIA INTEGRATED CARE NHS FOUNDATION TRUST,3110,4325,0.719,107,19,21,3,"Jan, Feb, Mar",,Yes
Q4 (2024/25),Cancer,28 Days FDS,South West,RD1,ROYAL UNITED HOSPITALS BATH NHS FOUNDATION TRUST,4203,5859,0.717,108,13,13,3,"Jan, Feb, Mar",,Yes
Q4 (2024/25),Cancer,28 Days FDS,North West,RBL,WIRRAL UNIVERSITY TEACHING HOSPITAL NHS FOUNDATION TRUST,3992,5579,0.716,109,16,17,3,"Jan, Feb, Mar",,Yes
Q4 (2024/25),Cancer,28 Days FDS,London,RKE,WHITTINGTON HEALTH NHS TRUST,2230,3139,0.71,110,17,17,3,"Jan, Feb, Mar",,Yes
Q4 (2024/25),Cancer,28 Days FDS,East,RQW,THE PRINCESS ALEXANDRA HOSPITAL NHS TRUST,3604,5128,0.703,111,11,13,3,"Jan, Feb, Mar",,Yes
Q4 (2024/25),Cancer,28 Days FDS,East,RCX,"THE QUEEN ELIZABETH HOSPITAL, KING'S LYNN, NHS FOUNDATION TRUST",2762,4003,0.69,112,12,13,3,"Jan, Feb, Mar",,Yes
Q4 (2024/25),Cancer,28 Days FDS,North East,RCB,YORK AND SCARBOROUGH TEACHING HOSPITALS NHS FOUNDATION TRUST,4095,6004,0.682,113,20,21,3,"Jan, Feb, Mar",,Yes
Q4 (2024/25),Cancer,28 Days FDS,North West,REM,LIVERPOOL UNIVERSITY HOSPITALS NHS FOUNDATION TRUST,7488,11031,0.679,114,17,17,3,"Jan, Feb, Mar",,Yes
Q4 (2024/25),Cancer,28 Days FDS,South East,RPA,MEDWAY NHS FOUNDATION TRUST,3101,4633,0.669,115,17,17,3,"Jan, Feb, Mar",,Yes
Q4 (2024/25),Cancer,28 Days FDS,North East,RJL,NORTHERN LINCOLNSHIRE AND GOOLE NHS FOUNDATION TRUST,2459,3793,0.648,116,21,21,3,"Jan, Feb, Mar",,Yes
Q4 (2024/25),Cancer,28 Days FDS,East,RAJ,MID AND SOUTH ESSEX NHS FOUNDATION TRUST,11742,18194,0.645,117,13,13,3,"Jan, Feb, Mar",,Yes
Q4 (2024/25),Cancer,28 Days FDS,Midlands,RXW,THE SHREWSBURY AND TELFORD HOSPITAL NHS TRUST,5705,9236,0.618,118,20,20,3,"Jan, Feb, Mar",,Yes
Q4 (2024/25),Cancer,31 Days,Midlands,RLT,GEORGE ELIOT HOSPITAL NHS TRUST,189,189,1,1,1,20,3,"Jan, Feb, Mar",,Yes
Q4 (2024/25),Cancer,31 Days,East,RGR,WEST SUFFOLK NHS FOUNDATION TRUST,747,751,0.995,2,1,13,3,"Jan, Feb, Mar",,Yes
Q4 (2024/25),Cancer,31 Days,North East,RR7,GATESHEAD HEALTH NHS FOUNDATION TRUST,624,628,0.994,3,1,21,3,"Jan, Feb, Mar",,Yes
Q4 (2024/25),Cancer,31 Days,London,R1K,LONDON NORTH WEST UNIVERSITY HEALTHCARE NHS TRUST,531,534,0.994,3,1,17,3,"Jan, Feb, Mar",,Yes
Q4 (2024/25),Cancer,31 Days,North West,RWW,WARRINGTON AND HALTON TEACHING HOSPITALS NHS FOUNDATION TRUST,233,235,0.991,5,1,17,3,"Jan, Feb, Mar",,Yes
Q4 (2024/25),Cancer,31 Days,Midlands,RBK,WALSALL HEALTHCARE NHS TRUST,266,269,0.989,6,2,20,3,"Jan, Feb, Mar",,Yes
Q4 (2024/25),Cancer,31 Days,North West,RJN,EAST CHESHIRE NHS TRUST,245,248,0.988,7,2,17,3,"Jan, Feb, Mar",,Yes
Q4 (2024/25),Cancer,31 Days,North East,RCD,HARROGATE AND DISTRICT NHS FOUNDATION TRUST,564,571,0.988,7,2,21,3,"Jan, Feb, Mar",,Yes
Q4 (2024/25),Cancer,31 Days,London,RQX,HOMERTON HEALTHCARE NHS FOUNDATION TRUST,164,166,0.988,7,2,17,3,"Jan, Feb, Mar",,Yes
Q4 (2024/25),Cancer,31 Days,London,RAX,KINGSTON AND RICHMOND NHS FOUNDATION TRUST,420,425,0.988,7,2,17,3,"Jan, Feb, Mar",,Yes
Q4 (2024/25),Cancer,31 Days,North West,RMC,BOLTON NHS FOUNDATION TRUST,377,382,0.987,11,3,17,3,"Jan, Feb, Mar",,Yes
Q4 (2024/25),Cancer,31 Days,North East,RFR,THE ROTHERHAM NHS FOUNDATION TRUST,315,319,0.987,11,3,21,3,"Jan, Feb, Mar",,Yes
Q4 (2024/25),Cancer,31 Days,London,RVR,EPSOM AND ST HELIER UNIVERSITY HOSPITALS NHS TRUST,292,296,0.986,13,4,17,3,"Jan, Feb, Mar",,Yes
Q4 (2024/25),Cancer,31 Days,North East,RP5,DONCASTER AND BASSETLAW TEACHING HOSPITALS NHS FOUNDATION TRUST,649,660,0.983,14,4,21,3,"Jan, Feb, Mar",,Yes
Q4 (2024/25),Cancer,31 Days,North West,RTX,UNIVERSITY HOSPITALS OF MORECAMBE BAY NHS FOUNDATION TRUST,900,919,0.979,15,4,17,3,"Jan, Feb, Mar",,Yes
Q4 (2024/25),Cancer,31 Days,North East,RWY,CALDERDALE AND HUDDERSFIELD NHS FOUNDATION TRUST,844,863,0.978,16,5,21,3,"Jan, Feb, Mar",,Yes
Q4 (2024/25),Cancer,31 Days,London,RJ6,CROYDON HEALTH SERVICES NHS TRUST,258,264,0.977,17,5,17,3,"Jan, Feb, Mar",,Yes
Q4 (2024/25),Cancer,31 Days,South East,RN7,DARTFORD AND GRAVESHAM NHS TRUST,501,514,0.975,18,1,17,3,"Jan, Feb, Mar",,Yes
Q4 (2024/25),Cancer,31 Days,East,RWG,WEST HERTFORDSHIRE TEACHING HOSPITALS NHS TRUST,582,597,0.975,18,2,13,3,"Jan, Feb, Mar",,Yes
Q4 (2024/25),Cancer,31 Days,South East,RTP,SURREY AND SUSSEX HEALTHCARE NHS TRUST,604,620,0.974,20,2,17,3,"Jan, Feb, Mar",,Yes
Q4 (2024/25),Cancer,31 Days,North East,RCF,AIREDALE NHS FOUNDATION TRUST,361,371,0.973,21,6,21,3,"Jan, Feb, Mar",,Yes
Q4 (2024/25),Cancer,31 Days,London,RF4,"BARKING, HAVERING AND REDBRIDGE UNIVERSITY HOSPITALS NHS TRUST",1207,1240,0.973,21,6,17,3,"Jan, Feb, Mar",,Yes
Q4 (2024/25),Cancer,31 Days,North East,RTF,NORTHUMBRIA HEALTHCARE NHS FOUNDATION TRUST,731,751,0.973,21,6,21,3,"Jan, Feb, Mar",,Yes
Q4 (2024/25),Cancer,31 Days,North West,RMP,TAMESIDE AND GLOSSOP INTEGRATED CARE NHS FOUNDATION TRUST,249,256,0.973,21,5,17,3,"Jan, Feb, Mar",,Yes
Q4 (2024/25),Cancer,31 Days,North East,R0B,SOUTH TYNESIDE AND SUNDERLAND NHS FOUNDATION TRUST,1065,1097,0.971,25,8,21,3,"Jan, Feb, Mar",,Yes
Q4 (2024/25),Cancer,31 Days,South West,RA7,UNIVERSITY HOSPITALS BRISTOL AND WESTON NHS FOUNDATION TRUST,2348,2417,0.971,25,1,13,3,"Jan, Feb, Mar",,Yes
Q4 (2024/25),Cancer,31 Days,South East,RWF,MAIDSTONE AND TUNBRIDGE WELLS NHS TRUST,2276,2349,0.969,27,3,17,3,"Jan, Feb, Mar",,Yes
Q4 (2024/25),Cancer,31 Days,London,RYJ,IMPERIAL COLLEGE HEALTHCARE NHS TRUST,2289,2364,0.968,28,7,17,3,"Jan, Feb, Mar",,Yes
Q4 (2024/25),Cancer,31 Days,North East,RCB,YORK AND SCARBOROUGH TEACHING HOSPITALS NHS FOUNDATION TRUST,1293,1336,0.968,28,9,21,3,"Jan, Feb, Mar",,Yes
Q4 (2024/25),Cancer,31 Days,North East,RXF,MID YORKSHIRE TEACHING NHS TRUST,1113,1151,0.967,30,10,21,3,"Jan, Feb, Mar",,Yes
Q4 (2024/25),Cancer,31 Days,Midlands,RKB,UNIVERSITY HOSPITALS COVENTRY AND WARWICKSHIRE NHS TRUST,1923,1988,0.967,30,3,20,3,"Jan, Feb, Mar",,Yes
Q4 (2024/25),Cancer,31 Days,London,R1H,BARTS HEALTH NHS TRUST,1498,1550,0.966,32,8,17,3,"Jan, Feb, Mar",,Yes
Q4 (2024/25),Cancer,31 Days,London,RQM,CHELSEA AND WESTMINSTER HOSPITAL NHS FOUNDATION TRUST,463,480,0.965,33,9,17,3,"Jan, Feb, Mar",,Yes
Q4 (2024/25),Cancer,31 Days,East,RWH,EAST AND NORTH HERTFORDSHIRE NHS TRUST,2636,2731,0.965,33,3,13,3,"Jan, Feb, Mar",,Yes
Q4 (2024/25),Cancer,31 Days,East,RD8,MILTON KEYNES UNIVERSITY HOSPITAL NHS FOUNDATION TRUST,660,685,0.964,35,4,13,3,"Jan, Feb, Mar",,Yes
Q4 (2024/25),Cancer,31 Days,South East,RA2,ROYAL SURREY COUNTY HOSPITAL NHS FOUNDATION TRUST,2831,2948,0.96,36,4,17,3,"Jan, Feb, Mar",,Yes
Q4 (2024/25),Cancer,31 Days,South East,RXC,EAST SUSSEX HEALTHCARE NHS TRUST,874,911,0.959,37,5,17,3,"Jan, Feb, Mar",,Yes
Q4 (2024/25),Cancer,31 Days,North East,RNN,NORTH CUMBRIA INTEGRATED CARE NHS FOUNDATION TRUST,425,443,0.959,37,11,21,3,"Jan, Feb, Mar",,Yes
Q4 (2024/25),Cancer,31 Days,North West,RXL,BLACKPOOL TEACHING HOSPITALS NHS FOUNDATION TRUST,496,518,0.958,39,6,17,3,"Jan, Feb, Mar",,Yes
Q4 (2024/25),Cancer,31 Days,South West,RH5,SOMERSET NHS FOUNDATION TRUST,1893,1977,0.958,39,2,13,3,"Jan, Feb, Mar",,Yes
Q4 (2024/25),Cancer,31 Days,South East,RTK,ASHFORD AND ST PETER'S HOSPITALS NHS FOUNDATION TRUST,488,510,0.957,41,6,17,3,"Jan, Feb, Mar",,Yes
Q4 (2024/25),Cancer,31 Days,North East,RVW,NORTH TEES AND HARTLEPOOL NHS FOUNDATION TRUST,594,621,0.957,41,12,21,3,"Jan, Feb, Mar",,Yes
Q4 (2024/25),Cancer,31 Days,London,RJ7,ST GEORGE'S UNIVERSITY HOSPITALS NHS FOUNDATION TRUST,1216,1271,0.957,41,10,17,3,"Jan, Feb, Mar",,Yes
Q4 (2024/25),Cancer,31 Days,East,RC9,BEDFORDSHIRE HOSPITALS NHS FOUNDATION TRUST,954,999,0.955,44,5,13,3,"Jan, Feb, Mar",,Yes
Q4 (2024/25),Cancer,31 Days,London,RJ2,LEWISHAM AND GREENWICH NHS TRUST,316,331,0.955,44,11,17,3,"Jan, Feb, Mar",,Yes
Q4 (2024/25),Cancer,31 Days,London,RAS,THE HILLINGDON HOSPITALS NHS FOUNDATION TRUST,300,314,0.955,44,11,17,3,"Jan, Feb, Mar",,Yes
Q4 (2024/25),Cancer,31 Days,London,RKE,WHITTINGTON HEALTH NHS TRUST,149,156,0.955,44,11,17,3,"Jan, Feb, Mar",,Yes
Q4 (2024/25),Cancer,31 Days,South East,RPA,MEDWAY NHS FOUNDATION TRUST,517,542,0.954,48,7,17,3,"Jan, Feb, Mar",,Yes
Q4 (2024/25),Cancer,31 Days,London,RRV,UNIVERSITY COLLEGE LONDON HOSPITALS NHS FOUNDATION TRUST,1823,1911,0.954,48,14,17,3,"Jan, Feb, Mar",,Yes
Q4 (2024/25),Cancer,31 Days,South East,RVV,EAST KENT HOSPITALS UNIVERSITY NHS FOUNDATION TRUST,1763,1850,0.953,50,8,17,3,"Jan, Feb, Mar",,Yes
Q4 (2024/25),Cancer,31 Days,North West,RRF,"WRIGHTINGTON, WIGAN AND LEIGH NHS FOUNDATION TRUST",345,362,0.953,50,7,17,3,"Jan, Feb, Mar",,Yes
Q4 (2024/25),Cancer,31 Days,North East,RAE,BRADFORD TEACHING HOSPITALS NHS FOUNDATION TRUST,635,667,0.952,52,13,21,3,"Jan, Feb, Mar",,Yes
Q4 (2024/25),Cancer,31 Days,South West,R0D,UNIVERSITY HOSPITALS DORSET NHS FOUNDATION TRUST,2099,2208,0.951,53,3,13,3,"Jan, Feb, Mar",,Yes
Q4 (2024/25),Cancer,31 Days,South East,RHU,PORTSMOUTH HOSPITALS UNIVERSITY NATIONAL HEALTH SERVICE TRUST,2446,2575,0.95,54,9,17,3,"Jan, Feb, Mar",,Yes
Q4 (2024/25),Cancer,31 Days,North East,RJL,NORTHERN LINCOLNSHIRE AND GOOLE NHS FOUNDATION TRUST,593,626,0.947,55,14,21,3,"Jan, Feb, Mar",,Yes
Q4 (2024/25),Cancer,31 Days,North East,RFF,BARNSLEY HOSPITAL NHS FOUNDATION TRUST,296,314,0.943,56,15,21,3,"Jan, Feb, Mar",,Yes
Q4 (2024/25),Cancer,31 Days,North West,RXR,EAST LANCASHIRE HOSPITALS NHS TRUST,1131,1200,0.942,57,8,17,3,"Jan, Feb, Mar",,Yes
Q4 (2024/25),Cancer,31 Days,South West,RNZ,SALISBURY NHS FOUNDATION TRUST,488,518,0.942,57,4,13,3,"Jan, Feb, Mar",,Yes
Q4 (2024/25),Cancer,31 Days,South West,RTE,GLOUCESTERSHIRE HOSPITALS NHS FOUNDATION TRUST,2190,2328,0.941,59,5,13,3,"Jan, Feb, Mar",,Yes
Q4 (2024/25),Cancer,31 Days,South East,RHM,UNIVERSITY HOSPITAL SOUTHAMPTON NHS FOUNDATION TRUST,3109,3311,0.939,60,10,17,3,"Jan, Feb, Mar",,Yes
Q4 (2024/25),Cancer,31 Days,South West,RBD,DORSET COUNTY HOSPITAL NHS FOUNDATION TRUST,315,336,0.938,61,6,13,2,"Feb, Mar",Jan,No
Q4 (2024/25),Cancer,31 Days,South West,RK9,UNIVERSITY HOSPITALS PLYMOUTH NHS TRUST,2221,2369,0.938,61,6,13,3,"Jan, Feb, Mar",,Yes
Q4 (2024/25),Cancer,31 Days,London,RJZ,KING'S COLLEGE HOSPITAL NHS FOUNDATION TRUST,1000,1068,0.936,63,15,17,3,"Jan, Feb, Mar",,Yes
Q4 (2024/25),Cancer,31 Days,North West,RJR,COUNTESS OF CHESTER HOSPITAL NHS FOUNDATION TRUST,434,464,0.935,64,9,17,3,"Jan, Feb, Mar",,Yes
Q4 (2024/25),Cancer,31 Days,East,RGP,JAMES PAGET UNIVERSITY HOSPITALS NHS FOUNDATION TRUST,531,568,0.935,64,6,13,3,"Jan, Feb, Mar",,Yes
Q4 (2024/25),Cancer,31 Days,Midlands,RNQ,KETTERING GENERAL HOSPITAL NHS FOUNDATION TRUST,550,590,0.932,66,4,20,3,"Jan, Feb, Mar",,Yes
Q4 (2024/25),Cancer,31 Days,East,RCX,"THE QUEEN ELIZABETH HOSPITAL, KING'S LYNN, NHS FOUNDATION TRUST",463,497,0.932,66,7,13,3,"Jan, Feb, Mar",,Yes
Q4 (2024/25),Cancer,31 Days,Midlands,RJE,UNIVERSITY HOSPITALS OF NORTH MIDLANDS NHS TRUST,2085,2237,0.932,66,4,20,3,"Jan, Feb, Mar",,Yes
Q4 (2024/25),Cancer,31 Days,South East,RN5,HAMPSHIRE HOSPITALS NHS FOUNDATION TRUST,1019,1095,0.931,69,11,17,3,"Jan, Feb, Mar",,Yes
Q4 (2024/25),Cancer,31 Days,North West,RM3,NORTHERN CARE ALLIANCE NHS FOUNDATION TRUST,982,1055,0.931,69,10,17,3,"Jan, Feb, Mar",,Yes
Q4 (2024/25),Cancer,31 Days,South East,RHW,ROYAL BERKSHIRE NHS FOUNDATION TRUST,1431,1537,0.931,69,11,17,3,"Jan, Feb, Mar",,Yes
Q4 (2024/25),Cancer,31 Days,Midlands,RK5,SHERWOOD FOREST HOSPITALS NHS FOUNDATION TRUST,339,364,0.931,69,6,20,3,"Jan, Feb, Mar",,Yes
Q4 (2024/25),Cancer,31 Days,South West,RH8,ROYAL DEVON UNIVERSITY HEALTHCARE NHS FOUNDATION TRUST,2323,2499,0.93,73,8,13,3,"Jan, Feb, Mar",,Yes
Q4 (2024/25),Cancer,31 Days,Midlands,RXW,THE SHREWSBURY AND TELFORD HOSPITAL NHS TRUST,1650,1775,0.93,73,7,20,3,"Jan, Feb, Mar",,Yes
Q4 (2024/25),Cancer,31 Days,South West,RN3,GREAT WESTERN HOSPITALS NHS FOUNDATION TRUST,637,688,0.926,75,9,13,3,"Jan, Feb, Mar",,Yes
Q4 (2024/25),Cancer,31 Days,Midlands,RNS,NORTHAMPTON GENERAL HOSPITAL NHS TRUST,1313,1422,0.923,76,8,20,3,"Jan, Feb, Mar",,Yes
Q4 (2024/25),Cancer,31 Days,East,RDE,EAST SUFFOLK AND NORTH ESSEX NHS FOUNDATION TRUST,2378,2583,0.921,77,8,13,3,"Jan, Feb, Mar",,Yes
Q4 (2024/25),Cancer,31 Days,Midlands,RNA,THE DUDLEY GROUP NHS FOUNDATION TRUST,745,810,0.92,78,9,20,3,"Jan, Feb, Mar",,Yes
Q4 (2024/25),Cancer,31 Days,North West,RBN,MERSEY AND WEST LANCASHIRE TEACHING HOSPITALS NHS TRUST,1409,1535,0.918,79,11,17,3,"Jan, Feb, Mar",,Yes
Q4 (2024/25),Cancer,31 Days,South East,R1F,ISLE OF WIGHT NHS TRUST,286,312,0.917,80,13,17,3,"Jan, Feb, Mar",,Yes
Q4 (2024/25),Cancer,31 Days,South West,RA9,TORBAY AND SOUTH DEVON NHS FOUNDATION TRUST,1009,1100,0.917,80,10,13,3,"Jan, Feb, Mar",,Yes
Q4 (2024/25),Cancer,31 Days,North East,RXP,COUNTY DURHAM AND DARLINGTON NHS FOUNDATION TRUST,652,712,0.916,82,16,21,3,"Jan, Feb, Mar",,Yes
Q4 (2024/25),Cancer,31 Days,Midlands,RLQ,WYE VALLEY NHS TRUST,317,347,0.914,83,10,20,3,"Jan, Feb, Mar",,Yes
Q4 (2024/25),Cancer,31 Days,Midlands,RFS,CHESTERFIELD ROYAL HOSPITAL NHS FOUNDATION TRUST,478,524,0.912,84,11,20,3,"Jan, Feb, Mar",,Yes
Q4 (2024/25),Cancer,31 Days,South West,RD1,ROYAL UNITED HOSPITALS BATH NHS FOUNDATION TRUST,1145,1255,0.912,84,11,13,3,"Jan, Feb, Mar",,Yes
Q4 (2024/25),Cancer,31 Days,South East,RDU,FRIMLEY HEALTH NHS FOUNDATION TRUST,1139,1253,0.909,86,14,17,3,"Jan, Feb, Mar",,Yes
Q4 (2024/25),Cancer,31 Days,Midlands,RL4,THE ROYAL WOLVERHAMPTON NHS TRUST,1644,1813,0.907,87,12,20,3,"Jan, Feb, Mar",,Yes
Q4 (2024/25),Cancer,31 Days,London,RJ1,GUY'S AND ST THOMAS' NHS FOUNDATION TRUST,2745,3059,0.897,88,16,17,3,"Jan, Feb, Mar",,Yes
Q4 (2024/25),Cancer,31 Days,Midlands,RXK,SANDWELL AND WEST BIRMINGHAM HOSPITALS NHS TRUST,437,487,0.897,88,13,20,3,"Jan, Feb, Mar",,Yes
Q4 (2024/25),Cancer,31 Days,North West,RBL,WIRRAL UNIVERSITY TEACHING HOSPITAL NHS FOUNDATION TRUST,653,730,0.895,90,12,17,3,"Jan, Feb, Mar",,Yes
Q4 (2024/25),Cancer,31 Days,South West,RVJ,NORTH BRISTOL NHS TRUST,1214,1358,0.894,91,12,13,3,"Jan, Feb, Mar",,Yes
Q4 (2024/25),Cancer,31 Days,East,RQW,THE PRINCESS ALEXANDRA HOSPITAL NHS TRUST,377,422,0.893,92,9,13,3,"Jan, Feb, Mar",,Yes
Q4 (2024/25),Cancer,31 Days,North West,REM,LIVERPOOL UNIVERSITY HOSPITALS NHS FOUNDATION TRUST,1008,1133,0.89,93,13,17,3,"Jan, Feb, Mar",,Yes
Q4 (2024/25),Cancer,31 Days,South West,REF,ROYAL CORNWALL HOSPITALS NHS TRUST,1863,2093,0.89,93,13,13,3,"Jan, Feb, Mar",,Yes
Q4 (2024/25),Cancer,31 Days,North West,RWJ,STOCKPORT NHS FOUNDATION TRUST,346,389,0.889,95,14,17,3,"Jan, Feb, Mar",,Yes
Q4 (2024/25),Cancer,31 Days,Midlands,RX1,NOTTINGHAM UNIVERSITY HOSPITALS NHS TRUST,2583,2909,0.888,96,14,20,3,"Jan, Feb, Mar",,Yes
Q4 (2024/25),Cancer,31 Days,London,RAL,ROYAL FREE LONDON NHS FOUNDATION TRUST,2182,2470,0.883,97,17,17,3,"Jan, Feb, Mar",,Yes
Q4 (2024/25),Cancer,31 Days,Midlands,RJC,SOUTH WARWICKSHIRE UNIVERSITY NHS FOUNDATION TRUST,367,417,0.88,98,15,20,3,"Jan, Feb, Mar",,Yes
Q4 (2024/25),Cancer,31 Days,North West,RXN,LANCASHIRE TEACHING HOSPITALS NHS FOUNDATION TRUST,1967,2239,0.879,99,15,17,3,"Jan, Feb, Mar",,Yes
Q4 (2024/25),Cancer,31 Days,Midlands,RWP,WORCESTERSHIRE ACUTE HOSPITALS NHS TRUST,1456,1663,0.876,100,16,20,3,"Jan, Feb, Mar",,Yes
Q4 (2024/25),Cancer,31 Days,North East,RR8,LEEDS TEACHING HOSPITALS NHS TRUST,4099,4686,0.875,101,17,21,3,"Jan, Feb, Mar",,Yes
Q4 (2024/25),Cancer,31 Days,North West,RBT,MID CHESHIRE HOSPITALS NHS FOUNDATION TRUST,371,424,0.875,101,16,17,3,"Jan, Feb, Mar",,Yes
Q4 (2024/25),Cancer,31 Days,East,RGN,NORTH WEST ANGLIA NHS FOUNDATION TRUST,955,1094,0.873,103,10,13,3,"Jan, Feb, Mar",,Yes
Q4 (2024/25),Cancer,31 Days,North West,R0A,MANCHESTER UNIVERSITY NHS FOUNDATION TRUST,1600,1840,0.87,104,17,17,3,"Jan, Feb, Mar",,Yes
Q4 (2024/25),Cancer,31 Days,Midlands,RTG,UNIVERSITY HOSPITALS OF DERBY AND BURTON NHS FOUNDATION TRUST,2086,2403,0.868,105,17,20,3,"Jan, Feb, Mar",,Yes
Q4 (2024/25),Cancer,31 Days,Midlands,RRK,UNIVERSITY HOSPITALS BIRMINGHAM NHS FOUNDATION TRUST,3732,4305,0.867,106,18,20,3,"Jan, Feb, Mar",,Yes
Q4 (2024/25),Cancer,31 Days,Midlands,RWD,UNITED LINCOLNSHIRE TEACHING HOSPITALS NHS TRUST                     ,1664,1924,0.865,107,19,20,3,"Jan, Feb, Mar",,Yes
Q4 (2024/25),Cancer,31 Days,East,RM1,NORFOLK AND NORWICH UNIVERSITY HOSPITALS NHS FOUNDATION TRUST,1509,1775,0.85,108,11,13,3,"Jan, Feb, Mar",,Yes
Q4 (2024/25),Cancer,31 Days,South East,RXQ,BUCKINGHAMSHIRE HEALTHCARE NHS TRUST,640,767,0.834,109,15,17,3,"Jan, Feb, Mar",,Yes
Q4 (2024/25),Cancer,31 Days,North East,RTR,SOUTH TEES HOSPITALS NHS FOUNDATION TRUST,1607,1926,0.834,109,18,21,3,"Jan, Feb, Mar",,Yes
Q4 (2024/25),Cancer,31 Days,North East,RHQ,SHEFFIELD TEACHING HOSPITALS NHS FOUNDATION TRUST,3168,3917,0.809,111,19,21,3,"Jan, Feb, Mar",,Yes
Q4 (2024/25),Cancer,31 Days,East,RGT,CAMBRIDGE UNIVERSITY HOSPITALS NHS FOUNDATION TRUST,1977,2504,0.79,112,12,13,3,"Jan, Feb, Mar",,Yes
Q4 (2024/25),Cancer,31 Days,South East,RTH,OXFORD UNIVERSITY HOSPITALS NHS FOUNDATION TRUST,2588,3295,0.785,113,16,17,3,"Jan, Feb, Mar",,Yes
Q4 (2024/25),Cancer,31 Days,Midlands,RWE,UNIVERSITY HOSPITALS OF LEICESTER NHS TRUST,2031,2615,0.777,114,20,20,3,"Jan, Feb, Mar",,Yes
Q4 (2024/25),Cancer,31 Days,East,RAJ,MID AND SOUTH ESSEX NHS FOUNDATION TRUST,2165,2841,0.762,115,13,13,3,"Jan, Feb, Mar",,Yes
Q4 (2024/25),Cancer,31 Days,South East,RYR,UNIVERSITY HOSPITALS SUSSEX NHS FOUNDATION TRUST,2256,2966,0.761,116,17,17,3,"Jan, Feb, Mar",,Yes
Q4 (2024/25),Cancer,31 Days,North East,RWA,HULL UNIVERSITY TEACHING HOSPITALS NHS TRUST,2000,2676,0.747,117,20,21,3,"Jan, Feb, Mar",,Yes
Q4 (2024/25),Cancer,31 Days,North East,RTD,THE NEWCASTLE UPON TYNE HOSPITALS NHS FOUNDATION TRUST,3141,4255,0.738,118,21,21,3,"Jan, Feb, Mar",,Yes
Q4 (2024/25),Cancer,62 Days,North East,RWY,CALDERDALE AND HUDDERSFIELD NHS FOUNDATION TRUST,489.5,549.5,0.891,1,1,21,3,"Jan, Feb, Mar",,Yes
Q4 (2024/25),Cancer,62 Days,London,RQX,HOMERTON HEALTHCARE NHS FOUNDATION TRUST,168,194,0.866,2,1,17,3,"Jan, Feb, Mar",,Yes
Q4 (2024/25),Cancer,62 Days,London,RVR,EPSOM AND ST HELIER UNIVERSITY HOSPITALS NHS TRUST,311,360.5,0.863,3,2,17,3,"Jan, Feb, Mar",,Yes
Q4 (2024/25),Cancer,62 Days,South West,REF,ROYAL CORNWALL HOSPITALS NHS TRUST,850.5,996,0.854,4,1,13,3,"Jan, Feb, Mar",,Yes
Q4 (2024/25),Cancer,62 Days,London,RAX,KINGSTON AND RICHMOND NHS FOUNDATION TRUST,352,419,0.84,5,3,17,3,"Jan, Feb, Mar",,Yes
Q4 (2024/25),Cancer,62 Days,East,RWH,EAST AND NORTH HERTFORDSHIRE NHS TRUST,552.5,659,0.838,6,1,13,3,"Jan, Feb, Mar",,Yes
Q4 (2024/25),Cancer,62 Days,North West,RBN,MERSEY AND WEST LANCASHIRE TEACHING HOSPITALS NHS TRUST,832.5,998,0.834,7,1,17,3,"Jan, Feb, Mar",,Yes
Q4 (2024/25),Cancer,62 Days,South East,RWF,MAIDSTONE AND TUNBRIDGE WELLS NHS TRUST,508.5,613.5,0.829,8,1,17,3,"Jan, Feb, Mar",,Yes
Q4 (2024/25),Cancer,62 Days,North West,RMC,BOLTON NHS FOUNDATION TRUST,347,419.5,0.827,9,2,17,3,"Jan, Feb, Mar",,Yes
Q4 (2024/25),Cancer,62 Days,North East,RR7,GATESHEAD HEALTH NHS FOUNDATION TRUST,350.5,425.5,0.824,10,2,21,3,"Jan, Feb, Mar",,Yes
Q4 (2024/25),Cancer,62 Days,South East,RTK,ASHFORD AND ST PETER'S HOSPITALS NHS FOUNDATION TRUST,391.5,479.5,0.816,11,2,17,3,"Jan, Feb, Mar",,Yes
Q4 (2024/25),Cancer,62 Days,North East,RCD,HARROGATE AND DISTRICT NHS FOUNDATION TRUST,301,371,0.811,12,3,21,3,"Jan, Feb, Mar",,Yes
Q4 (2024/25),Cancer,62 Days,London,RJ7,ST GEORGE'S UNIVERSITY HOSPITALS NHS FOUNDATION TRUST,416.5,515,0.809,13,4,17,3,"Jan, Feb, Mar",,Yes
Q4 (2024/25),Cancer,62 Days,Midlands,RBK,WALSALL HEALTHCARE NHS TRUST,179.5,222,0.809,13,1,20,3,"Jan, Feb, Mar",,Yes
Q4 (2024/25),Cancer,62 Days,London,R1K,LONDON NORTH WEST UNIVERSITY HEALTHCARE NHS TRUST,444.5,550.5,0.807,15,5,17,3,"Jan, Feb, Mar",,Yes
Q4 (2024/25),Cancer,62 Days,North East,RCF,AIREDALE NHS FOUNDATION TRUST,185.5,232.5,0.798,16,4,21,3,"Jan, Feb, Mar",,Yes
Q4 (2024/25),Cancer,62 Days,North West,RMP,TAMESIDE AND GLOSSOP INTEGRATED CARE NHS FOUNDATION TRUST,234.5,294,0.798,16,3,17,3,"Jan, Feb, Mar",,Yes
Q4 (2024/25),Cancer,62 Days,East,RWG,WEST HERTFORDSHIRE TEACHING HOSPITALS NHS TRUST,422,531,0.795,18,2,13,3,"Jan, Feb, Mar",,Yes
Q4 (2024/25),Cancer,62 Days,London,RQM,CHELSEA AND WESTMINSTER HOSPITAL NHS FOUNDATION TRUST,385,487.5,0.79,19,6,17,3,"Jan, Feb, Mar",,Yes
Q4 (2024/25),Cancer,62 Days,North West,RTX,UNIVERSITY HOSPITALS OF MORECAMBE BAY NHS FOUNDATION TRUST,423.5,540.5,0.784,20,4,17,3,"Jan, Feb, Mar",,Yes
Q4 (2024/25),Cancer,62 Days,South East,RHM,UNIVERSITY HOSPITAL SOUTHAMPTON NHS FOUNDATION TRUST,604.5,776,0.779,21,3,17,3,"Jan, Feb, Mar",,Yes
Q4 (2024/25),Cancer,62 Days,North East,RTF,NORTHUMBRIA HEALTHCARE NHS FOUNDATION TRUST,414,535,0.774,22,5,21,3,"Jan, Feb, Mar",,Yes
Q4 (2024/25),Cancer,62 Days,London,RJ6,CROYDON HEALTH SERVICES NHS TRUST,240.5,311,0.773,23,7,17,3,"Jan, Feb, Mar",,Yes
Q4 (2024/25),Cancer,62 Days,South East,RN5,HAMPSHIRE HOSPITALS NHS FOUNDATION TRUST,533.5,691,0.772,24,4,17,3,"Jan, Feb, Mar",,Yes
Q4 (2024/25),Cancer,62 Days,South East,RTP,SURREY AND SUSSEX HEALTHCARE NHS TRUST,446.5,578,0.772,24,4,17,3,"Jan, Feb, Mar",,Yes
Q4 (2024/25),Cancer,62 Days,North East,RXF,MID YORKSHIRE TEACHING NHS TRUST,540,700,0.771,26,6,21,3,"Jan, Feb, Mar",,Yes
Q4 (2024/25),Cancer,62 Days,South West,RN3,GREAT WESTERN HOSPITALS NHS FOUNDATION TRUST,432.5,562.5,0.769,27,2,13,3,"Jan, Feb, Mar",,Yes
Q4 (2024/25),Cancer,62 Days,South East,RA2,ROYAL SURREY COUNTY HOSPITAL NHS FOUNDATION TRUST,426.5,559,0.763,28,6,17,3,"Jan, Feb, Mar",,Yes
Q4 (2024/25),Cancer,62 Days,North West,RRF,"WRIGHTINGTON, WIGAN AND LEIGH NHS FOUNDATION TRUST",287,377,0.761,29,5,17,3,"Jan, Feb, Mar",,Yes
Q4 (2024/25),Cancer,62 Days,North West,RJR,COUNTESS OF CHESTER HOSPITAL NHS FOUNDATION TRUST,324.5,427.5,0.759,30,6,17,3,"Jan, Feb, Mar",,Yes
Q4 (2024/25),Cancer,62 Days,South East,RHU,PORTSMOUTH HOSPITALS UNIVERSITY NATIONAL HEALTH SERVICE TRUST,862.5,1149.5,0.75,31,7,17,3,"Jan, Feb, Mar",,Yes
Q4 (2024/25),Cancer,62 Days,North East,R0B,SOUTH TYNESIDE AND SUNDERLAND NHS FOUNDATION TRUST,479,640.5,0.748,32,7,21,3,"Jan, Feb, Mar",,Yes
Q4 (2024/25),Cancer,62 Days,North West,RWW,WARRINGTON AND HALTON TEACHING HOSPITALS NHS FOUNDATION TRUST,208.5,279,0.747,33,7,17,3,"Jan, Feb, Mar",,Yes
Q4 (2024/25),Cancer,62 Days,North East,RFF,BARNSLEY HOSPITAL NHS FOUNDATION TRUST,227,304.5,0.745,34,8,21,3,"Jan, Feb, Mar",,Yes
Q4 (2024/25),Cancer,62 Days,North East,RXP,COUNTY DURHAM AND DARLINGTON NHS FOUNDATION TRUST,446.5,599.5,0.745,34,8,21,3,"Jan, Feb, Mar",,Yes
Q4 (2024/25),Cancer,62 Days,London,RRV,UNIVERSITY COLLEGE LONDON HOSPITALS NHS FOUNDATION TRUST,415.5,559,0.743,36,8,17,3,"Jan, Feb, Mar",,Yes
Q4 (2024/25),Cancer,62 Days,South West,RA7,UNIVERSITY HOSPITALS BRISTOL AND WESTON NHS FOUNDATION TRUST,543.5,733,0.741,37,3,13,3,"Jan, Feb, Mar",,Yes
Q4 (2024/25),Cancer,62 Days,East,RGR,WEST SUFFOLK NHS FOUNDATION TRUST,334.5,451.5,0.741,37,3,13,3,"Jan, Feb, Mar",,Yes
Q4 (2024/25),Cancer,62 Days,South West,RBD,DORSET COUNTY HOSPITAL NHS FOUNDATION TRUST,175,237,0.738,39,4,13,3,"Jan, Feb, Mar",,Yes
Q4 (2024/25),Cancer,62 Days,London,RKE,WHITTINGTON HEALTH NHS TRUST,128,173.5,0.738,39,9,17,3,"Jan, Feb, Mar",,Yes
Q4 (2024/25),Cancer,62 Days,East,RGT,CAMBRIDGE UNIVERSITY HOSPITALS NHS FOUNDATION TRUST,543,736.5,0.737,41,4,13,3,"Jan, Feb, Mar",,Yes
Q4 (2024/25),Cancer,62 Days,Midlands,RFS,CHESTERFIELD ROYAL HOSPITAL NHS FOUNDATION TRUST,327.5,444.5,0.737,41,2,20,3,"Jan, Feb, Mar",,Yes
Q4 (2024/25),Cancer,62 Days,South West,RH8,ROYAL DEVON UNIVERSITY HEALTHCARE NHS FOUNDATION TRUST,901.5,1225,0.736,43,5,13,3,"Jan, Feb, Mar",,Yes
Q4 (2024/25),Cancer,62 Days,North East,RP5,DONCASTER AND BASSETLAW TEACHING HOSPITALS NHS FOUNDATION TRUST,462.5,629.5,0.735,44,10,21,3,"Jan, Feb, Mar",,Yes
Q4 (2024/25),Cancer,62 Days,London,RF4,"BARKING, HAVERING AND REDBRIDGE UNIVERSITY HOSPITALS NHS TRUST",483,660.5,0.731,45,10,17,3,"Jan, Feb, Mar",,Yes
Q4 (2024/25),Cancer,62 Days,Midlands,RNQ,KETTERING GENERAL HOSPITAL NHS FOUNDATION TRUST,330.5,453.5,0.729,46,3,20,3,"Jan, Feb, Mar",,Yes
Q4 (2024/25),Cancer,62 Days,South West,RD1,ROYAL UNITED HOSPITALS BATH NHS FOUNDATION TRUST,519,711.5,0.729,46,6,13,3,"Jan, Feb, Mar",,Yes
Q4 (2024/25),Cancer,62 Days,South East,RXC,EAST SUSSEX HEALTHCARE NHS TRUST,587.5,808,0.727,48,8,17,3,"Jan, Feb, Mar",,Yes
Q4 (2024/25),Cancer,62 Days,South West,RA9,TORBAY AND SOUTH DEVON NHS FOUNDATION TRUST,366,503.5,0.727,48,7,13,3,"Jan, Feb, Mar",,Yes
Q4 (2024/25),Cancer,62 Days,North West,RBL,WIRRAL UNIVERSITY TEACHING HOSPITAL NHS FOUNDATION TRUST,338,465,0.727,48,8,17,3,"Jan, Feb, Mar",,Yes
Q4 (2024/25),Cancer,62 Days,London,RYJ,IMPERIAL COLLEGE HEALTHCARE NHS TRUST,498,686,0.726,51,11,17,3,"Jan, Feb, Mar",,Yes
Q4 (2024/25),Cancer,62 Days,South East,RDU,FRIMLEY HEALTH NHS FOUNDATION TRUST,635.5,877.5,0.724,52,9,17,3,"Jan, Feb, Mar",,Yes
Q4 (2024/25),Cancer,62 Days,Midlands,RNA,THE DUDLEY GROUP NHS FOUNDATION TRUST,402,555,0.724,52,4,20,3,"Jan, Feb, Mar",,Yes
Q4 (2024/25),Cancer,62 Days,South East,RVV,EAST KENT HOSPITALS UNIVERSITY NHS FOUNDATION TRUST,804.5,1112.5,0.723,54,10,17,3,"Jan, Feb, Mar",,Yes
Q4 (2024/25),Cancer,62 Days,North East,RFR,THE ROTHERHAM NHS FOUNDATION TRUST,220.5,306,0.721,55,11,21,3,"Jan, Feb, Mar",,Yes
Q4 (2024/25),Cancer,62 Days,North West,RXR,EAST LANCASHIRE HOSPITALS NHS TRUST,435.5,605.5,0.719,56,9,17,3,"Jan, Feb, Mar",,Yes
Q4 (2024/25),Cancer,62 Days,South East,RHW,ROYAL BERKSHIRE NHS FOUNDATION TRUST,478,667.5,0.716,57,11,17,3,"Jan, Feb, Mar",,Yes
Q4 (2024/25),Cancer,62 Days,North West,RWJ,STOCKPORT NHS FOUNDATION TRUST,279.5,391,0.715,58,10,17,3,"Jan, Feb, Mar",,Yes
Q4 (2024/25),Cancer,62 Days,North East,RAE,BRADFORD TEACHING HOSPITALS NHS FOUNDATION TRUST,301,422,0.713,59,12,21,3,"Jan, Feb, Mar",,Yes
Q4 (2024/25),Cancer,62 Days,Midlands,RL4,THE ROYAL WOLVERHAMPTON NHS TRUST,469,659,0.712,60,5,20,3,"Jan, Feb, Mar",,Yes
Q4 (2024/25),Cancer,62 Days,South West,RNZ,SALISBURY NHS FOUNDATION TRUST,294,417,0.705,61,8,13,3,"Jan, Feb, Mar",,Yes
Q4 (2024/25),Cancer,62 Days,South West,RH5,SOMERSET NHS FOUNDATION TRUST,696,989.5,0.703,62,9,13,3,"Jan, Feb, Mar",,Yes
Q4 (2024/25),Cancer,62 Days,South West,RTE,GLOUCESTERSHIRE HOSPITALS NHS FOUNDATION TRUST,750.5,1068.5,0.702,63,10,13,3,"Jan, Feb, Mar",,Yes
Q4 (2024/25),Cancer,62 Days,North West,RXL,BLACKPOOL TEACHING HOSPITALS NHS FOUNDATION TRUST,327.5,467.5,0.701,64,11,17,3,"Jan, Feb, Mar",,Yes
Q4 (2024/25),Cancer,62 Days,North West,RJN,EAST CHESHIRE NHS TRUST,176,251.5,0.7,65,12,17,3,"Jan, Feb, Mar",,Yes
Q4 (2024/25),Cancer,62 Days,North West,REM,LIVERPOOL UNIVERSITY HOSPITALS NHS FOUNDATION TRUST,622,888.5,0.7,65,12,17,3,"Jan, Feb, Mar",,Yes
Q4 (2024/25),Cancer,62 Days,East,RGN,NORTH WEST ANGLIA NHS FOUNDATION TRUST,478,684,0.699,67,5,13,3,"Jan, Feb, Mar",,Yes
Q4 (2024/25),Cancer,62 Days,Midlands,RXK,SANDWELL AND WEST BIRMINGHAM HOSPITALS NHS TRUST,326.5,467.5,0.698,68,6,20,3,"Jan, Feb, Mar",,Yes
Q4 (2024/25),Cancer,62 Days,East,RDE,EAST SUFFOLK AND NORTH ESSEX NHS FOUNDATION TRUST,939,1349.5,0.696,69,6,13,3,"Jan, Feb, Mar",,Yes
Q4 (2024/25),Cancer,62 Days,North East,RNN,NORTH CUMBRIA INTEGRATED CARE NHS FOUNDATION TRUST,277,400,0.692,70,13,21,3,"Jan, Feb, Mar",,Yes
Q4 (2024/25),Cancer,62 Days,Midlands,RLQ,WYE VALLEY NHS TRUST,210.5,304,0.692,70,7,20,3,"Jan, Feb, Mar",,Yes
Q4 (2024/25),Cancer,62 Days,East,RGP,JAMES PAGET UNIVERSITY HOSPITALS NHS FOUNDATION TRUST,296.5,431,0.688,72,7,13,3,"Jan, Feb, Mar",,Yes
Q4 (2024/25),Cancer,62 Days,North East,RCB,YORK AND SCARBOROUGH TEACHING HOSPITALS NHS FOUNDATION TRUST,593.5,865.5,0.686,73,14,21,3,"Jan, Feb, Mar",,Yes
Q4 (2024/25),Cancer,62 Days,London,R1H,BARTS HEALTH NHS TRUST,483.5,707,0.684,74,12,17,3,"Jan, Feb, Mar",,Yes
Q4 (2024/25),Cancer,62 Days,North West,RM3,NORTHERN CARE ALLIANCE NHS FOUNDATION TRUST,726.5,1062,0.684,74,14,17,3,"Jan, Feb, Mar",,Yes
Q4 (2024/25),Cancer,62 Days,South West,R0D,UNIVERSITY HOSPITALS DORSET NHS FOUNDATION TRUST,768,1129,0.68,76,11,13,3,"Jan, Feb, Mar",,Yes
Q4 (2024/25),Cancer,62 Days,East,RC9,BEDFORDSHIRE HOSPITALS NHS FOUNDATION TRUST,497.5,732.5,0.679,77,8,13,3,"Jan, Feb, Mar",,Yes
Q4 (2024/25),Cancer,62 Days,North East,RVW,NORTH TEES AND HARTLEPOOL NHS FOUNDATION TRUST,286.5,424,0.676,78,15,21,3,"Jan, Feb, Mar",,Yes
Q4 (2024/25),Cancer,62 Days,Midlands,RNS,NORTHAMPTON GENERAL HOSPITAL NHS TRUST,404.5,599,0.675,79,8,20,3,"Jan, Feb, Mar",,Yes
Q4 (2024/25),Cancer,62 Days,London,RAS,THE HILLINGDON HOSPITALS NHS FOUNDATION TRUST,215.5,321,0.671,80,13,17,3,"Jan, Feb, Mar",,Yes
Q4 (2024/25),Cancer,62 Days,London,RJZ,KING'S COLLEGE HOSPITAL NHS FOUNDATION TRUST,554.5,827.5,0.67,81,14,17,3,"Jan, Feb, Mar",,Yes
Q4 (2024/25),Cancer,62 Days,Midlands,RTG,UNIVERSITY HOSPITALS OF DERBY AND BURTON NHS FOUNDATION TRUST,809.5,1216.5,0.665,82,9,20,3,"Jan, Feb, Mar",,Yes
Q4 (2024/25),Cancer,62 Days,South East,RPA,MEDWAY NHS FOUNDATION TRUST,249.5,377.5,0.661,83,12,17,3,"Jan, Feb, Mar",,Yes
Q4 (2024/25),Cancer,62 Days,Midlands,RJE,UNIVERSITY HOSPITALS OF NORTH MIDLANDS NHS TRUST,745,1131,0.659,84,10,20,3,"Jan, Feb, Mar",,Yes
Q4 (2024/25),Cancer,62 Days,South West,RK9,UNIVERSITY HOSPITALS PLYMOUTH NHS TRUST,672.5,1023,0.657,85,12,13,3,"Jan, Feb, Mar",,Yes
Q4 (2024/25),Cancer,62 Days,South East,RN7,DARTFORD AND GRAVESHAM NHS TRUST,191,291.5,0.655,86,13,17,3,"Jan, Feb, Mar",,Yes
Q4 (2024/25),Cancer,62 Days,East,RD8,MILTON KEYNES UNIVERSITY HOSPITAL NHS FOUNDATION TRUST,303,464,0.653,87,9,13,3,"Jan, Feb, Mar",,Yes
Q4 (2024/25),Cancer,62 Days,North West,RBT,MID CHESHIRE HOSPITALS NHS FOUNDATION TRUST,311,477.5,0.651,88,15,17,3,"Jan, Feb, Mar",,Yes
Q4 (2024/25),Cancer,62 Days,Midlands,RWD,UNITED LINCOLNSHIRE TEACHING HOSPITALS NHS TRUST                     ,689.5,1067,0.646,89,11,20,3,"Jan, Feb, Mar",,Yes
Q4 (2024/25),Cancer,62 Days,North East,RTD,THE NEWCASTLE UPON TYNE HOSPITALS NHS FOUNDATION TRUST,800.5,1248,0.641,90,16,21,3,"Jan, Feb, Mar",,Yes
Q4 (2024/25),Cancer,62 Days,Midlands,RWP,WORCESTERSHIRE ACUTE HOSPITALS NHS TRUST,637,995,0.64,91,12,20,3,"Jan, Feb, Mar",,Yes
Q4 (2024/25),Cancer,62 Days,Midlands,RX1,NOTTINGHAM UNIVERSITY HOSPITALS NHS TRUST,778,1217,0.639,92,13,20,3,"Jan, Feb, Mar",,Yes
Q4 (2024/25),Cancer,62 Days,London,RJ2,LEWISHAM AND GREENWICH NHS TRUST,217,342.5,0.634,93,15,17,3,"Jan, Feb, Mar",,Yes
Q4 (2024/25),Cancer,62 Days,South West,RVJ,NORTH BRISTOL NHS TRUST,650,1025,0.634,93,13,13,3,"Jan, Feb, Mar",,Yes
Q4 (2024/25),Cancer,62 Days,North East,RR8,LEEDS TEACHING HOSPITALS NHS TRUST,814,1287,0.632,95,17,21,3,"Jan, Feb, Mar",,Yes
Q4 (2024/25),Cancer,62 Days,South East,RYR,UNIVERSITY HOSPITALS SUSSEX NHS FOUNDATION TRUST,1027,1647,0.624,96,14,17,3,"Jan, Feb, Mar",,Yes
Q4 (2024/25),Cancer,62 Days,North East,RTR,SOUTH TEES HOSPITALS NHS FOUNDATION TRUST,534.5,865,0.618,97,18,21,3,"Jan, Feb, Mar",,Yes
Q4 (2024/25),Cancer,62 Days,North West,R0A,MANCHESTER UNIVERSITY NHS FOUNDATION TRUST,819.5,1350.5,0.607,98,16,17,3,"Jan, Feb, Mar",,Yes
Q4 (2024/25),Cancer,62 Days,Midlands,RKB,UNIVERSITY HOSPITALS COVENTRY AND WARWICKSHIRE NHS TRUST,440,727,0.605,99,14,20,3,"Jan, Feb, Mar",,Yes
Q4 (2024/25),Cancer,62 Days,North West,RXN,LANCASHIRE TEACHING HOSPITALS NHS FOUNDATION TRUST,442.5,739.5,0.598,100,17,17,3,"Jan, Feb, Mar",,Yes
Q4 (2024/25),Cancer,62 Days,Midlands,RK5,SHERWOOD FOREST HOSPITALS NHS FOUNDATION TRUST,227,383.5,0.592,101,15,20,3,"Jan, Feb, Mar",,Yes
Q4 (2024/25),Cancer,62 Days,Midlands,RJC,SOUTH WARWICKSHIRE UNIVERSITY NHS FOUNDATION TRUST,192.5,329,0.585,102,16,20,3,"Jan, Feb, Mar",,Yes
Q4 (2024/25),Cancer,62 Days,Midlands,RXW,THE SHREWSBURY AND TELFORD HOSPITAL NHS TRUST,501.5,864.5,0.58,103,17,20,3,"Jan, Feb, Mar",,Yes
Q4 (2024/25),Cancer,62 Days,South East,RTH,OXFORD UNIVERSITY HOSPITALS NHS FOUNDATION TRUST,647.5,1128,0.574,104,15,17,3,"Jan, Feb, Mar",,Yes
Q4 (2024/25),Cancer,62 Days,London,RAL,ROYAL FREE LONDON NHS FOUNDATION TRUST,739,1287,0.574,104,16,17,3,"Jan, Feb, Mar",,Yes
Q4 (2024/25),Cancer,62 Days,East,RCX,"THE QUEEN ELIZABETH HOSPITAL, KING'S LYNN, NHS FOUNDATION TRUST",189,329,0.574,104,10,13,3,"Jan, Feb, Mar",,Yes
Q4 (2024/25),Cancer,62 Days,Midlands,RWE,UNIVERSITY HOSPITALS OF LEICESTER NHS TRUST,764.5,1336,0.572,107,18,20,3,"Jan, Feb, Mar",,Yes
Q4 (2024/25),Cancer,62 Days,Midlands,RLT,GEORGE ELIOT HOSPITAL NHS TRUST,93,164,0.567,108,19,20,3,"Jan, Feb, Mar",,Yes
Q4 (2024/25),Cancer,62 Days,South East,R1F,ISLE OF WIGHT NHS TRUST,125.5,221.5,0.567,108,16,17,3,"Jan, Feb, Mar",,Yes
Q4 (2024/25),Cancer,62 Days,North East,RJL,NORTHERN LINCOLNSHIRE AND GOOLE NHS FOUNDATION TRUST,170,308,0.552,110,19,21,3,"Jan, Feb, Mar",,Yes
Q4 (2024/25),Cancer,62 Days,Midlands,RRK,UNIVERSITY HOSPITALS BIRMINGHAM NHS FOUNDATION TRUST,924,1688.5,0.547,111,20,20,3,"Jan, Feb, Mar",,Yes
Q4 (2024/25),Cancer,62 Days,North East,RWA,HULL UNIVERSITY TEACHING HOSPITALS NHS TRUST,420.5,774.5,0.543,112,20,21,3,"Jan, Feb, Mar",,Yes
Q4 (2024/25),Cancer,62 Days,South East,RXQ,BUCKINGHAMSHIRE HEALTHCARE NHS TRUST,312,578.5,0.539,113,17,17,3,"Jan, Feb, Mar",,Yes
Q4 (2024/25),Cancer,62 Days,East,RQW,THE PRINCESS ALEXANDRA HOSPITAL NHS TRUST,188,361,0.521,114,11,13,3,"Jan, Feb, Mar",,Yes
Q4 (2024/25),Cancer,62 Days,North East,RHQ,SHEFFIELD TEACHING HOSPITALS NHS FOUNDATION TRUST,558,1083.5,0.515,115,21,21,3,"Jan, Feb, Mar",,Yes
Q4 (2024/25),Cancer,62 Days,London,RJ1,GUY'S AND ST THOMAS' NHS FOUNDATION TRUST,425,829,0.513,116,17,17,3,"Jan, Feb, Mar",,Yes
Q4 (2024/25),Cancer,62 Days,East,RM1,NORFOLK AND NORWICH UNIVERSITY HOSPITALS NHS FOUNDATION TRUST,390.5,765.5,0.51,117,12,13,3,"Jan, Feb, Mar",,Yes
Q4 (2024/25),Cancer,62 Days,East,RAJ,MID AND SOUTH ESSEX NHS FOUNDATION TRUST,560,1338.5,0.418,118,13,13,3,"Jan, Feb, Mar",,Yes
Q4 (2024/25),RTT,18 Weeks,London,RP6,MOORFIELDS EYE HOSPITAL NHS FOUNDATION TRUST,27542,33136,0.831,1,1,20,3,Mar,,Yes
Q4 (2024/25),RTT,18 Weeks,North East,RTF,NORTHUMBRIA HEALTHCARE NHS FOUNDATION TRUST,28668,36021,0.796,2,1,22,3,Mar,,Yes
Q4 (2024/25),RTT,18 Weeks,North East,RVW,NORTH TEES AND HARTLEPOOL NHS FOUNDATION TRUST,15524,20571,0.755,3,2,22,3,Mar,,Yes
Q4 (2024/25),RTT,18 Weeks,North East,R0B,SOUTH TYNESIDE AND SUNDERLAND NHS FOUNDATION TRUST,43432,57721,0.752,4,3,22,3,Mar,,Yes
Q4 (2024/25),RTT,18 Weeks,South East,RHW,ROYAL BERKSHIRE NHS FOUNDATION TRUST,27786,37092,0.749,5,1,18,3,Mar,,Yes
Q4 (2024/25),RTT,18 Weeks,South East,RWF,MAIDSTONE AND TUNBRIDGE WELLS NHS TRUST,33978,45859,0.741,6,2,18,3,Mar,,Yes
Q4 (2024/25),RTT,18 Weeks,North East,RTD,THE NEWCASTLE UPON TYNE HOSPITALS NHS FOUNDATION TRUST,68554,94680,0.724,7,4,22,3,Mar,,Yes
Q4 (2024/25),RTT,18 Weeks,North East,RFF,BARNSLEY HOSPITAL NHS FOUNDATION TRUST,17436,24309,0.717,8,5,22,3,Mar,,Yes
Q4 (2024/25),RTT,18 Weeks,North East,RCF,AIREDALE NHS FOUNDATION TRUST,10061,14083,0.714,9,6,22,3,Mar,,Yes
Q4 (2024/25),RTT,18 Weeks,North East,RR7,GATESHEAD HEALTH NHS FOUNDATION TRUST,9482,13362,0.71,10,7,22,3,Mar,,Yes
Q4 (2024/25),RTT,18 Weeks,North East,RCD,HARROGATE AND DISTRICT NHS FOUNDATION TRUST,15104,21376,0.707,11,8,22,3,Mar,,Yes
Q4 (2024/25),RTT,18 Weeks,London,RAN,ROYAL NATIONAL ORTHOPAEDIC HOSPITAL NHS TRUST,6006,8539,0.703,12,2,20,3,Mar,,Yes
Q4 (2024/25),RTT,18 Weeks,North West,RMP,TAMESIDE AND GLOSSOP INTEGRATED CARE NHS FOUNDATION TRUST,11968,17033,0.703,12,1,21,3,Mar,,Yes
Q4 (2024/25),RTT,18 Weeks,London,RF4,"BARKING, HAVERING AND REDBRIDGE UNIVERSITY HOSPITALS NHS TRUST",38887,55548,0.7,14,3,20,3,Mar,,Yes
Q4 (2024/25),RTT,18 Weeks,London,RJ6,CROYDON HEALTH SERVICES NHS TRUST,23788,34126,0.697,15,4,20,3,Mar,,Yes
Q4 (2024/25),RTT,18 Weeks,South West,RTE,GLOUCESTERSHIRE HOSPITALS NHS FOUNDATION TRUST,47361,67959,0.697,15,1,13,3,Mar,,Yes
Q4 (2024/25),RTT,18 Weeks,North West,RBQ,LIVERPOOL HEART AND CHEST HOSPITAL NHS FOUNDATION TRUST,3983,5711,0.697,15,2,21,3,Mar,,Yes
Q4 (2024/25),RTT,18 Weeks,Midlands,RBK,WALSALL HEALTHCARE NHS TRUST,19940,28676,0.695,18,1,23,3,Mar,,Yes
Q4 (2024/25),RTT,18 Weeks,North East,RWY,CALDERDALE AND HUDDERSFIELD NHS FOUNDATION TRUST,25200,36358,0.693,19,9,22,3,Mar,,Yes
Q4 (2024/25),RTT,18 Weeks,North East,RXP,COUNTY DURHAM AND DARLINGTON NHS FOUNDATION TRUST,27100,39124,0.693,19,9,22,3,Mar,,Yes
Q4 (2024/25),RTT,18 Weeks,South West,REF,ROYAL CORNWALL HOSPITALS NHS TRUST,28443,41019,0.693,19,2,13,3,Mar,,Yes
Q4 (2024/25),RTT,18 Weeks,London,RP4,GREAT ORMOND STREET HOSPITAL FOR CHILDREN NHS FOUNDATION TRUST,5479,8009,0.684,22,5,20,3,Mar,,Yes
Q4 (2024/25),RTT,18 Weeks,North West,RTX,UNIVERSITY HOSPITALS OF MORECAMBE BAY NHS FOUNDATION TRUST,23418,34222,0.684,22,3,21,3,Mar,,Yes
Q4 (2024/25),RTT,18 Weeks,Midlands,RNQ,KETTERING GENERAL HOSPITAL NHS FOUNDATION TRUST,16719,24945,0.67,24,2,23,3,Mar,,Yes
Q4 (2024/25),RTT,18 Weeks,North East,RCU,SHEFFIELD CHILDREN'S NHS FOUNDATION TRUST,8277,12438,0.665,25,11,22,3,Mar,,Yes
Q4 (2024/25),RTT,18 Weeks,London,RVR,EPSOM AND ST HELIER UNIVERSITY HOSPITALS NHS TRUST,33114,50060,0.661,26,6,20,3,Mar,,Yes
Q4 (2024/25),RTT,18 Weeks,South West,RVJ,NORTH BRISTOL NHS TRUST,28194,43315,0.651,27,3,13,3,Mar,,Yes
Q4 (2024/25),RTT,18 Weeks,North East,RR8,LEEDS TEACHING HOSPITALS NHS TRUST,57795,89009,0.649,28,12,22,3,Mar,,Yes
Q4 (2024/25),RTT,18 Weeks,North East,RFR,THE ROTHERHAM NHS FOUNDATION TRUST,20439,31592,0.647,29,13,22,3,Mar,,Yes
Q4 (2024/25),RTT,18 Weeks,North West,RBN,MERSEY AND WEST LANCASHIRE TEACHING HOSPITALS NHS TRUST,48671,75365,0.646,30,4,21,3,Mar,,Yes
Q4 (2024/25),RTT,18 Weeks,Midlands,RK5,SHERWOOD FOREST HOSPITALS NHS FOUNDATION TRUST,22817,35323,0.646,30,3,23,3,Mar,,Yes
Q4 (2024/25),RTT,18 Weeks,Midlands,RJC,SOUTH WARWICKSHIRE UNIVERSITY NHS FOUNDATION TRUST,20978,32480,0.646,30,3,23,3,Mar,,Yes
Q4 (2024/25),RTT,18 Weeks,South West,RA7,UNIVERSITY HOSPITALS BRISTOL AND WESTON NHS FOUNDATION TRUST,35156,54577,0.644,33,4,13,3,Mar,,Yes
Q4 (2024/25),RTT,18 Weeks,North East,RHQ,SHEFFIELD TEACHING HOSPITALS NHS FOUNDATION TRUST,59396,92473,0.642,34,14,22,3,Mar,,Yes
Q4 (2024/25),RTT,18 Weeks,London,RJZ,KING'S COLLEGE HOSPITAL NHS FOUNDATION TRUST,56697,88601,0.64,35,7,20,3,Mar,,Yes
Q4 (2024/25),RTT,18 Weeks,South West,RNZ,SALISBURY NHS FOUNDATION TRUST,17944,28081,0.639,36,5,13,3,Mar,,Yes
Q4 (2024/25),RTT,18 Weeks,London,RAX,KINGSTON AND RICHMOND NHS FOUNDATION TRUST,24633,38612,0.638,37,8,20,3,Mar,,Yes
Q4 (2024/25),RTT,18 Weeks,South West,RA9,TORBAY AND SOUTH DEVON NHS FOUNDATION TRUST,21717,34331,0.633,38,6,13,3,Mar,,Yes
Q4 (2024/25),RTT,18 Weeks,East,RGM,ROYAL PAPWORTH HOSPITAL NHS FOUNDATION TRUST,4662,7403,0.63,39,1,14,3,Mar,,Yes
Q4 (2024/25),RTT,18 Weeks,East,RWH,EAST AND NORTH HERTFORDSHIRE NHS TRUST,36293,57681,0.629,40,2,14,3,Mar,,Yes
Q4 (2024/25),RTT,18 Weeks,London,RQX,HOMERTON HEALTHCARE NHS FOUNDATION TRUST,22809,36246,0.629,40,9,20,3,Mar,,Yes
Q4 (2024/25),RTT,18 Weeks,London,RKE,WHITTINGTON HEALTH NHS TRUST,15811,25230,0.627,42,10,20,3,Mar,,Yes
Q4 (2024/25),RTT,18 Weeks,South East,RHM,UNIVERSITY HOSPITAL SOUTHAMPTON NHS FOUNDATION TRUST,38592,61681,0.626,43,3,18,3,Mar,,Yes
Q4 (2024/25),RTT,18 Weeks,North East,RAE,BRADFORD TEACHING HOSPITALS NHS FOUNDATION TRUST,20237,32438,0.624,44,15,22,3,Mar,,Yes
Q4 (2024/25),RTT,18 Weeks,East,RWG,WEST HERTFORDSHIRE TEACHING HOSPITALS NHS TRUST,28145,45315,0.621,45,3,14,3,Mar,,Yes
Q4 (2024/25),RTT,18 Weeks,Midlands,RNS,NORTHAMPTON GENERAL HOSPITAL NHS TRUST,25810,41670,0.619,46,5,23,3,Mar,,Yes
Q4 (2024/25),RTT,18 Weeks,South West,RH5,SOMERSET NHS FOUNDATION TRUST,36864,59593,0.619,46,7,13,3,Mar,,Yes
Q4 (2024/25),RTT,18 Weeks,South East,RN7,DARTFORD AND GRAVESHAM NHS TRUST,19984,32427,0.616,48,4,18,3,Mar,,Yes
Q4 (2024/25),RTT,18 Weeks,North West,RET,THE WALTON CENTRE NHS FOUNDATION TRUST,8825,14327,0.616,48,5,21,3,Mar,,Yes
Q4 (2024/25),RTT,18 Weeks,North East,RP5,DONCASTER AND BASSETLAW TEACHING HOSPITALS NHS FOUNDATION TRUST,33653,54906,0.613,50,16,22,3,Mar,,Yes
Q4 (2024/25),RTT,18 Weeks,London,RJ7,ST GEORGE'S UNIVERSITY HOSPITALS NHS FOUNDATION TRUST,43239,70578,0.613,50,11,20,3,Mar,,Yes
Q4 (2024/25),RTT,18 Weeks,South West,RH8,ROYAL DEVON UNIVERSITY HEALTHCARE NHS FOUNDATION TRUST,43428,71100,0.611,52,8,13,3,Mar,,Yes
Q4 (2024/25),RTT,18 Weeks,North East,RXF,MID YORKSHIRE TEACHING NHS TRUST,32931,54077,0.609,53,17,22,3,Mar,,Yes
Q4 (2024/25),RTT,18 Weeks,South West,R0D,UNIVERSITY HOSPITALS DORSET NHS FOUNDATION TRUST,40850,67079,0.609,53,9,13,3,Mar,,Yes
Q4 (2024/25),RTT,18 Weeks,London,RJ1,GUY'S AND ST THOMAS' NHS FOUNDATION TRUST,73539,121183,0.607,55,12,20,3,Mar,,Yes
Q4 (2024/25),RTT,18 Weeks,North East,RJL,NORTHERN LINCOLNSHIRE AND GOOLE NHS FOUNDATION TRUST,25675,42286,0.607,55,18,22,3,Mar,,Yes
Q4 (2024/25),RTT,18 Weeks,London,RYJ,IMPERIAL COLLEGE HEALTHCARE NHS TRUST,54453,89953,0.605,57,13,20,3,Mar,,Yes
Q4 (2024/25),RTT,18 Weeks,South West,RD1,ROYAL UNITED HOSPITALS BATH NHS FOUNDATION TRUST,24635,40687,0.605,57,10,13,3,Mar,,Yes
Q4 (2024/25),RTT,18 Weeks,South West,RBD,DORSET COUNTY HOSPITAL NHS FOUNDATION TRUST,12754,21133,0.604,59,11,13,3,Mar,,Yes
Q4 (2024/25),RTT,18 Weeks,Midlands,RLT,GEORGE ELIOT HOSPITAL NHS TRUST,11886,19702,0.603,60,6,23,3,Mar,,Yes
Q4 (2024/25),RTT,18 Weeks,North East,RTR,SOUTH TEES HOSPITALS NHS FOUNDATION TRUST,34277,56877,0.603,60,19,22,3,Mar,,Yes
Q4 (2024/25),RTT,18 Weeks,South West,RK9,UNIVERSITY HOSPITALS PLYMOUTH NHS TRUST,29020,48127,0.603,60,12,13,3,Mar,,Yes
Q4 (2024/25),RTT,18 Weeks,London,RQM,CHELSEA AND WESTMINSTER HOSPITAL NHS FOUNDATION TRUST,40302,67104,0.601,63,14,20,3,Mar,,Yes
Q4 (2024/25),RTT,18 Weeks,Midlands,RNA,THE DUDLEY GROUP NHS FOUNDATION TRUST,26764,44722,0.598,64,7,23,3,Mar,,Yes
Q4 (2024/25),RTT,18 Weeks,North West,RJN,EAST CHESHIRE NHS TRUST,8074,13530,0.597,65,6,21,3,Mar,,Yes
Q4 (2024/25),RTT,18 Weeks,South East,RXC,EAST SUSSEX HEALTHCARE NHS TRUST,38053,63910,0.595,66,5,18,3,Mar,,Yes
Q4 (2024/25),RTT,18 Weeks,Midlands,RJE,UNIVERSITY HOSPITALS OF NORTH MIDLANDS NHS TRUST,42121,70871,0.594,67,8,23,3,Mar,,Yes
Q4 (2024/25),RTT,18 Weeks,Midlands,RWP,WORCESTERSHIRE ACUTE HOSPITALS NHS TRUST,32862,55410,0.593,68,9,23,3,Mar,,Yes
Q4 (2024/25),RTT,18 Weeks,South East,RN5,HAMPSHIRE HOSPITALS NHS FOUNDATION TRUST,30285,51165,0.592,69,6,18,3,Mar,,Yes
Q4 (2024/25),RTT,18 Weeks,London,RRV,UNIVERSITY COLLEGE LONDON HOSPITALS NHS FOUNDATION TRUST,42893,72470,0.592,69,15,20,3,Mar,,Yes
Q4 (2024/25),RTT,18 Weeks,South East,RXQ,BUCKINGHAMSHIRE HEALTHCARE NHS TRUST,28267,47817,0.591,71,7,18,3,Mar,,Yes
Q4 (2024/25),RTT,18 Weeks,South East,R1F,ISLE OF WIGHT NHS TRUST,8032,13702,0.586,72,8,18,3,Mar,,Yes
Q4 (2024/25),RTT,18 Weeks,Midlands,RQ3,BIRMINGHAM WOMEN'S AND CHILDREN'S NHS FOUNDATION TRUST,14971,25610,0.585,73,10,23,3,Mar,,Yes
Q4 (2024/25),RTT,18 Weeks,East,RGT,CAMBRIDGE UNIVERSITY HOSPITALS NHS FOUNDATION TRUST,38435,65685,0.585,73,4,14,3,Mar,,Yes
Q4 (2024/25),RTT,18 Weeks,North West,RWW,WARRINGTON AND HALTON TEACHING HOSPITALS NHS FOUNDATION TRUST,20285,34726,0.584,75,7,21,3,Mar,,Yes
Q4 (2024/25),RTT,18 Weeks,South East,RTK,ASHFORD AND ST PETER'S HOSPITALS NHS FOUNDATION TRUST,34346,59040,0.582,76,9,18,3,Mar,,Yes
Q4 (2024/25),RTT,18 Weeks,South West,RN3,GREAT WESTERN HOSPITALS NHS FOUNDATION TRUST,22158,38177,0.58,77,13,13,3,Mar,,Yes
Q4 (2024/25),RTT,18 Weeks,North West,RXR,EAST LANCASHIRE HOSPITALS NHS TRUST,35198,60807,0.579,78,8,21,3,Mar,,Yes
Q4 (2024/25),RTT,18 Weeks,Midlands,RX1,NOTTINGHAM UNIVERSITY HOSPITALS NHS TRUST,50984,88054,0.579,78,11,23,3,Mar,,Yes
Q4 (2024/25),RTT,18 Weeks,East,RCX,"THE QUEEN ELIZABETH HOSPITAL, KING'S LYNN, NHS FOUNDATION TRUST",14763,25512,0.579,78,5,14,3,Mar,,Yes
Q4 (2024/25),RTT,18 Weeks,North West,RBL,WIRRAL UNIVERSITY TEACHING HOSPITAL NHS FOUNDATION TRUST,28267,49099,0.576,81,9,21,3,Mar,,Yes
Q4 (2024/25),RTT,18 Weeks,South East,RA2,ROYAL SURREY COUNTY HOSPITAL NHS FOUNDATION TRUST,17879,31174,0.574,82,10,18,3,Mar,,Yes
Q4 (2024/25),RTT,18 Weeks,North East,RWA,HULL UNIVERSITY TEACHING HOSPITALS NHS TRUST,44972,78509,0.573,83,20,22,3,Mar,,Yes
Q4 (2024/25),RTT,18 Weeks,London,RJ2,LEWISHAM AND GREENWICH NHS TRUST,34203,59739,0.573,83,16,20,3,Mar,,Yes
Q4 (2024/25),RTT,18 Weeks,London,RAL,ROYAL FREE LONDON NHS FOUNDATION TRUST,83969,146444,0.573,83,16,20,3,Mar,,Yes
Q4 (2024/25),RTT,18 Weeks,North West,RXL,BLACKPOOL TEACHING HOSPITALS NHS FOUNDATION TRUST,19140,33505,0.571,86,10,21,3,Mar,,Yes
Q4 (2024/25),RTT,18 Weeks,South East,RTH,OXFORD UNIVERSITY HOSPITALS NHS FOUNDATION TRUST,51258,89763,0.571,86,11,18,3,Mar,,Yes
Q4 (2024/25),RTT,18 Weeks,North East,RNN,NORTH CUMBRIA INTEGRATED CARE NHS FOUNDATION TRUST,22713,39833,0.57,88,21,22,3,Mar,,Yes
Q4 (2024/25),RTT,18 Weeks,Midlands,RFS,CHESTERFIELD ROYAL HOSPITAL NHS FOUNDATION TRUST,16757,29489,0.568,89,12,23,3,Mar,,Yes
Q4 (2024/25),RTT,18 Weeks,North West,RBT,MID CHESHIRE HOSPITALS NHS FOUNDATION TRUST,20864,36755,0.568,89,11,21,3,Mar,,Yes
Q4 (2024/25),RTT,18 Weeks,South East,RPC,QUEEN VICTORIA HOSPITAL NHS FOUNDATION TRUST,10273,18183,0.565,91,12,18,3,Mar,,Yes
Q4 (2024/25),RTT,18 Weeks,Midlands,RLQ,WYE VALLEY NHS TRUST,13123,23209,0.565,91,13,23,3,Mar,,Yes
Q4 (2024/25),RTT,18 Weeks,North West,RRF,"WRIGHTINGTON, WIGAN AND LEIGH NHS FOUNDATION TRUST",28090,50122,0.56,93,12,21,3,Mar,,Yes
Q4 (2024/25),RTT,18 Weeks,East,RGR,WEST SUFFOLK NHS FOUNDATION TRUST,20064,35877,0.559,94,6,14,3,Mar,,Yes
Q4 (2024/25),RTT,18 Weeks,East,RDE,EAST SUFFOLK AND NORTH ESSEX NHS FOUNDATION TRUST,50685,90842,0.558,95,7,14,3,Mar,,Yes
Q4 (2024/25),RTT,18 Weeks,North West,RXN,LANCASHIRE TEACHING HOSPITALS NHS FOUNDATION TRUST,33974,60985,0.557,96,13,21,3,Mar,,Yes
Q4 (2024/25),RTT,18 Weeks,North West,RMC,BOLTON NHS FOUNDATION TRUST,21902,39518,0.554,97,14,21,3,Mar,,Yes
Q4 (2024/25),RTT,18 Weeks,South East,RTP,SURREY AND SUSSEX HEALTHCARE NHS TRUST,29355,52945,0.554,97,13,18,3,Mar,,Yes
Q4 (2024/25),RTT,18 Weeks,London,R1H,BARTS HEALTH NHS TRUST,68707,124135,0.553,99,18,20,3,Mar,,Yes
Q4 (2024/25),RTT,18 Weeks,Midlands,RXK,SANDWELL AND WEST BIRMINGHAM HOSPITALS NHS TRUST,36082,65195,0.553,99,14,23,3,Mar,,Yes
Q4 (2024/25),RTT,18 Weeks,North West,RWJ,STOCKPORT NHS FOUNDATION TRUST,19651,35589,0.552,101,15,21,3,Mar,,Yes
Q4 (2024/25),RTT,18 Weeks,Midlands,RWE,UNIVERSITY HOSPITALS OF LEICESTER NHS TRUST,59405,107597,0.552,101,15,23,3,Mar,,Yes
Q4 (2024/25),RTT,18 Weeks,North East,RCB,YORK AND SCARBOROUGH TEACHING HOSPITALS NHS FOUNDATION TRUST,25732,46602,0.552,101,22,22,3,Mar,,Yes
Q4 (2024/25),RTT,18 Weeks,East,RGP,JAMES PAGET UNIVERSITY HOSPITALS NHS FOUNDATION TRUST,18209,33286,0.547,104,8,14,3,Mar,,Yes
Q4 (2024/25),RTT,18 Weeks,Midlands,RRJ,THE ROYAL ORTHOPAEDIC HOSPITAL NHS FOUNDATION TRUST,6962,12738,0.547,104,16,23,3,Mar,,Yes
Q4 (2024/25),RTT,18 Weeks,North West,RBS,ALDER HEY CHILDREN'S NHS FOUNDATION TRUST,11248,20797,0.541,106,16,21,3,Mar,,Yes
Q4 (2024/25),RTT,18 Weeks,Midlands,RTG,UNIVERSITY HOSPITALS OF DERBY AND BURTON NHS FOUNDATION TRUST,58333,108135,0.539,107,17,23,3,Mar,,Yes
Q4 (2024/25),RTT,18 Weeks,South East,RHU,PORTSMOUTH HOSPITALS UNIVERSITY NATIONAL HEALTH SERVICE TRUST,32451,60472,0.537,108,14,18,3,Mar,,Yes
Q4 (2024/25),RTT,18 Weeks,Midlands,RWD,UNITED LINCOLNSHIRE TEACHING HOSPITALS NHS TRUST,38264,71578,0.535,109,18,23,3,Mar,,Yes
Q4 (2024/25),RTT,18 Weeks,South East,RDU,FRIMLEY HEALTH NHS FOUNDATION TRUST,39030,73101,0.534,110,15,18,3,Mar,,Yes
Q4 (2024/25),RTT,18 Weeks,South East,RVV,EAST KENT HOSPITALS UNIVERSITY NHS FOUNDATION TRUST,43187,80966,0.533,111,16,18,3,Mar,,Yes
Q4 (2024/25),RTT,18 Weeks,North West,REM,LIVERPOOL UNIVERSITY HOSPITALS NHS FOUNDATION TRUST,37648,70730,0.532,112,17,21,3,Mar,,Yes
Q4 (2024/25),RTT,18 Weeks,South East,RPA,MEDWAY NHS FOUNDATION TRUST,21156,39949,0.53,113,17,18,3,Mar,,Yes
Q4 (2024/25),RTT,18 Weeks,East,RM1,NORFOLK AND NORWICH UNIVERSITY HOSPITALS NHS FOUNDATION TRUST,43384,81816,0.53,113,9,14,3,Mar,,Yes
Q4 (2024/25),RTT,18 Weeks,London,RAS,THE HILLINGDON HOSPITALS NHS FOUNDATION TRUST,15780,29777,0.53,113,19,20,3,Mar,,Yes
Q4 (2024/25),RTT,18 Weeks,East,RGN,NORTH WEST ANGLIA NHS FOUNDATION TRUST,41299,78001,0.529,116,10,14,3,Mar,,Yes
Q4 (2024/25),RTT,18 Weeks,North West,RM3,NORTHERN CARE ALLIANCE NHS FOUNDATION TRUST,72540,138011,0.526,117,18,21,3,Mar,,Yes
Q4 (2024/25),RTT,18 Weeks,Midlands,RKB,UNIVERSITY HOSPITALS COVENTRY AND WARWICKSHIRE NHS TRUST,45324,86546,0.524,118,19,23,3,Mar,,Yes
Q4 (2024/25),RTT,18 Weeks,London,R1K,LONDON NORTH WEST UNIVERSITY HEALTHCARE NHS TRUST,46344,89825,0.516,119,20,20,3,Mar,,Yes
Q4 (2024/25),RTT,18 Weeks,Midlands,RL4,THE ROYAL WOLVERHAMPTON NHS TRUST,45351,88133,0.515,120,20,23,3,Mar,,Yes
Q4 (2024/25),RTT,18 Weeks,North West,R0A,MANCHESTER UNIVERSITY NHS FOUNDATION TRUST,99090,192638,0.514,121,19,21,3,Mar,,Yes
Q4 (2024/25),RTT,18 Weeks,East,RC9,BEDFORDSHIRE HOSPITALS NHS FOUNDATION TRUST,52489,102738,0.511,122,11,14,3,Mar,,Yes
Q4 (2024/25),RTT,18 Weeks,North West,REP,LIVERPOOL WOMEN'S NHS FOUNDATION TRUST,8326,16348,0.509,123,20,21,3,Mar,,Yes
Q4 (2024/25),RTT,18 Weeks,Midlands,RRK,UNIVERSITY HOSPITALS BIRMINGHAM NHS FOUNDATION TRUST,53973,107656,0.501,124,21,23,3,Mar,,Yes
Q4 (2024/25),RTT,18 Weeks,East,RAJ,MID AND SOUTH ESSEX NHS FOUNDATION TRUST,84726,172371,0.492,125,12,14,3,Mar,,Yes
Q4 (2024/25),RTT,18 Weeks,South East,RYR,UNIVERSITY HOSPITALS SUSSEX NHS FOUNDATION TRUST,55830,114125,0.489,126,18,18,3,Mar,,Yes
Q4 (2024/25),RTT,18 Weeks,North West,RJR,COUNTESS OF CHESTER HOSPITAL NHS FOUNDATION TRUST,16913,34895,0.485,127,21,21,3,Mar,,Yes
Q4 (2024/25),RTT,18 Weeks,Midlands,RXW,THE SHREWSBURY AND TELFORD HOSPITAL NHS TRUST,20054,41669,0.481,128,22,23,3,Mar,,Yes
Q4 (2024/25),RTT,18 Weeks,East,RD8,MILTON KEYNES UNIVERSITY HOSPITAL NHS FOUNDATION TRUST,15027,31447,0.478,129,13,14,3,Mar,,Yes
Q4 (2024/25),RTT,18 Weeks,East,RQW,THE PRINCESS ALEXANDRA HOSPITAL NHS TRUST,25060,54268,0.462,130,14,14,3,Mar,,Yes
Q4 (2024/25),RTT,18 Weeks,Midlands,RL1,THE ROBERT JONES AND AGNES HUNT ORTHOPAEDIC HOSPITAL NHS FOUNDATION TRUST,7924,17172,0.461,131,23,23,3,Mar,,Yes
Q4 (2024/25),RTT,52+ Weeks,North East,RR7,GATESHEAD HEALTH NHS FOUNDATION TRUST,0,13362,0,1,1,22,3,Mar,,Yes
Q4 (2024/25),RTT,52+ Weeks,North East,RCD,HARROGATE AND DISTRICT NHS FOUNDATION TRUST,0,21376,0,1,1,22,3,Mar,,Yes
Q4 (2024/25),RTT,52+ Weeks,South East,RWF,MAIDSTONE AND TUNBRIDGE WELLS NHS TRUST,0,45859,0,1,1,18,3,Mar,,Yes
Q4 (2024/25),RTT,52+ Weeks,North West,RMP,TAMESIDE AND GLOSSOP INTEGRATED CARE NHS FOUNDATION TRUST,0,17033,0,1,1,21,3,Mar,,Yes
Q4 (2024/25),RTT,52+ Weeks,London,RP6,MOORFIELDS EYE HOSPITAL NHS FOUNDATION TRUST,18,33136,0.0005,5,1,20,3,Mar,,Yes
Q4 (2024/25),RTT,52+ Weeks,North East,R0B,SOUTH TYNESIDE AND SUNDERLAND NHS FOUNDATION TRUST,30,57721,0.0005,5,3,22,3,Mar,,Yes
Q4 (2024/25),RTT,52+ Weeks,North East,RTF,NORTHUMBRIA HEALTHCARE NHS FOUNDATION TRUST,22,36021,0.0006,7,4,22,3,Mar,,Yes
Q4 (2024/25),RTT,52+ Weeks,North East,RWY,CALDERDALE AND HUDDERSFIELD NHS FOUNDATION TRUST,25,36358,0.0007,8,5,22,3,Mar,,Yes
Q4 (2024/25),RTT,52+ Weeks,South East,R1F,ISLE OF WIGHT NHS TRUST,14,13702,0.001,9,2,18,3,Mar,,Yes
Q4 (2024/25),RTT,52+ Weeks,South East,RHW,ROYAL BERKSHIRE NHS FOUNDATION TRUST,46,37092,0.0012,10,3,18,3,Mar,,Yes
Q4 (2024/25),RTT,52+ Weeks,South West,RTE,GLOUCESTERSHIRE HOSPITALS NHS FOUNDATION TRUST,123,67959,0.0018,11,1,13,3,Mar,,Yes
Q4 (2024/25),RTT,52+ Weeks,South West,RVJ,NORTH BRISTOL NHS TRUST,147,43315,0.0034,12,2,13,3,Mar,,Yes
Q4 (2024/25),RTT,52+ Weeks,North East,RCF,AIREDALE NHS FOUNDATION TRUST,49,14083,0.0035,13,6,22,3,Mar,,Yes
Q4 (2024/25),RTT,52+ Weeks,London,RQX,HOMERTON HEALTHCARE NHS FOUNDATION TRUST,135,36246,0.0037,14,2,20,3,Mar,,Yes
Q4 (2024/25),RTT,52+ Weeks,Midlands,RBK,WALSALL HEALTHCARE NHS TRUST,107,28676,0.0037,14,1,23,3,Mar,,Yes
Q4 (2024/25),RTT,52+ Weeks,Midlands,RQ3,BIRMINGHAM WOMEN'S AND CHILDREN'S NHS FOUNDATION TRUST,99,25610,0.0039,16,2,23,3,Mar,,Yes
Q4 (2024/25),RTT,52+ Weeks,North East,RFF,BARNSLEY HOSPITAL NHS FOUNDATION TRUST,103,24309,0.0042,17,7,22,3,Mar,,Yes
Q4 (2024/25),RTT,52+ Weeks,London,RQM,CHELSEA AND WESTMINSTER HOSPITAL NHS FOUNDATION TRUST,303,67104,0.0045,18,3,20,3,Mar,,Yes
Q4 (2024/25),RTT,52+ Weeks,North East,RXF,MID YORKSHIRE TEACHING NHS TRUST,242,54077,0.0045,18,8,22,3,Mar,,Yes
Q4 (2024/25),RTT,52+ Weeks,London,RAX,KINGSTON AND RICHMOND NHS FOUNDATION TRUST,182,38612,0.0047,20,4,20,3,Mar,,Yes
Q4 (2024/25),RTT,52+ Weeks,North East,RAE,BRADFORD TEACHING HOSPITALS NHS FOUNDATION TRUST,158,32438,0.0049,21,9,22,3,Mar,,Yes
Q4 (2024/25),RTT,52+ Weeks,North West,RJN,EAST CHESHIRE NHS TRUST,77,13530,0.0057,22,2,21,3,Mar,,Yes
Q4 (2024/25),RTT,52+ Weeks,London,RAN,ROYAL NATIONAL ORTHOPAEDIC HOSPITAL NHS TRUST,55,8539,0.0064,23,5,20,3,Mar,,Yes
Q4 (2024/25),RTT,52+ Weeks,East,RGM,ROYAL PAPWORTH HOSPITAL NHS FOUNDATION TRUST,51,7403,0.0069,24,1,14,3,Mar,,Yes
Q4 (2024/25),RTT,52+ Weeks,Midlands,RNQ,KETTERING GENERAL HOSPITAL NHS FOUNDATION TRUST,187,24945,0.0075,25,3,23,3,Mar,,Yes
Q4 (2024/25),RTT,52+ Weeks,North West,RET,THE WALTON CENTRE NHS FOUNDATION TRUST,107,14327,0.0075,25,3,21,3,Mar,,Yes
Q4 (2024/25),RTT,52+ Weeks,South West,REF,ROYAL CORNWALL HOSPITALS NHS TRUST,342,41019,0.0083,27,3,13,3,Mar,,Yes
Q4 (2024/25),RTT,52+ Weeks,North East,RXP,COUNTY DURHAM AND DARLINGTON NHS FOUNDATION TRUST,329,39124,0.0084,28,10,22,3,Mar,,Yes
Q4 (2024/25),RTT,52+ Weeks,North East,RVW,NORTH TEES AND HARTLEPOOL NHS FOUNDATION TRUST,173,20571,0.0084,28,10,22,3,Mar,,Yes
Q4 (2024/25),RTT,52+ Weeks,London,RAS,THE HILLINGDON HOSPITALS NHS FOUNDATION TRUST,271,29777,0.0091,30,6,20,3,Mar,,Yes
Q4 (2024/25),RTT,52+ Weeks,North West,RBQ,LIVERPOOL HEART AND CHEST HOSPITAL NHS FOUNDATION TRUST,56,5711,0.0098,31,4,21,3,Mar,,Yes
Q4 (2024/25),RTT,52+ Weeks,London,RF4,"BARKING, HAVERING AND REDBRIDGE UNIVERSITY HOSPITALS NHS TRUST",574,55548,0.0103,32,7,20,3,Mar,,Yes
Q4 (2024/25),RTT,52+ Weeks,North West,RTX,UNIVERSITY HOSPITALS OF MORECAMBE BAY NHS FOUNDATION TRUST,368,34222,0.0108,33,5,21,3,Mar,,Yes
Q4 (2024/25),RTT,52+ Weeks,South West,RA7,UNIVERSITY HOSPITALS BRISTOL AND WESTON NHS FOUNDATION TRUST,603,54577,0.011,34,4,13,3,Mar,,Yes
Q4 (2024/25),RTT,52+ Weeks,South East,RTK,ASHFORD AND ST PETER'S HOSPITALS NHS FOUNDATION TRUST,671,59040,0.0114,35,4,18,3,Mar,,Yes
Q4 (2024/25),RTT,52+ Weeks,North West,RBS,ALDER HEY CHILDREN'S NHS FOUNDATION TRUST,247,20797,0.0119,36,6,21,3,Mar,,Yes
Q4 (2024/25),RTT,52+ Weeks,London,RKE,WHITTINGTON HEALTH NHS TRUST,300,25230,0.0119,36,8,20,3,Mar,,Yes
Q4 (2024/25),RTT,52+ Weeks,Midlands,RJC,SOUTH WARWICKSHIRE UNIVERSITY NHS FOUNDATION TRUST,397,32480,0.0122,38,4,23,3,Mar,,Yes
Q4 (2024/25),RTT,52+ Weeks,South East,RTP,SURREY AND SUSSEX HEALTHCARE NHS TRUST,695,52945,0.0131,39,5,18,3,Mar,,Yes
Q4 (2024/25),RTT,52+ Weeks,Midlands,RK5,SHERWOOD FOREST HOSPITALS NHS FOUNDATION TRUST,469,35323,0.0133,40,5,23,3,Mar,,Yes
Q4 (2024/25),RTT,52+ Weeks,South West,RD1,ROYAL UNITED HOSPITALS BATH NHS FOUNDATION TRUST,547,40687,0.0134,41,5,13,3,Mar,,Yes
Q4 (2024/25),RTT,52+ Weeks,London,RVR,EPSOM AND ST HELIER UNIVERSITY HOSPITALS NHS TRUST,687,50060,0.0137,42,9,20,3,Mar,,Yes
Q4 (2024/25),RTT,52+ Weeks,London,RJZ,KING'S COLLEGE HOSPITAL NHS FOUNDATION TRUST,1284,88601,0.0145,43,10,20,3,Mar,,Yes
Q4 (2024/25),RTT,52+ Weeks,Midlands,RWP,WORCESTERSHIRE ACUTE HOSPITALS NHS TRUST,811,55410,0.0146,44,6,23,3,Mar,,Yes
Q4 (2024/25),RTT,52+ Weeks,Midlands,RNA,THE DUDLEY GROUP NHS FOUNDATION TRUST,691,44722,0.0155,45,7,23,3,Mar,,Yes
Q4 (2024/25),RTT,52+ Weeks,North East,RTD,THE NEWCASTLE UPON TYNE HOSPITALS NHS FOUNDATION TRUST,1496,94680,0.0158,46,12,22,3,Mar,,Yes
Q4 (2024/25),RTT,52+ Weeks,London,RRV,UNIVERSITY COLLEGE LONDON HOSPITALS NHS FOUNDATION TRUST,1165,72470,0.0161,47,11,20,3,Mar,,Yes
Q4 (2024/25),RTT,52+ Weeks,London,RJ7,ST GEORGE'S UNIVERSITY HOSPITALS NHS FOUNDATION TRUST,1161,70578,0.0164,48,12,20,3,Mar,,Yes
Q4 (2024/25),RTT,52+ Weeks,South West,RBD,DORSET COUNTY HOSPITAL NHS FOUNDATION TRUST,350,21133,0.0166,49,6,13,3,Mar,,Yes
Q4 (2024/25),RTT,52+ Weeks,East,RWH,EAST AND NORTH HERTFORDSHIRE NHS TRUST,960,57681,0.0166,49,2,14,3,Mar,,Yes
Q4 (2024/25),RTT,52+ Weeks,South East,RXC,EAST SUSSEX HEALTHCARE NHS TRUST,1082,63910,0.0169,51,6,18,3,Mar,,Yes
Q4 (2024/25),RTT,52+ Weeks,Midlands,RNS,NORTHAMPTON GENERAL HOSPITAL NHS TRUST,736,41670,0.0177,52,8,23,3,Mar,,Yes
Q4 (2024/25),RTT,52+ Weeks,Midlands,RWE,UNIVERSITY HOSPITALS OF LEICESTER NHS TRUST,1976,107597,0.0184,53,9,23,3,Mar,,Yes
Q4 (2024/25),RTT,52+ Weeks,South East,RHM,UNIVERSITY HOSPITAL SOUTHAMPTON NHS FOUNDATION TRUST,1147,61681,0.0186,54,7,18,3,Mar,,Yes
Q4 (2024/25),RTT,52+ Weeks,South East,RN7,DARTFORD AND GRAVESHAM NHS TRUST,614,32427,0.0189,55,8,18,3,Mar,,Yes
Q4 (2024/25),RTT,52+ Weeks,Midlands,RKB,UNIVERSITY HOSPITALS COVENTRY AND WARWICKSHIRE NHS TRUST,1651,86546,0.0191,56,10,23,3,Mar,,Yes
Q4 (2024/25),RTT,52+ Weeks,East,RWG,WEST HERTFORDSHIRE TEACHING HOSPITALS NHS TRUST,879,45315,0.0194,57,3,14,3,Mar,,Yes
Q4 (2024/25),RTT,52+ Weeks,South East,RPC,QUEEN VICTORIA HOSPITAL NHS FOUNDATION TRUST,362,18183,0.0199,58,9,18,3,Mar,,Yes
Q4 (2024/25),RTT,52+ Weeks,Midlands,RTG,UNIVERSITY HOSPITALS OF DERBY AND BURTON NHS FOUNDATION TRUST,2164,108135,0.02,59,11,23,3,Mar,,Yes
Q4 (2024/25),RTT,52+ Weeks,Midlands,RJE,UNIVERSITY HOSPITALS OF NORTH MIDLANDS NHS TRUST,1420,70871,0.02,59,11,23,3,Mar,,Yes
Q4 (2024/25),RTT,52+ Weeks,North East,RJL,NORTHERN LINCOLNSHIRE AND GOOLE NHS FOUNDATION TRUST,868,42286,0.0205,61,13,22,3,Mar,,Yes
Q4 (2024/25),RTT,52+ Weeks,North East,RHQ,SHEFFIELD TEACHING HOSPITALS NHS FOUNDATION TRUST,1894,92473,0.0205,61,13,22,3,Mar,,Yes
Q4 (2024/25),RTT,52+ Weeks,London,RJ1,GUY'S AND ST THOMAS' NHS FOUNDATION TRUST,2506,121183,0.0207,63,13,20,3,Mar,,Yes
Q4 (2024/25),RTT,52+ Weeks,Midlands,RXK,SANDWELL AND WEST BIRMINGHAM HOSPITALS NHS TRUST,1349,65195,0.0207,63,13,23,3,Mar,,Yes
Q4 (2024/25),RTT,52+ Weeks,London,RYJ,IMPERIAL COLLEGE HEALTHCARE NHS TRUST,1882,89953,0.0209,65,14,20,3,Mar,,Yes
Q4 (2024/25),RTT,52+ Weeks,North West,REP,LIVERPOOL WOMEN'S NHS FOUNDATION TRUST,341,16348,0.0209,65,7,21,3,Mar,,Yes
Q4 (2024/25),RTT,52+ Weeks,London,RJ6,CROYDON HEALTH SERVICES NHS TRUST,719,34126,0.0211,67,15,20,3,Mar,,Yes
Q4 (2024/25),RTT,52+ Weeks,South West,RH5,SOMERSET NHS FOUNDATION TRUST,1256,59593,0.0211,67,7,13,3,Mar,,Yes
Q4 (2024/25),RTT,52+ Weeks,East,RCX,"THE QUEEN ELIZABETH HOSPITAL, KING'S LYNN, NHS FOUNDATION TRUST",548,25512,0.0215,69,4,14,3,Mar,,Yes
Q4 (2024/25),RTT,52+ Weeks,North East,RCU,SHEFFIELD CHILDREN'S NHS FOUNDATION TRUST,277,12438,0.0223,70,15,22,3,Mar,,Yes
Q4 (2024/25),RTT,52+ Weeks,North West,RBL,WIRRAL UNIVERSITY TEACHING HOSPITAL NHS FOUNDATION TRUST,1100,49099,0.0224,71,8,21,3,Mar,,Yes
Q4 (2024/25),RTT,52+ Weeks,North West,RXN,LANCASHIRE TEACHING HOSPITALS NHS FOUNDATION TRUST,1372,60985,0.0225,72,9,21,3,Mar,,Yes
Q4 (2024/25),RTT,52+ Weeks,North East,RCB,YORK AND SCARBOROUGH TEACHING HOSPITALS NHS FOUNDATION TRUST,1057,46602,0.0227,73,16,22,3,Mar,,Yes
Q4 (2024/25),RTT,52+ Weeks,Midlands,RWD,UNITED LINCOLNSHIRE TEACHING HOSPITALS NHS TRUST,1629,71578,0.0228,74,14,23,3,Mar,,Yes
Q4 (2024/25),RTT,52+ Weeks,North East,RNN,NORTH CUMBRIA INTEGRATED CARE NHS FOUNDATION TRUST,934,39833,0.0234,75,17,22,3,Mar,,Yes
Q4 (2024/25),RTT,52+ Weeks,South West,RNZ,SALISBURY NHS FOUNDATION TRUST,663,28081,0.0236,76,8,13,3,Mar,,Yes
Q4 (2024/25),RTT,52+ Weeks,Midlands,RL4,THE ROYAL WOLVERHAMPTON NHS TRUST,2088,88133,0.0237,77,15,23,3,Mar,,Yes
Q4 (2024/25),RTT,52+ Weeks,Midlands,RLQ,WYE VALLEY NHS TRUST,549,23209,0.0237,77,15,23,3,Mar,,Yes
Q4 (2024/25),RTT,52+ Weeks,South East,RXQ,BUCKINGHAMSHIRE HEALTHCARE NHS TRUST,1155,47817,0.0242,79,10,18,3,Mar,,Yes
Q4 (2024/25),RTT,52+ Weeks,London,RAL,ROYAL FREE LONDON NHS FOUNDATION TRUST,3605,146444,0.0246,80,16,20,3,Mar,,Yes
Q4 (2024/25),RTT,52+ Weeks,South West,RN3,GREAT WESTERN HOSPITALS NHS FOUNDATION TRUST,950,38177,0.0249,81,9,13,3,Mar,,Yes
Q4 (2024/25),RTT,52+ Weeks,North East,RFR,THE ROTHERHAM NHS FOUNDATION TRUST,790,31592,0.025,82,18,22,3,Mar,,Yes
Q4 (2024/25),RTT,52+ Weeks,North West,RBN,MERSEY AND WEST LANCASHIRE TEACHING HOSPITALS NHS TRUST,1910,75365,0.0253,83,10,21,3,Mar,,Yes
Q4 (2024/25),RTT,52+ Weeks,North East,RP5,DONCASTER AND BASSETLAW TEACHING HOSPITALS NHS FOUNDATION TRUST,1397,54906,0.0254,84,19,22,3,Mar,,Yes
Q4 (2024/25),RTT,52+ Weeks,Midlands,RX1,NOTTINGHAM UNIVERSITY HOSPITALS NHS TRUST,2306,88054,0.0262,85,17,23,3,Mar,,Yes
Q4 (2024/25),RTT,52+ Weeks,London,RP4,GREAT ORMOND STREET HOSPITAL FOR CHILDREN NHS FOUNDATION TRUST,211,8009,0.0263,86,17,20,3,Mar,,Yes
Q4 (2024/25),RTT,52+ Weeks,North East,RR8,LEEDS TEACHING HOSPITALS NHS TRUST,2354,89009,0.0264,87,20,22,3,Mar,,Yes
Q4 (2024/25),RTT,52+ Weeks,South East,RN5,HAMPSHIRE HOSPITALS NHS FOUNDATION TRUST,1378,51165,0.0269,88,11,18,3,Mar,,Yes
Q4 (2024/25),RTT,52+ Weeks,North East,RTR,SOUTH TEES HOSPITALS NHS FOUNDATION TRUST,1541,56877,0.0271,89,21,22,3,Mar,,Yes
Q4 (2024/25),RTT,52+ Weeks,South West,RA9,TORBAY AND SOUTH DEVON NHS FOUNDATION TRUST,930,34331,0.0271,89,10,13,3,Mar,,Yes
Q4 (2024/25),RTT,52+ Weeks,East,RC9,BEDFORDSHIRE HOSPITALS NHS FOUNDATION TRUST,2838,102738,0.0276,91,5,14,3,Mar,,Yes
Q4 (2024/25),RTT,52+ Weeks,South West,RH8,ROYAL DEVON UNIVERSITY HEALTHCARE NHS FOUNDATION TRUST,1986,71100,0.0279,92,11,13,3,Mar,,Yes
Q4 (2024/25),RTT,52+ Weeks,South East,RVV,EAST KENT HOSPITALS UNIVERSITY NHS FOUNDATION TRUST,2271,80966,0.028,93,12,18,3,Mar,,Yes
Q4 (2024/25),RTT,52+ Weeks,London,R1H,BARTS HEALTH NHS TRUST,3499,124135,0.0282,94,18,20,3,Mar,,Yes
Q4 (2024/25),RTT,52+ Weeks,Midlands,RLT,GEORGE ELIOT HOSPITAL NHS TRUST,557,19702,0.0283,95,18,23,3,Mar,,Yes
Q4 (2024/25),RTT,52+ Weeks,South East,RTH,OXFORD UNIVERSITY HOSPITALS NHS FOUNDATION TRUST,2707,89763,0.0302,96,13,18,3,Mar,,Yes
Q4 (2024/25),RTT,52+ Weeks,North West,RMC,BOLTON NHS FOUNDATION TRUST,1240,39518,0.0314,97,11,21,3,Mar,,Yes
Q4 (2024/25),RTT,52+ Weeks,London,R1K,LONDON NORTH WEST UNIVERSITY HEALTHCARE NHS TRUST,2888,89825,0.0322,98,19,20,3,Mar,,Yes
Q4 (2024/25),RTT,52+ Weeks,North East,RWA,HULL UNIVERSITY TEACHING HOSPITALS NHS TRUST,2543,78509,0.0324,99,22,22,3,Mar,,Yes
Q4 (2024/25),RTT,52+ Weeks,South West,R0D,UNIVERSITY HOSPITALS DORSET NHS FOUNDATION TRUST,2180,67079,0.0325,100,12,13,3,Mar,,Yes
Q4 (2024/25),RTT,52+ Weeks,East,RDE,EAST SUFFOLK AND NORTH ESSEX NHS FOUNDATION TRUST,3012,90842,0.0332,101,6,14,3,Mar,,Yes
Q4 (2024/25),RTT,52+ Weeks,Midlands,RFS,CHESTERFIELD ROYAL HOSPITAL NHS FOUNDATION TRUST,983,29489,0.0333,102,19,23,3,Mar,,Yes
Q4 (2024/25),RTT,52+ Weeks,South East,RHU,PORTSMOUTH HOSPITALS UNIVERSITY NATIONAL HEALTH SERVICE TRUST,2016,60472,0.0333,102,14,18,3,Mar,,Yes
Q4 (2024/25),RTT,52+ Weeks,South West,RK9,UNIVERSITY HOSPITALS PLYMOUTH NHS TRUST,1618,48127,0.0336,104,13,13,3,Mar,,Yes
Q4 (2024/25),RTT,52+ Weeks,East,RGN,NORTH WEST ANGLIA NHS FOUNDATION TRUST,2647,78001,0.0339,105,7,14,3,Mar,,Yes
Q4 (2024/25),RTT,52+ Weeks,East,RGR,WEST SUFFOLK NHS FOUNDATION TRUST,1223,35877,0.0341,106,8,14,3,Mar,,Yes
Q4 (2024/25),RTT,52+ Weeks,North West,REM,LIVERPOOL UNIVERSITY HOSPITALS NHS FOUNDATION TRUST,2459,70730,0.0348,107,12,21,3,Mar,,Yes
Q4 (2024/25),RTT,52+ Weeks,North West,RM3,NORTHERN CARE ALLIANCE NHS FOUNDATION TRUST,4807,138011,0.0348,107,12,21,3,Mar,,Yes
Q4 (2024/25),RTT,52+ Weeks,East,RGT,CAMBRIDGE UNIVERSITY HOSPITALS NHS FOUNDATION TRUST,2301,65685,0.035,109,9,14,3,Mar,,Yes
Q4 (2024/25),RTT,52+ Weeks,Midlands,RXW,THE SHREWSBURY AND TELFORD HOSPITAL NHS TRUST,1512,41669,0.0363,110,20,23,3,Mar,,Yes
Q4 (2024/25),RTT,52+ Weeks,North West,RRF,"WRIGHTINGTON, WIGAN AND LEIGH NHS FOUNDATION TRUST",1885,50122,0.0376,111,14,21,3,Mar,,Yes
Q4 (2024/25),RTT,52+ Weeks,Midlands,RRJ,THE ROYAL ORTHOPAEDIC HOSPITAL NHS FOUNDATION TRUST,487,12738,0.0382,112,21,23,3,Mar,,Yes
Q4 (2024/25),RTT,52+ Weeks,North West,RBT,MID CHESHIRE HOSPITALS NHS FOUNDATION TRUST,1454,36755,0.0396,113,15,21,3,Mar,,Yes
Q4 (2024/25),RTT,52+ Weeks,North West,RWW,WARRINGTON AND HALTON TEACHING HOSPITALS NHS FOUNDATION TRUST,1385,34726,0.0399,114,16,21,3,Mar,,Yes
Q4 (2024/25),RTT,52+ Weeks,North West,RXL,BLACKPOOL TEACHING HOSPITALS NHS FOUNDATION TRUST,1377,33505,0.0411,115,17,21,3,Mar,,Yes
Q4 (2024/25),RTT,52+ Weeks,South East,RDU,FRIMLEY HEALTH NHS FOUNDATION TRUST,3052,73101,0.0418,116,15,18,3,Mar,,Yes
Q4 (2024/25),RTT,52+ Weeks,South East,RA2,ROYAL SURREY COUNTY HOSPITAL NHS FOUNDATION TRUST,1307,31174,0.0419,117,16,18,3,Mar,,Yes
Q4 (2024/25),RTT,52+ Weeks,North West,RXR,EAST LANCASHIRE HOSPITALS NHS TRUST,2556,60807,0.042,118,18,21,3,Mar,,Yes
Q4 (2024/25),RTT,52+ Weeks,South East,RPA,MEDWAY NHS FOUNDATION TRUST,1695,39949,0.0424,119,17,18,3,Mar,,Yes
Q4 (2024/25),RTT,52+ Weeks,Midlands,RRK,UNIVERSITY HOSPITALS BIRMINGHAM NHS FOUNDATION TRUST,4684,107656,0.0435,120,22,23,3,Mar,,Yes
Q4 (2024/25),RTT,52+ Weeks,North West,R0A,MANCHESTER UNIVERSITY NHS FOUNDATION TRUST,8432,192638,0.0438,121,19,21,3,Mar,,Yes
Q4 (2024/25),RTT,52+ Weeks,London,RJ2,LEWISHAM AND GREENWICH NHS TRUST,2649,59739,0.0443,122,20,20,3,Mar,,Yes
Q4 (2024/25),RTT,52+ Weeks,East,RM1,NORFOLK AND NORWICH UNIVERSITY HOSPITALS NHS FOUNDATION TRUST,3754,81816,0.0459,123,10,14,3,Mar,,Yes
Q4 (2024/25),RTT,52+ Weeks,North West,RWJ,STOCKPORT NHS FOUNDATION TRUST,1644,35589,0.0462,124,20,21,3,Mar,,Yes
Q4 (2024/25),RTT,52+ Weeks,East,RGP,JAMES PAGET UNIVERSITY HOSPITALS NHS FOUNDATION TRUST,1546,33286,0.0464,125,11,14,3,Mar,,Yes
Q4 (2024/25),RTT,52+ Weeks,East,RD8,MILTON KEYNES UNIVERSITY HOSPITAL NHS FOUNDATION TRUST,1487,31447,0.0473,126,12,14,3,Mar,,Yes
Q4 (2024/25),RTT,52+ Weeks,Midlands,RL1,THE ROBERT JONES AND AGNES HUNT ORTHOPAEDIC HOSPITAL NHS FOUNDATION TRUST,882,17172,0.0514,127,23,23,3,Mar,,Yes
Q4 (2024/25),RTT,52+ Weeks,East,RQW,THE PRINCESS ALEXANDRA HOSPITAL NHS TRUST,2851,54268,0.0525,128,13,14,3,Mar,,Yes
Q4 (2024/25),RTT,52+ Weeks,North West,RJR,COUNTESS OF CHESTER HOSPITAL NHS FOUNDATION TRUST,1909,34895,0.0547,129,21,21,3,Mar,,Yes
Q4 (2024/25),RTT,52+ Weeks,East,RAJ,MID AND SOUTH ESSEX NHS FOUNDATION TRUST,10212,172371,0.0592,130,14,14,3,Mar,,Yes
Q4 (2024/25),RTT,52+ Weeks,South East,RYR,UNIVERSITY HOSPITALS SUSSEX NHS FOUNDATION TRUST,6923,114125,0.0607,131,18,18,3,Mar,,Yes
Q4 (2024/25),Diagnostics,6+ Weeks,Midlands,RYG,Coventry and Warwickshire Partnership NHS Trust,0,114,0,1,1,27,3,Mar,,Yes
Q4 (2024/25),Diagnostics,6+ Weeks,North West,REN,The Clatterbridge Cancer Centre NHS Foundation Trust,0,22,0,1,1,26,3,Mar,,Yes
Q4 (2024/25),Diagnostics,6+ Weeks,North West,RY7,Wirral Community Health and Care NHS Foundation Trust,0,219,0,1,1,26,3,Mar,,Yes
Q4 (2024/25),Diagnostics,6+ Weeks,Midlands,RRJ,The Royal Orthopaedic Hospital NHS Foundation Trust,1,1047,0.001,4,2,27,3,Mar,,Yes
Q4 (2024/25),Diagnostics,6+ Weeks,North East,RXF,Mid Yorkshire Teaching NHS Trust,26,9525,0.003,5,1,24,3,Mar,,Yes
Q4 (2024/25),Diagnostics,6+ Weeks,North West,RET,The Walton Centre NHS Foundation Trust,6,1740,0.003,5,3,26,3,Mar,,Yes
Q4 (2024/25),Diagnostics,6+ Weeks,North West,RMP,Tameside and Glossop Integrated Care NHS Foundation Trust,13,3233,0.004,7,4,26,3,Mar,,Yes
Q4 (2024/25),Diagnostics,6+ Weeks,South West,RVJ,North Bristol NHS Trust,62,10953,0.006,8,1,15,3,Mar,,Yes
Q4 (2024/25),Diagnostics,6+ Weeks,North East,RFR,The Rotherham NHS Foundation Trust,35,5957,0.006,8,2,24,3,Mar,,Yes
Q4 (2024/25),Diagnostics,6+ Weeks,North East,RTF,Northumbria Healthcare NHS Foundation Trust,106,12977,0.008,10,3,24,3,Mar,,Yes
Q4 (2024/25),Diagnostics,6+ Weeks,North West,RBV,The Christie NHS Foundation Trust,10,1279,0.008,10,5,26,3,Mar,,Yes
Q4 (2024/25),Diagnostics,6+ Weeks,South East,RW1,Hampshire and Isle of Wight Healthcare NHS Foundation Trust,27,3165,0.009,12,1,22,3,Mar,,Yes
Q4 (2024/25),Diagnostics,6+ Weeks,South East,RWX,Berkshire Healthcare NHS Foundation Trust,3,308,0.01,13,2,22,3,Mar,,Yes
Q4 (2024/25),Diagnostics,6+ Weeks,North East,RCF,Airedale NHS Foundation Trust,55,4245,0.013,14,4,24,3,Mar,,Yes
Q4 (2024/25),Diagnostics,6+ Weeks,London,RP6,Moorfields Eye Hospital NHS Foundation Trust,2,156,0.013,14,1,25,3,Mar,,Yes
Q4 (2024/25),Diagnostics,6+ Weeks,North West,RXR,East Lancashire Hospitals NHS Trust,184,13013,0.014,16,6,26,3,Mar,,Yes
Q4 (2024/25),Diagnostics,6+ Weeks,South East,RN7,Dartford and Gravesham NHS Trust,116,7721,0.015,17,3,22,3,Mar,,Yes
Q4 (2024/25),Diagnostics,6+ Weeks,North East,RY6,Leeds Community Healthcare NHS Trust,3,165,0.018,18,5,24,3,Mar,,Yes
Q4 (2024/25),Diagnostics,6+ Weeks,Midlands,R1D,Shropshire Community Health NHS Trust,8,381,0.021,19,3,27,3,Mar,,Yes
Q4 (2024/25),Diagnostics,6+ Weeks,Midlands,RL4,The Royal Wolverhampton NHS Trust,245,10973,0.022,20,4,27,3,Mar,,Yes
Q4 (2024/25),Diagnostics,6+ Weeks,North West,REP,Liverpool Women's NHS Foundation Trust,16,664,0.024,21,7,26,3,Mar,,Yes
Q4 (2024/25),Diagnostics,6+ Weeks,London,RKL,West London NHS Trust,10,414,0.024,21,2,25,3,Mar,,Yes
Q4 (2024/25),Diagnostics,6+ Weeks,London,RPY,The Royal Marsden NHS Foundation Trust,26,908,0.029,23,3,25,3,Mar,,Yes
Q4 (2024/25),Diagnostics,6+ Weeks,London,RQM,Chelsea and Westminster Hospital NHS Foundation Trust,356,10911,0.033,24,4,25,3,Mar,,Yes
Q4 (2024/25),Diagnostics,6+ Weeks,North West,RJN,East Cheshire NHS Trust,133,4033,0.033,24,8,26,3,Mar,,Yes
Q4 (2024/25),Diagnostics,6+ Weeks,North East,RVW,North Tees and Hartlepool NHS Foundation Trust,163,4989,0.033,24,6,24,3,Mar,,Yes
Q4 (2024/25),Diagnostics,6+ Weeks,North West,RWW,Warrington and Halton Teaching Hospitals NHS Foundation Trust,243,7324,0.033,24,8,26,3,Mar,,Yes
Q4 (2024/25),Diagnostics,6+ Weeks,London,RAN,Royal National Orthopaedic Hospital NHS Trust,69,1961,0.035,28,5,25,3,Mar,,Yes
Q4 (2024/25),Diagnostics,6+ Weeks,North West,RMC,Bolton NHS Foundation Trust,131,3515,0.037,29,10,26,3,Mar,,Yes
Q4 (2024/25),Diagnostics,6+ Weeks,North West,RBS,Alder Hey Children's NHS Foundation Trust,21,539,0.039,30,11,26,3,Mar,,Yes
Q4 (2024/25),Diagnostics,6+ Weeks,North East,RFF,Barnsley Hospital NHS Foundation Trust,196,4973,0.039,30,7,24,3,Mar,,Yes
Q4 (2024/25),Diagnostics,6+ Weeks,North West,RBQ,Liverpool Heart and Chest Hospital NHS Foundation Trust,106,2733,0.039,30,11,26,3,Mar,,Yes
Q4 (2024/25),Diagnostics,6+ Weeks,North West,RW5,Lancashire & South Cumbria NHS Foundation Trust,11,259,0.042,33,13,26,3,Mar,,Yes
Q4 (2024/25),Diagnostics,6+ Weeks,Midlands,RJC,South Warwickshire University NHS Foundation Trust,437,9527,0.046,34,5,27,3,Mar,,Yes
Q4 (2024/25),Diagnostics,6+ Weeks,London,RF4,"Barking, Havering and Redbridge University Hospitals NHS Trust",462,9733,0.047,35,6,25,3,Mar,,Yes
Q4 (2024/25),Diagnostics,6+ Weeks,North West,RBT,Mid Cheshire Hospitals NHS Foundation Trust,423,8440,0.05,36,14,26,3,Mar,,Yes
Q4 (2024/25),Diagnostics,6+ Weeks,London,RJ7,St George's University Hospitals NHS Foundation Trust,627,12034,0.052,37,7,25,3,Mar,,Yes
Q4 (2024/25),Diagnostics,6+ Weeks,East,RDE,East Suffolk and North Essex NHS Foundation Trust,746,14002,0.053,38,1,16,3,Mar,,Yes
Q4 (2024/25),Diagnostics,6+ Weeks,South East,RDR,Sussex Community NHS Foundation Trust,135,2393,0.056,39,4,22,3,Mar,,Yes
Q4 (2024/25),Diagnostics,6+ Weeks,London,RKE,Whittington Health NHS Trust,395,6999,0.056,39,8,25,3,Mar,,Yes
Q4 (2024/25),Diagnostics,6+ Weeks,North East,RXP,County Durham and Darlington NHS Foundation Trust,857,14612,0.059,41,8,24,3,Mar,,Yes
Q4 (2024/25),Diagnostics,6+ Weeks,London,RVR,Epsom and St Helier University Hospitals NHS Trust,781,12990,0.06,42,9,25,3,Mar,,Yes
Q4 (2024/25),Diagnostics,6+ Weeks,East,RGM,Royal Papworth Hospital NHS Foundation Trust,130,2035,0.064,43,2,16,3,Mar,,Yes
Q4 (2024/25),Diagnostics,6+ Weeks,North West,REM,Liverpool University Hospitals NHS Foundation Trust,1011,15649,0.065,44,15,26,3,Mar,,Yes
Q4 (2024/25),Diagnostics,6+ Weeks,Midlands,RLT,George Eliot Hospital NHS Trust,185,2728,0.068,45,6,27,3,Mar,,Yes
Q4 (2024/25),Diagnostics,6+ Weeks,North West,RBN,Mersey and West Lancashire Teaching Hospitals NHS Trust,1094,15956,0.069,46,16,26,3,Mar,,Yes
Q4 (2024/25),Diagnostics,6+ Weeks,Midlands,RK5,Sherwood Forest Hospitals NHS Foundation Trust,642,9262,0.069,46,7,27,3,Mar,,Yes
Q4 (2024/25),Diagnostics,6+ Weeks,Midlands,RKB,University Hospitals Coventry and Warwickshire NHS Trust,1082,14861,0.073,48,8,27,3,Mar,,Yes
Q4 (2024/25),Diagnostics,6+ Weeks,South West,R0D,University Hospitals Dorset NHS Foundation Trust,986,13091,0.075,49,2,15,3,Mar,,Yes
Q4 (2024/25),Diagnostics,6+ Weeks,North West,RBL,Wirral University Teaching Hospital NHS Foundation Trust,761,10051,0.076,50,17,26,3,Mar,,Yes
Q4 (2024/25),Diagnostics,6+ Weeks,North East,RWY,Calderdale and Huddersfield NHS Foundation Trust,853,11044,0.077,51,9,24,3,Mar,,Yes
Q4 (2024/25),Diagnostics,6+ Weeks,South East,RPA,Medway NHS Foundation Trust,510,6659,0.077,51,5,22,3,Mar,,Yes
Q4 (2024/25),Diagnostics,6+ Weeks,South East,RHW,Royal Berkshire NHS Foundation Trust,683,8393,0.081,53,6,22,3,Mar,,Yes
Q4 (2024/25),Diagnostics,6+ Weeks,London,RRV,University College London Hospitals NHS Foundation Trust,1057,13106,0.081,53,10,25,3,Mar,,Yes
Q4 (2024/25),Diagnostics,6+ Weeks,South West,RDY,Dorset Healthcare University NHS Foundation Trust,140,1689,0.083,55,3,15,3,Mar,,Yes
Q4 (2024/25),Diagnostics,6+ Weeks,Midlands,RBK,Walsall Healthcare NHS Trust,701,8193,0.086,56,9,27,3,Mar,,Yes
Q4 (2024/25),Diagnostics,6+ Weeks,Midlands,RL1,The Robert Jones and Agnes Hunt Orthopaedic Hospital NHS Foundation Trust,122,1376,0.089,57,10,27,3,Mar,,Yes
Q4 (2024/25),Diagnostics,6+ Weeks,South West,RN3,Great Western Hospitals NHS Foundation Trust,596,6589,0.09,58,4,15,3,Mar,,Yes
Q4 (2024/25),Diagnostics,6+ Weeks,North East,RNN,North Cumbria Integrated Care NHS Foundation Trust,839,9339,0.09,58,10,24,3,Mar,,Yes
Q4 (2024/25),Diagnostics,6+ Weeks,Midlands,RNS,Northampton General Hospital NHS Trust,871,9638,0.09,58,11,27,3,Mar,,Yes
Q4 (2024/25),Diagnostics,6+ Weeks,South West,REF,Royal Cornwall Hospitals NHS Trust,836,9057,0.092,61,5,15,3,Mar,,Yes
Q4 (2024/25),Diagnostics,6+ Weeks,London,RYJ,Imperial College Healthcare NHS Trust,1831,19638,0.093,62,11,25,3,Mar,,Yes
Q4 (2024/25),Diagnostics,6+ Weeks,North West,RM3,Northern Care Alliance NHS Foundation Trust,1893,20343,0.093,62,18,26,3,Mar,,Yes
Q4 (2024/25),Diagnostics,6+ Weeks,East,RWG,West Hertfordshire Teaching Hospitals NHS Trust,1460,15095,0.097,64,3,16,3,Mar,,Yes
Q4 (2024/25),Diagnostics,6+ Weeks,East,RGT,Cambridge University Hospitals NHS Foundation Trust,1021,10268,0.099,65,4,16,3,Mar,,Yes
Q4 (2024/25),Diagnostics,6+ Weeks,South East,RXC,East Sussex Healthcare NHS Trust,1120,11264,0.099,65,7,22,3,Mar,,Yes
Q4 (2024/25),Diagnostics,6+ Weeks,London,RAL,Royal Free London NHS Foundation Trust,2923,29229,0.1,67,12,25,3,Mar,,Yes
Q4 (2024/25),Diagnostics,6+ Weeks,North West,RRF,"Wrightington, Wigan and Leigh NHS Foundation Trust",955,9453,0.101,68,19,26,3,Mar,,Yes
Q4 (2024/25),Diagnostics,6+ Weeks,South East,RTK,Ashford and St Peter's Hospitals NHS Foundation Trust,914,8628,0.106,69,8,22,3,Mar,,Yes
Q4 (2024/25),Diagnostics,6+ Weeks,South East,RWF,Maidstone and Tunbridge Wells NHS Trust,1087,10281,0.106,69,8,22,3,Mar,,Yes
Q4 (2024/25),Diagnostics,6+ Weeks,North West,RJR,Countess of Chester Hospital NHS Foundation Trust,706,6574,0.107,71,20,26,3,Mar,,Yes
Q4 (2024/25),Diagnostics,6+ Weeks,South East,RHM,University Hospital Southampton NHS Foundation Trust,1172,10409,0.113,72,10,22,3,Mar,,Yes
Q4 (2024/25),Diagnostics,6+ Weeks,South West,RK9,University Hospitals Plymouth NHS Trust,1094,9615,0.114,73,6,15,3,Mar,,Yes
Q4 (2024/25),Diagnostics,6+ Weeks,South East,RTP,Surrey and Sussex Healthcare NHS Trust,833,7226,0.115,74,11,22,3,Mar,,Yes
Q4 (2024/25),Diagnostics,6+ Weeks,North West,R0A,Manchester University NHS Foundation Trust,3227,27541,0.117,75,21,26,3,Mar,,Yes
Q4 (2024/25),Diagnostics,6+ Weeks,London,RJ6,Croydon Health Services NHS Trust,1770,14843,0.119,76,13,25,3,Mar,,Yes
Q4 (2024/25),Diagnostics,6+ Weeks,North East,R0B,South Tyneside and Sunderland NHS Foundation Trust,1253,10380,0.121,77,11,24,3,Mar,,Yes
Q4 (2024/25),Diagnostics,6+ Weeks,London,RQX,Homerton Healthcare NHS Foundation Trust,1210,9769,0.124,78,14,25,3,Mar,,Yes
Q4 (2024/25),Diagnostics,6+ Weeks,North East,RTR,South Tees Hospitals NHS Foundation Trust,1478,11738,0.126,79,12,24,3,Mar,,Yes
Q4 (2024/25),Diagnostics,6+ Weeks,Midlands,RNQ,Kettering General Hospital NHS Foundation Trust,1094,8521,0.128,80,12,27,3,Mar,,Yes
Q4 (2024/25),Diagnostics,6+ Weeks,South East,RVV,East Kent Hospitals University NHS Foundation Trust,2309,17801,0.13,81,12,22,3,Mar,,Yes
Q4 (2024/25),Diagnostics,6+ Weeks,North East,RR8,Leeds Teaching Hospitals NHS Trust,2698,20577,0.131,82,13,24,3,Mar,,Yes
Q4 (2024/25),Diagnostics,6+ Weeks,North West,RY2,Bridgewater Community Healthcare NHS Foundation Trust,32,242,0.132,83,22,26,3,Mar,,Yes
Q4 (2024/25),Diagnostics,6+ Weeks,South East,RDU,Frimley Health NHS Foundation Trust,2371,17901,0.132,83,13,22,3,Mar,,Yes
Q4 (2024/25),Diagnostics,6+ Weeks,London,RAX,Kingston and Richmond NHS Foundation Trust,1050,7923,0.133,85,15,25,3,Mar,,Yes
Q4 (2024/25),Diagnostics,6+ Weeks,North West,RXL,Blackpool Teaching Hospitals NHS Foundation Trust,794,5878,0.135,86,23,26,3,Mar,,Yes
Q4 (2024/25),Diagnostics,6+ Weeks,Midlands,RNA,The Dudley Group NHS Foundation Trust,1089,8041,0.135,86,13,27,3,Mar,,Yes
Q4 (2024/25),Diagnostics,6+ Weeks,South East,RYR,University Hospitals Sussex NHS Foundation Trust,2539,18702,0.136,88,14,22,3,Mar,,Yes
Q4 (2024/25),Diagnostics,6+ Weeks,South East,RPC,Queen Victoria Hospital NHS Foundation Trust,312,2261,0.138,89,15,22,3,Mar,,Yes
Q4 (2024/25),Diagnostics,6+ Weeks,Midlands,RWP,Worcestershire Acute Hospitals NHS Trust,1635,11350,0.144,90,14,27,3,Mar,,Yes
Q4 (2024/25),Diagnostics,6+ Weeks,South West,RA7,University Hospitals Bristol and Weston NHS Foundation Trust,2262,14850,0.152,91,7,15,3,Mar,,Yes
Q4 (2024/25),Diagnostics,6+ Weeks,South West,RNZ,Salisbury NHS Foundation Trust,973,6342,0.153,92,8,15,3,Mar,,Yes
Q4 (2024/25),Diagnostics,6+ Weeks,Midlands,RWE,University Hospitals of Leicester NHS Trust,4288,27880,0.154,93,15,27,3,Mar,,Yes
Q4 (2024/25),Diagnostics,6+ Weeks,North East,RAE,Bradford Teaching Hospitals NHS Foundation Trust,1238,7954,0.156,94,14,24,3,Mar,,Yes
Q4 (2024/25),Diagnostics,6+ Weeks,North East,RWA,Hull University Teaching Hospitals NHS Trust,2507,15809,0.159,95,15,24,3,Mar,,Yes
Q4 (2024/25),Diagnostics,6+ Weeks,North East,RTD,The Newcastle Upon Tyne Hospitals NHS Foundation Trust,2296,14156,0.162,96,16,24,3,Mar,,Yes
Q4 (2024/25),Diagnostics,6+ Weeks,South West,RTE,Gloucestershire Hospitals NHS Foundation Trust,2435,14284,0.17,97,9,15,3,Mar,,Yes
Q4 (2024/25),Diagnostics,6+ Weeks,North West,RTX,University Hospitals of Morecambe Bay NHS Foundation Trust,1707,9972,0.171,98,24,26,3,Mar,,Yes
Q4 (2024/25),Diagnostics,6+ Weeks,South West,RBD,Dorset County Hospital NHS Foundation Trust,1059,6174,0.172,99,10,15,3,Mar,,Yes
Q4 (2024/25),Diagnostics,6+ Weeks,North East,RR7,Gateshead Health NHS Foundation Trust,1127,6491,0.174,100,17,24,3,Mar,,Yes
Q4 (2024/25),Diagnostics,6+ Weeks,North East,RXG,South West Yorkshire Partnership NHS Foundation Trust,26,144,0.181,101,18,24,3,Mar,,Yes
Q4 (2024/25),Diagnostics,6+ Weeks,South East,RXQ,Buckinghamshire Healthcare NHS Trust,1557,8340,0.187,102,16,22,3,Mar,,Yes
Q4 (2024/25),Diagnostics,6+ Weeks,East,RGN,North West Anglia NHS Foundation Trust,2426,12954,0.187,102,5,16,3,Mar,,Yes
Q4 (2024/25),Diagnostics,6+ Weeks,London,RAS,The Hillingdon Hospitals NHS Foundation Trust,1747,9308,0.188,104,16,25,3,Mar,,Yes
Q4 (2024/25),Diagnostics,6+ Weeks,London,RJ2,Lewisham and Greenwich NHS Trust,3825,19076,0.201,105,17,25,3,Mar,,Yes
Q4 (2024/25),Diagnostics,6+ Weeks,Midlands,RXK,Sandwell and West Birmingham Hospitals NHS Trust,4503,21150,0.213,106,16,27,3,Mar,,Yes
Q4 (2024/25),Diagnostics,6+ Weeks,London,R1H,Barts Health NHS Trust,6684,31269,0.214,107,18,25,3,Mar,,Yes
Q4 (2024/25),Diagnostics,6+ Weeks,Midlands,RXW,The Shrewsbury and Telford Hospital NHS Trust,3229,14808,0.218,108,17,27,3,Mar,,Yes
Q4 (2024/25),Diagnostics,6+ Weeks,Midlands,RTG,University Hospitals of Derby and Burton NHS Foundation Trust,4644,21012,0.221,109,18,27,3,Mar,,Yes
Q4 (2024/25),Diagnostics,6+ Weeks,Midlands,RLQ,Wye Valley NHS Trust,1468,6612,0.222,110,19,27,3,Mar,,Yes
Q4 (2024/25),Diagnostics,6+ Weeks,South West,RH5,Somerset NHS Foundation Trust,3155,14067,0.224,111,11,15,3,Mar,,Yes
Q4 (2024/25),Diagnostics,6+ Weeks,North East,RP5,Doncaster and Bassetlaw Teaching Hospitals NHS Foundation Trust,3024,13142,0.23,112,19,24,3,Mar,,Yes
Q4 (2024/25),Diagnostics,6+ Weeks,North East,RCU,Sheffield Children's NHS Foundation Trust,415,1783,0.233,113,20,24,3,Mar,,Yes
Q4 (2024/25),Diagnostics,6+ Weeks,North West,RWJ,Stockport NHS Foundation Trust,2015,8643,0.233,113,25,26,3,Mar,,Yes
Q4 (2024/25),Diagnostics,6+ Weeks,Midlands,RX1,Nottingham University Hospitals NHS Trust,4320,18291,0.236,115,20,27,3,Mar,,Yes
Q4 (2024/25),Diagnostics,6+ Weeks,South East,RTH,Oxford University Hospitals NHS Foundation Trust,5967,25132,0.237,116,17,22,3,Mar,,Yes
Q4 (2024/25),Diagnostics,6+ Weeks,South East,RYY,Kent Community Health NHS Foundation Trust,162,672,0.241,117,18,22,3,Mar,,Yes
Q4 (2024/25),Diagnostics,6+ Weeks,East,RAJ,Mid and South Essex NHS Foundation Trust,6520,26921,0.242,118,6,16,3,Mar,,Yes
Q4 (2024/25),Diagnostics,6+ Weeks,East,RM1,Norfolk and Norwich University Hospitals NHS Foundation Trust,4533,18136,0.25,119,7,16,3,Mar,,Yes
Q4 (2024/25),Diagnostics,6+ Weeks,Midlands,RRE,Midlands Partnership University NHS Foundation Trust,183,723,0.253,120,21,27,3,Mar,,Yes
Q4 (2024/25),Diagnostics,6+ Weeks,London,RJ1,Guy's and St Thomas' NHS Foundation Trust,5028,19785,0.254,121,19,25,3,Mar,,Yes
Q4 (2024/25),Diagnostics,6+ Weeks,South West,RD1,Royal United Hospitals Bath NHS Foundation Trust,2717,10601,0.256,122,12,15,3,Mar,,Yes
Q4 (2024/25),Diagnostics,6+ Weeks,East,RGP,James Paget University Hospitals NHS Foundation Trust,1903,7186,0.265,123,8,16,3,Mar,,Yes
Q4 (2024/25),Diagnostics,6+ Weeks,East,RC9,Bedfordshire Hospitals NHS Foundation Trust,4829,17083,0.283,124,9,16,3,Mar,,Yes
Q4 (2024/25),Diagnostics,6+ Weeks,North East,RCD,Harrogate and District NHS Foundation Trust,1724,6075,0.284,125,21,24,3,Mar,,Yes
Q4 (2024/25),Diagnostics,6+ Weeks,London,RP4,Great Ormond Street Hospital For Children NHS Foundation Trust,706,2436,0.29,126,20,25,3,Mar,,Yes
Q4 (2024/25),Diagnostics,6+ Weeks,North East,RJL,Northern Lincolnshire and Goole NHS Foundation Trust,6751,23184,0.291,127,22,24,3,Mar,,Yes
Q4 (2024/25),Diagnostics,6+ Weeks,London,R1K,London North West University Healthcare NHS Trust,7174,23200,0.309,128,21,25,3,Mar,,Yes
Q4 (2024/25),Diagnostics,6+ Weeks,South East,R1F,Isle of Wight NHS Trust,1552,4980,0.312,129,19,22,3,Mar,,Yes
Q4 (2024/25),Diagnostics,6+ Weeks,East,RD8,Milton Keynes University Hospital NHS Foundation Trust,2420,7729,0.313,130,10,16,3,Mar,,Yes
Q4 (2024/25),Diagnostics,6+ Weeks,East,RQW,The Princess Alexandra Hospital NHS Trust,3088,9759,0.316,131,11,16,3,Mar,,Yes
Q4 (2024/25),Diagnostics,6+ Weeks,North East,RCB,York and Scarborough Teaching Hospitals NHS Foundation Trust,4127,13049,0.316,131,23,24,3,Mar,,Yes
Q4 (2024/25),Diagnostics,6+ Weeks,Midlands,RWD,United Lincolnshire Teaching Hospitals NHS Trust,6422,20281,0.317,133,22,27,3,Mar,,Yes
Q4 (2024/25),Diagnostics,6+ Weeks,South West,RA9,Torbay and South Devon NHS Foundation Trust,2267,7120,0.318,134,13,15,3,Mar,,Yes
Q4 (2024/25),Diagnostics,6+ Weeks,Midlands,RQ3,Birmingham Women's and Children's NHS Foundation Trust,1086,3387,0.321,135,23,27,3,Mar,,Yes
Q4 (2024/25),Diagnostics,6+ Weeks,London,RV3,Central and North West London NHS Foundation Trust,30,91,0.33,136,22,25,3,Mar,,Yes
Q4 (2024/25),Diagnostics,6+ Weeks,Midlands,RRK,University Hospitals Birmingham NHS Foundation Trust,14660,41047,0.357,137,24,27,3,Mar,,Yes
Q4 (2024/25),Diagnostics,6+ Weeks,North East,RHQ,Sheffield Teaching Hospitals NHS Foundation Trust,9662,26489,0.365,138,24,24,3,Mar,,Yes
Q4 (2024/25),Diagnostics,6+ Weeks,South West,RH8,Royal Devon University Healthcare NHS Foundation Trust,6395,17494,0.366,139,14,15,3,Mar,,Yes
Q4 (2024/25),Diagnostics,6+ Weeks,South East,RN5,Hampshire Hospitals NHS Foundation Trust,6541,17522,0.373,140,20,22,3,Mar,,Yes
Q4 (2024/25),Diagnostics,6+ Weeks,East,RCX,"The Queen Elizabeth Hospital, King's Lynn, NHS Foundation Trust",3694,9583,0.385,141,12,16,3,Mar,,Yes
Q4 (2024/25),Diagnostics,6+ Weeks,Midlands,RJE,University Hospitals of North Midlands NHS Trust,11281,28749,0.392,142,25,27,3,Mar,,Yes
Q4 (2024/25),Diagnostics,6+ Weeks,Midlands,RFS,Chesterfield Royal Hospital NHS Foundation Trust,3765,9326,0.404,143,26,27,3,Mar,,Yes
Q4 (2024/25),Diagnostics,6+ Weeks,South East,RHU,Portsmouth Hospitals University National Health Service Trust,4935,12161,0.406,144,21,22,3,Mar,,Yes
Q4 (2024/25),Diagnostics,6+ Weeks,South East,RA2,Royal Surrey County Hospital NHS Foundation Trust,5063,12310,0.411,145,22,22,3,Mar,,Yes
Q4 (2024/25),Diagnostics,6+ Weeks,North West,RXN,Lancashire Teaching Hospitals NHS Foundation Trust,6636,15877,0.418,146,26,26,3,Mar,,Yes
Q4 (2024/25),Diagnostics,6+ Weeks,London,RJZ,King's College Hospital NHS Foundation Trust,14404,31917,0.451,147,23,25,3,Mar,,Yes
Q4 (2024/25),Diagnostics,6+ Weeks,East,RGR,West Suffolk NHS Foundation Trust,5427,11593,0.468,148,13,16,3,Mar,,Yes
Q4 (2024/25),Diagnostics,6+ Weeks,East,RWH,East and North Hertfordshire NHS Trust,10701,21587,0.496,149,14,16,3,Mar,,Yes
Q4 (2024/25),Diagnostics,6+ Weeks,London,RAT,North East London NHS Foundation Trust,451,720,0.626,150,24,25,3,Mar,,Yes
Q4 (2024/25),Diagnostics,6+ Weeks,Midlands,RT5,Leicestershire Partnership NHS Trust,986,1425,0.692,151,27,27,3,Mar,,Yes
Q4 (2024/25),Diagnostics,6+ Weeks,South West,RJ8,Cornwall Partnership NHS Foundation Trust,64,92,0.696,152,15,15,3,Mar,,Yes
Q4 (2024/25),Diagnostics,6+ Weeks,East,RY4,Hertfordshire Community NHS Trust,759,1079,0.703,153,15,16,3,Mar,,Yes
Q4 (2024/25),Diagnostics,6+ Weeks,East,RYV,Cambridgeshire Community Services NHS Trust,1429,1919,0.745,154,16,16,3,Mar,,Yes
Q4 (2024/25),Diagnostics,6+ Weeks,London,RPG,Oxleas NHS Foundation Trust,67,87,0.77,155,25,25,3,Mar,,Yes
Q1 (2025/26),A&E,4 hours,London,RP6,Moorfields Eye Hospital NHS Foundation Trust,17616,18143,0.971,1,1,18,3,"Apr, May, Jun",,Yes
Q1 (2025/26),A&E,4 hours,North East,RCU,Sheffield Children's NHS Foundation Trust,14313,15414,0.929,2,1,22,3,"Apr, May, Jun",,Yes
Q1 (2025/26),A&E,4 hours,North West,RBS,Alder Hey Children's NHS Foundation Trust,29945.71106,32663.96549,0.917,3,1,19,3,"Apr, May, Jun",,Yes
Q1 (2025/26),A&E,4 hours,North East,RTF,Northumbria Healthcare NHS Foundation Trust,63624,70451,0.903,4,2,22,3,"Apr, May, Jun",,Yes
Q1 (2025/26),A&E,4 hours,North West,REP,Liverpool Women's NHS Foundation Trust,3976,4448,0.894,5,2,19,3,"Apr, May, Jun",,Yes
Q1 (2025/26),A&E,4 hours,Midlands,RQ3,Birmingham Women's And Children's NHS Foundation Trust,17957.818,20300.818,0.885,6,1,21,3,"Apr, May, Jun",,Yes
Q1 (2025/26),A&E,4 hours,North East,RWY,Calderdale And Huddersfield NHS Foundation Trust,47573,55606,0.856,7,3,22,3,"Apr, May, Jun",,Yes
Q1 (2025/26),A&E,4 hours,East,RWG,West Hertfordshire Teaching Hospitals NHS Trust,42373,50112,0.846,8,1,13,3,"Apr, May, Jun",,Yes
Q1 (2025/26),A&E,4 hours,North East,RVW,North Tees And Hartlepool NHS Foundation Trust,41372,49047,0.844,9,4,22,3,"Apr, May, Jun",,Yes
Q1 (2025/26),A&E,4 hours,South East,RVV,East Kent Hospitals University NHS Foundation Trust,93860.69508,111799.3353,0.84,10,1,17,3,"Apr, May, Jun",,Yes
Q1 (2025/26),A&E,4 hours,South West,RBD,Dorset County Hospital NHS Foundation Trust,23605,28426,0.83,11,1,13,3,"Apr, May, Jun",,Yes
Q1 (2025/26),A&E,4 hours,North East,RAE,Bradford Teaching Hospitals NHS Foundation Trust,34030,41091,0.828,12,5,22,3,"Apr, May, Jun",,Yes
Q1 (2025/26),A&E,4 hours,South East,RWF,Maidstone And Tunbridge Wells NHS Trust,56395.61871,68078.87376,0.828,12,2,17,3,"Apr, May, Jun",,Yes
Q1 (2025/26),A&E,4 hours,South East,RPA,Medway NHS Foundation Trust,54465.30492,65919.66471,0.826,14,3,17,3,"Apr, May, Jun",,Yes
Q1 (2025/26),A&E,4 hours,South East,RTP,Surrey And Sussex Healthcare NHS Trust,55335.2404,67135.50073,0.824,15,4,17,3,"Apr, May, Jun",,Yes
Q1 (2025/26),A&E,4 hours,Midlands,RL4,The Royal Wolverhampton NHS Trust,53005,64405,0.823,16,2,21,3,"Apr, May, Jun",,Yes
Q1 (2025/26),A&E,4 hours,London,RF4,"Barking, Havering And Redbridge University Hospitals NHS Trust",87927,107319,0.819,17,2,18,3,"Apr, May, Jun",,Yes
Q1 (2025/26),A&E,4 hours,London,RQX,Homerton Healthcare NHS Foundation Trust,27100,33211,0.816,18,3,18,3,"Apr, May, Jun",,Yes
Q1 (2025/26),A&E,4 hours,South East,RHU,Portsmouth Hospitals University National Health Service Trust,61827,76650,0.807,19,5,17,3,"Apr, May, Jun",,Yes
Q1 (2025/26),A&E,4 hours,London,RJ7,St George's University Hospitals NHS Foundation Trust,31447,38973,0.807,19,4,18,3,"Apr, May, Jun",,Yes
Q1 (2025/26),A&E,4 hours,London,RYJ,Imperial College Healthcare NHS Trust,74548.44,92536.2,0.806,21,5,18,3,"Apr, May, Jun",,Yes
Q1 (2025/26),A&E,4 hours,London,RQM,Chelsea And Westminster Hospital NHS Foundation Trust,64102,79590,0.805,22,6,18,3,"Apr, May, Jun",,Yes
Q1 (2025/26),A&E,4 hours,East,RM1,Norfolk And Norwich University Hospitals NHS Foundation Trust,49925,61983,0.805,22,2,13,3,"Apr, May, Jun",,Yes
Q1 (2025/26),A&E,4 hours,North West,RXR,East Lancashire Hospitals NHS Trust,58384,72950,0.8,24,3,19,3,"Apr, May, Jun",,Yes
Q1 (2025/26),A&E,4 hours,Midlands,RXK,Sandwell And West Birmingham Hospitals NHS Trust,58037,72590,0.8,24,3,21,3,"Apr, May, Jun",,Yes
Q1 (2025/26),A&E,4 hours,London,RJZ,King's College Hospital NHS Foundation Trust,85424.56,106940.98,0.799,26,7,18,3,"Apr, May, Jun",,Yes
Q1 (2025/26),A&E,4 hours,North East,RXP,County Durham And Darlington NHS Foundation Trust,60077,75309,0.798,27,6,22,3,"Apr, May, Jun",,Yes
Q1 (2025/26),A&E,4 hours,South East,RTH,Oxford University Hospitals NHS Foundation Trust,56032.748,70241.608,0.798,27,6,17,3,"Apr, May, Jun",,Yes
Q1 (2025/26),A&E,4 hours,Midlands,RNQ,Kettering General Hospital NHS Foundation Trust,44141,55692,0.793,29,4,21,3,"Apr, May, Jun",,Yes
Q1 (2025/26),A&E,4 hours,North West,RBN,Mersey and West Lancashire Teaching Hospitals NHS Trust,74640.64011,94119.66939,0.793,29,4,19,3,"Apr, May, Jun",,Yes
Q1 (2025/26),A&E,4 hours,South East,RXC,East Sussex Healthcare NHS Trust,37284,47140,0.791,31,7,17,3,"Apr, May, Jun",,Yes
Q1 (2025/26),A&E,4 hours,London,RJ1,Guy's And St Thomas' NHS Foundation Trust,42190,53534,0.788,32,8,18,3,"Apr, May, Jun",,Yes
Q1 (2025/26),A&E,4 hours,North East,RCD,Harrogate And District NHS Foundation Trust,15649,19853,0.788,32,7,22,3,"Apr, May, Jun",,Yes
Q1 (2025/26),A&E,4 hours,London,RJ6,Croydon Health Services NHS Trust,44621.5,56952.75,0.783,34,9,18,3,"Apr, May, Jun",,Yes
Q1 (2025/26),A&E,4 hours,South East,RXQ,Buckinghamshire Healthcare NHS Trust,35314,45146,0.782,35,8,17,3,"Apr, May, Jun",,Yes
Q1 (2025/26),A&E,4 hours,Midlands,RNA,The Dudley Group NHS Foundation Trust,34485,44078,0.782,35,5,21,3,"Apr, May, Jun",,Yes
Q1 (2025/26),A&E,4 hours,North West,RXL,Blackpool Teaching Hospitals NHS Foundation Trust,46821,60041,0.78,37,5,19,3,"Apr, May, Jun",,Yes
Q1 (2025/26),A&E,4 hours,Midlands,RFS,Chesterfield Royal Hospital NHS Foundation Trust,44793.22,57462.53,0.78,37,6,21,3,"Apr, May, Jun",,Yes
Q1 (2025/26),A&E,4 hours,Midlands,RBK,Walsall Healthcare NHS Trust,32121,41163,0.78,37,6,21,3,"Apr, May, Jun",,Yes
Q1 (2025/26),A&E,4 hours,South East,RHW,Royal Berkshire NHS Foundation Trust,49769.252,63903.392,0.779,40,9,17,3,"Apr, May, Jun",,Yes
Q1 (2025/26),A&E,4 hours,South West,REF,Royal Cornwall Hospitals NHS Trust,47260,60655,0.779,40,2,13,3,"Apr, May, Jun",,Yes
Q1 (2025/26),A&E,4 hours,London,RKE,Whittington Health NHS Trust,27703.12,35573.85,0.779,40,10,18,3,"Apr, May, Jun",,Yes
Q1 (2025/26),A&E,4 hours,Midlands,RK5,Sherwood Forest Hospitals NHS Foundation Trust,39847,51287,0.777,43,8,21,3,"Apr, May, Jun",,Yes
Q1 (2025/26),A&E,4 hours,East,RDE,East Suffolk And North Essex NHS Foundation Trust,64231,82753,0.776,44,3,13,3,"Apr, May, Jun",,Yes
Q1 (2025/26),A&E,4 hours,North East,RTR,South Tees Hospitals NHS Foundation Trust,44992,57982.5,0.776,44,8,22,3,"Apr, May, Jun",,Yes
Q1 (2025/26),A&E,4 hours,East,RWH,East And North Hertfordshire NHS Trust,45358,58531,0.775,46,4,13,3,"Apr, May, Jun",,Yes
Q1 (2025/26),A&E,4 hours,London,R1K,London North West University Healthcare NHS Trust,69587,89775,0.775,46,11,18,3,"Apr, May, Jun",,Yes
Q1 (2025/26),A&E,4 hours,East,RD8,Milton Keynes University Hospital NHS Foundation Trust,32504,41949,0.775,46,4,13,3,"Apr, May, Jun",,Yes
Q1 (2025/26),A&E,4 hours,North East,RTD,The Newcastle Upon Tyne Hospitals NHS Foundation Trust,47110,60952,0.773,49,9,22,3,"Apr, May, Jun",,Yes
Q1 (2025/26),A&E,4 hours,London,RRV,University College London Hospitals NHS Foundation Trust,40322.44,52247.95,0.772,50,12,18,3,"Apr, May, Jun",,Yes
Q1 (2025/26),A&E,4 hours,South East,RTK,Ashford And St Peter's Hospitals NHS Foundation Trust,38907,50522,0.77,51,10,17,3,"Apr, May, Jun",,Yes
Q1 (2025/26),A&E,4 hours,London,RAX,Kingston and Richmond NHS Foundation Trust,35496,46092,0.77,51,13,18,3,"Apr, May, Jun",,Yes
Q1 (2025/26),A&E,4 hours,East,RGR,West Suffolk NHS Foundation Trust,20194,26235,0.77,51,6,13,3,"Apr, May, Jun",,Yes
Q1 (2025/26),A&E,4 hours,South West,RTE,Gloucestershire Hospitals NHS Foundation Trust,53131,69171,0.768,54,3,13,3,"Apr, May, Jun",,Yes
Q1 (2025/26),A&E,4 hours,London,RAS,The Hillingdon Hospitals NHS Foundation Trust,29608,38550,0.768,54,14,18,3,"Apr, May, Jun",,Yes
Q1 (2025/26),A&E,4 hours,East,RC9,Bedfordshire Hospitals NHS Foundation Trust,64009,83570,0.766,56,7,13,3,"Apr, May, Jun",,Yes
Q1 (2025/26),A&E,4 hours,North East,RR8,Leeds Teaching Hospitals NHS Trust,70369,92043,0.765,57,10,22,3,"Apr, May, Jun",,Yes
Q1 (2025/26),A&E,4 hours,South East,RA2,Royal Surrey County Hospital NHS Foundation Trust,21363,27974,0.764,58,11,17,3,"Apr, May, Jun",,Yes
Q1 (2025/26),A&E,4 hours,Midlands,RTG,University Hospitals Of Derby And Burton NHS Foundation Trust,88313.78,115628.47,0.764,58,9,21,3,"Apr, May, Jun",,Yes
Q1 (2025/26),A&E,4 hours,London,RAL,Royal Free London NHS Foundation Trust,97467,127899,0.762,60,15,18,3,"Apr, May, Jun",,Yes
Q1 (2025/26),A&E,4 hours,North East,RR7,Gateshead Health NHS Foundation Trust,22672,29801,0.761,61,11,22,3,"Apr, May, Jun",,Yes
Q1 (2025/26),A&E,4 hours,Midlands,RWD,United Lincolnshire Teaching Hospitals NHS Trust,67736,89110,0.76,62,10,21,3,"Apr, May, Jun",,Yes
Q1 (2025/26),A&E,4 hours,South East,RHM,University Hospital Southampton NHS Foundation Trust,50615,66704,0.759,63,12,17,3,"Apr, May, Jun",,Yes
Q1 (2025/26),A&E,4 hours,South West,RA7,University Hospitals Bristol and Weston NHS Foundation Trust,56057.6,73875.6,0.759,63,4,13,3,"Apr, May, Jun",,Yes
Q1 (2025/26),A&E,4 hours,Midlands,RWE,University Hospitals Of Leicester NHS Trust,88723,116901,0.759,63,11,21,3,"Apr, May, Jun",,Yes
Q1 (2025/26),A&E,4 hours,North West,RTX,University Hospitals Of Morecambe Bay NHS Foundation Trust,31284,41675,0.751,66,6,19,3,"Apr, May, Jun",,Yes
Q1 (2025/26),A&E,4 hours,North East,RHQ,Sheffield Teaching Hospitals NHS Foundation Trust,42583,57024,0.747,67,12,22,3,"Apr, May, Jun",,Yes
Q1 (2025/26),A&E,4 hours,North East,RP5,Doncaster And Bassetlaw Teaching Hospitals NHS Foundation Trust,40842,54890,0.744,68,13,22,3,"Apr, May, Jun",,Yes
Q1 (2025/26),A&E,4 hours,North West,RBL,Wirral University Teaching Hospital NHS Foundation Trust,37362,50406,0.741,69,7,19,3,"Apr, May, Jun",,Yes
Q1 (2025/26),A&E,4 hours,East,RGT,Cambridge University Hospitals NHS Foundation Trust,37713,51327,0.735,70,8,13,3,"Apr, May, Jun",,Yes
Q1 (2025/26),A&E,4 hours,North West,REM,Liverpool University Hospitals NHS Foundation Trust,68253.64883,92816.36512,0.735,70,8,19,3,"Apr, May, Jun",,Yes
Q1 (2025/26),A&E,4 hours,South East,RN7,Dartford And Gravesham NHS Trust,33651,45902,0.733,72,13,17,3,"Apr, May, Jun",,Yes
Q1 (2025/26),A&E,4 hours,South West,RH5,Somerset NHS Foundation Trust,49146,67036,0.733,72,5,13,3,"Apr, May, Jun",,Yes
Q1 (2025/26),A&E,4 hours,Midlands,RJC,South Warwickshire University NHS Foundation Trust,19030,26014,0.732,74,12,21,3,"Apr, May, Jun",,Yes
Q1 (2025/26),A&E,4 hours,South West,RH8,Royal Devon University Healthcare NHS Foundation Trust,45009,61563,0.731,75,6,13,3,"Apr, May, Jun",,Yes
Q1 (2025/26),A&E,4 hours,North East,RJL,Northern Lincolnshire And Goole NHS Foundation Trust,40769,55969,0.728,76,14,22,3,"Apr, May, Jun",,Yes
Q1 (2025/26),A&E,4 hours,South East,RYR,University Hospitals Sussex NHS Foundation Trust,81369.14089,112053.6255,0.726,77,14,17,3,"Apr, May, Jun",,Yes
Q1 (2025/26),A&E,4 hours,East,RAJ,Mid and South Essex NHS Foundation Trust,78370,108466,0.723,78,9,13,3,"Apr, May, Jun",,Yes
Q1 (2025/26),A&E,4 hours,North East,RXF,Mid Yorkshire Teaching NHS Trust,50888,70403,0.723,78,15,22,3,"Apr, May, Jun",,Yes
Q1 (2025/26),A&E,4 hours,South East,RDU,Frimley Health NHS Foundation Trust,76712,106539,0.72,80,15,17,3,"Apr, May, Jun",,Yes
Q1 (2025/26),A&E,4 hours,Midlands,RKB,University Hospitals Coventry And Warwickshire NHS Trust,42323,58853,0.719,81,13,21,3,"Apr, May, Jun",,Yes
Q1 (2025/26),A&E,4 hours,North West,RRF,"Wrightington, Wigan And Leigh NHS Foundation Trust",26925,37519,0.718,82,9,19,3,"Apr, May, Jun",,Yes
Q1 (2025/26),A&E,4 hours,South West,RA9,Torbay And South Devon NHS Foundation Trust,23132,32300,0.716,83,7,13,3,"Apr, May, Jun",,Yes
Q1 (2025/26),A&E,4 hours,South West,RN3,Great Western Hospitals NHS Foundation Trust,25567.2,35760.8,0.715,84,8,13,3,"Apr, May, Jun",,Yes
Q1 (2025/26),A&E,4 hours,North East,R0B,South Tyneside and Sunderland NHS Foundation Trust,44151,61871,0.714,85,16,22,3,"Apr, May, Jun",,Yes
Q1 (2025/26),A&E,4 hours,North West,R0A,Manchester University NHS Foundation Trust,95259,134005,0.711,86,10,19,3,"Apr, May, Jun",,Yes
Q1 (2025/26),A&E,4 hours,South West,R0D,University Hospitals Dorset NHS Foundation Trust,41811,58980,0.709,87,9,13,3,"Apr, May, Jun",,Yes
Q1 (2025/26),A&E,4 hours,South East,R1F,Isle Of Wight NHS Trust,13199,18645,0.708,88,16,17,3,"Apr, May, Jun",,Yes
Q1 (2025/26),A&E,4 hours,North West,RXN,Lancashire Teaching Hospitals NHS Foundation Trust,33250,47152,0.705,89,11,19,3,"Apr, May, Jun",,Yes
Q1 (2025/26),A&E,4 hours,North East,RCB,York And Scarborough Teaching Hospitals NHS Foundation Trust,43478,61716.5,0.704,90,17,22,3,"Apr, May, Jun",,Yes
Q1 (2025/26),A&E,4 hours,North East,RFR,The Rotherham NHS Foundation Trust,19164,27274,0.703,91,18,22,3,"Apr, May, Jun",,Yes
Q1 (2025/26),A&E,4 hours,Midlands,RLT,George Eliot Hospital NHS Trust,17734,25303,0.701,92,14,21,3,"Apr, May, Jun",,Yes
Q1 (2025/26),A&E,4 hours,South West,RVJ,North Bristol NHS Trust,25350.4,36228.4,0.7,93,10,13,3,"Apr, May, Jun",,Yes
Q1 (2025/26),A&E,4 hours,East,RQW,The Princess Alexandra Hospital NHS Trust,25022,35815,0.699,94,10,13,3,"Apr, May, Jun",,Yes
Q1 (2025/26),A&E,4 hours,London,R1H,Barts Health NHS Trust,94424,135218,0.698,95,16,18,3,"Apr, May, Jun",,Yes
Q1 (2025/26),A&E,4 hours,East,RGN,North West Anglia NHS Foundation Trust,41349,59529,0.695,96,11,13,3,"Apr, May, Jun",,Yes
Q1 (2025/26),A&E,4 hours,London,RVR,Epsom And St Helier University Hospitals NHS Trust,27494,39622,0.694,97,17,18,3,"Apr, May, Jun",,Yes
Q1 (2025/26),A&E,4 hours,South West,RNZ,Salisbury NHS Foundation Trust,15125,21779,0.694,97,11,13,3,"Apr, May, Jun",,Yes
Q1 (2025/26),A&E,4 hours,North West,RWJ,Stockport NHS Foundation Trust,21807,31505,0.692,99,12,19,3,"Apr, May, Jun",,Yes
Q1 (2025/26),A&E,4 hours,Midlands,RRK,University Hospitals Birmingham NHS Foundation Trust,100281.182,144971.182,0.692,99,15,21,3,"Apr, May, Jun",,Yes
Q1 (2025/26),A&E,4 hours,North West,RM3,Northern Care Alliance NHS Foundation Trust,73980,107089,0.691,101,13,19,3,"Apr, May, Jun",,Yes
Q1 (2025/26),A&E,4 hours,London,RJ2,Lewisham And Greenwich NHS Trust,55226.94,80020.27,0.69,102,18,18,3,"Apr, May, Jun",,Yes
Q1 (2025/26),A&E,4 hours,North West,RWW,Warrington And Halton Teaching  Hospitals NHS Foundation Trust,25143,36478,0.689,103,14,19,3,"Apr, May, Jun",,Yes
Q1 (2025/26),A&E,4 hours,South West,RK9,University Hospitals Plymouth NHS Trust,31260,45492,0.687,104,12,13,3,"Apr, May, Jun",,Yes
Q1 (2025/26),A&E,4 hours,North East,RCF,Airedale NHS Foundation Trust,14009,20550,0.682,105,19,22,3,"Apr, May, Jun",,Yes
Q1 (2025/26),A&E,4 hours,Midlands,RJE,University Hospitals Of North Midlands NHS Trust,50490,74244,0.68,106,16,21,3,"Apr, May, Jun",,Yes
Q1 (2025/26),A&E,4 hours,North East,RFF,Barnsley Hospital NHS Foundation Trust,18519,27493,0.674,107,20,22,3,"Apr, May, Jun",,Yes
Q1 (2025/26),A&E,4 hours,North West,RMC,Bolton NHS Foundation Trust,24459,36399,0.672,108,15,19,3,"Apr, May, Jun",,Yes
Q1 (2025/26),A&E,4 hours,Midlands,RX1,Nottingham University Hospitals NHS Trust,48495,72331,0.67,109,17,21,3,"Apr, May, Jun",,Yes
Q1 (2025/26),A&E,4 hours,North East,RWA,Hull University Teaching Hospitals NHS Trust,41618,62215,0.669,110,21,22,3,"Apr, May, Jun",,Yes
Q1 (2025/26),A&E,4 hours,Midlands,RNS,Northampton General Hospital NHS Trust,26307,39395,0.668,111,18,21,3,"Apr, May, Jun",,Yes
Q1 (2025/26),A&E,4 hours,South East,RN5,Hampshire Hospitals NHS Foundation Trust,28834,43291,0.666,112,17,17,3,"Apr, May, Jun",,Yes
Q1 (2025/26),A&E,4 hours,South West,RD1,Royal United Hospitals Bath NHS Foundation Trust,22164.8,33354.2,0.665,113,13,13,3,"Apr, May, Jun",,Yes
Q1 (2025/26),A&E,4 hours,North East,RNN,North Cumbria Integrated Care NHS Foundation Trust,23400,35441,0.66,114,22,22,3,"Apr, May, Jun",,Yes
Q1 (2025/26),A&E,4 hours,East,RGP,James Paget University Hospitals NHS Foundation Trust,17601,26771,0.657,115,12,13,3,"Apr, May, Jun",,Yes
Q1 (2025/26),A&E,4 hours,Midlands,RWP,Worcestershire Acute Hospitals NHS Trust,38671,60358,0.641,116,19,21,3,"Apr, May, Jun",,Yes
Q1 (2025/26),A&E,4 hours,North West,RMP,Tameside And Glossop Integrated Care NHS Foundation Trust,22117,35550,0.622,117,16,19,3,"Apr, May, Jun",,Yes
Q1 (2025/26),A&E,4 hours,East,RCX,"The Queen Elizabeth Hospital, King's Lynn, NHS Foundation Trust",14595,23586,0.619,118,13,13,3,"Apr, May, Jun",,Yes
Q1 (2025/26),A&E,4 hours,North West,RJR,Countess Of Chester Hospital NHS Foundation Trust,14005,22877,0.612,119,17,19,3,"Apr, May, Jun",,Yes
Q1 (2025/26),A&E,4 hours,Midlands,RLQ,Wye Valley NHS Trust,13434,22018,0.61,120,20,21,3,"Apr, May, Jun",,Yes
Q1 (2025/26),A&E,4 hours,Midlands,RXW,The Shrewsbury And Telford Hospital NHS Trust,30117,50624,0.595,121,21,21,3,"Apr, May, Jun",,Yes
Q1 (2025/26),A&E,4 hours,North West,RBT,Mid Cheshire Hospitals NHS Foundation Trust,17491,30256,0.578,122,18,19,3,"Apr, May, Jun",,Yes
Q1 (2025/26),A&E,4 hours,North West,RJN,East Cheshire NHS Trust,7138,14018,0.509,123,19,19,3,"Apr, May, Jun",,Yes
Q1 (2025/26),A&E,>12 hours,Midlands,RQ3,Birmingham Women's and Children's NHS Foundation Trust,0,4750,0,1,1,21,3,"Apr, May, Jun",,Yes
Q1 (2025/26),A&E,>12 hours,North West,REP,Liverpool Women's NHS Foundation Trust,0,4330,0,1,1,19,3,"Apr, May, Jun",,Yes
Q1 (2025/26),A&E,>12 hours,London,RP6,Moorfields Eye Hospital NHS Foundation Trust,0,18150,0,1,1,18,3,"Apr, May, Jun",,Yes
Q1 (2025/26),A&E,>12 hours,North East,RCU,Sheffield Children's NHS Foundation Trust,0,15410,0,1,1,22,3,"Apr, May, Jun",,Yes
Q1 (2025/26),A&E,>12 hours,North West,RBS,Alder Hey Children's NHS Foundation Trust,30,17380,0.002,5,2,19,3,"Apr, May, Jun",,Yes
Q1 (2025/26),A&E,>12 hours,North East,RTF,Northumbria Healthcare NHS Foundation Trust,105,29840,0.004,6,2,22,3,"Apr, May, Jun",,Yes
Q1 (2025/26),A&E,>12 hours,North East,RR7,Gateshead Health NHS Foundation Trust,125,17925,0.007,7,3,22,3,"Apr, May, Jun",,Yes
Q1 (2025/26),A&E,>12 hours,North East,RCD,Harrogate and District NHS Foundation Trust,200,15575,0.013,8,4,22,3,"Apr, May, Jun",,Yes
Q1 (2025/26),A&E,>12 hours,London,RJ1,Guy's and St Thomas' NHS Foundation Trust,465,32420,0.014,9,2,18,3,"Apr, May, Jun",,Yes
Q1 (2025/26),A&E,>12 hours,North East,RFR,The Rotherham NHS Foundation Trust,490,27270,0.018,10,5,22,3,"Apr, May, Jun",,Yes
Q1 (2025/26),A&E,>12 hours,North East,RWY,Calderdale and Huddersfield NHS Foundation Trust,985,48420,0.02,11,6,22,3,"Apr, May, Jun",,Yes
Q1 (2025/26),A&E,>12 hours,London,RQX,Homerton University Hospital NHS Foundation Trust,700,33095,0.021,12,3,18,3,"Apr, May, Jun",,Yes
Q1 (2025/26),A&E,>12 hours,South East,RHM,University Hospital Southampton NHS Foundation Trust,845,40115,0.021,12,1,17,3,"Apr, May, Jun",,Yes
Q1 (2025/26),A&E,>12 hours,North East,RFF,Barnsley Hospital NHS Foundation Trust,600,27465,0.022,14,7,22,3,"Apr, May, Jun",,Yes
Q1 (2025/26),A&E,>12 hours,North East,RVW,North Tees and Hartlepool NHS Foundation Trust,325,14735,0.022,14,7,22,3,"Apr, May, Jun",,Yes
Q1 (2025/26),A&E,>12 hours,Midlands,RK5,Sherwood Forest Hospitals NHS Foundation Trust,640,27335,0.023,16,2,21,3,"Apr, May, Jun",,Yes
Q1 (2025/26),A&E,>12 hours,North East,RTD,The Newcastle Upon Tyne Hospitals NHS Foundation Trust,1035,44635,0.023,16,9,22,3,"Apr, May, Jun",,Yes
Q1 (2025/26),A&E,>12 hours,North East,RP5,Doncaster and Bassetlaw Teaching Hospitals NHS Foundation Trust,1375,48715,0.028,18,10,22,3,"Apr, May, Jun",,Yes
Q1 (2025/26),A&E,>12 hours,South East,RTH,Oxford University Hospitals NHS Foundation Trust,1255,42320,0.03,19,2,17,3,"Apr, May, Jun",,Yes
Q1 (2025/26),A&E,>12 hours,London,RRV,University College London Hospitals NHS Foundation Trust,1280,41150,0.031,20,4,18,3,"Apr, May, Jun",,Yes
Q1 (2025/26),A&E,>12 hours,East,RC9,Bedfordshire Hospitals NHS Foundation Trust,1690,50035,0.034,21,1,13,3,"Apr, May, Jun",,Yes
Q1 (2025/26),A&E,>12 hours,London,RQM,Chelsea and Westminster Hospital NHS Foundation Trust,1270,36555,0.035,22,5,18,3,"Apr, May, Jun",,Yes
Q1 (2025/26),A&E,>12 hours,North East,RTR,South Tees Hospitals NHS Foundation Trust,765,21960,0.035,22,11,22,3,"Apr, May, Jun",,Yes
Q1 (2025/26),A&E,>12 hours,Midlands,RJC,South Warwickshire NHS Foundation Trust,890,24760,0.036,24,3,21,3,"Apr, May, Jun",,Yes
Q1 (2025/26),A&E,>12 hours,North East,R0B,South Tyneside and Sunderland NHS Foundation Trust,1450,39275,0.037,25,12,22,3,"Apr, May, Jun",,Yes
Q1 (2025/26),A&E,>12 hours,East,RGR,West Suffolk NHS Foundation Trust,930,23885,0.039,26,2,13,3,"Apr, May, Jun",,Yes
Q1 (2025/26),A&E,>12 hours,South East,RHW,Royal Berkshire NHS Foundation Trust,1785,44990,0.04,27,3,17,3,"Apr, May, Jun",,Yes
Q1 (2025/26),A&E,>12 hours,South West,RH8,Royal Devon University Healthcare NHS Foundation Trust,1675,41975,0.04,27,1,13,3,"Apr, May, Jun",,Yes
Q1 (2025/26),A&E,>12 hours,South West,RA7,University Hospitals Bristol and Weston NHS Foundation Trust,2160,53795,0.04,27,1,13,3,"Apr, May, Jun",,Yes
Q1 (2025/26),A&E,>12 hours,South East,RA2,Royal Surrey County Hospital NHS Foundation Trust,940,22620,0.042,30,4,17,3,"Apr, May, Jun",,Yes
Q1 (2025/26),A&E,>12 hours,North East,RHQ,Sheffield Teaching Hospitals NHS Foundation Trust,1320,30980,0.043,31,13,22,3,"Apr, May, Jun",,Yes
Q1 (2025/26),A&E,>12 hours,South West,RH5,Somerset NHS Foundation Trust,1735,38315,0.045,32,3,13,3,"Apr, May, Jun",,Yes
Q1 (2025/26),A&E,>12 hours,South West,R0D,University Hospitals Dorset NHS Foundation Trust,2255,48075,0.047,33,4,13,3,"Apr, May, Jun",,Yes
Q1 (2025/26),A&E,>12 hours,North West,R0A,Manchester University NHS Foundation Trust,4700,98480,0.048,34,3,19,3,"Apr, May, Jun",,Yes
Q1 (2025/26),A&E,>12 hours,Midlands,RBK,Walsall Healthcare NHS Trust,1375,27930,0.049,35,4,21,3,"Apr, May, Jun",,Yes
Q1 (2025/26),A&E,>12 hours,North East,RCF,Airedale NHS Foundation Trust,1000,19955,0.05,36,14,22,3,"Apr, May, Jun",,Yes
Q1 (2025/26),A&E,>12 hours,South East,RN5,Hampshire Hospitals NHS Foundation Trust,1615,32525,0.05,36,5,17,3,"Apr, May, Jun",,Yes
Q1 (2025/26),A&E,>12 hours,East,RD8,Milton Keynes University Hospital NHS Foundation Trust,1410,26495,0.053,38,3,13,3,"Apr, May, Jun",,Yes
Q1 (2025/26),A&E,>12 hours,East,RM1,Norfolk and Norwich University Hospitals NHS Foundation Trust,2055,38455,0.053,38,3,13,3,"Apr, May, Jun",,Yes
Q1 (2025/26),A&E,>12 hours,Midlands,RFS,Chesterfield Royal Hospital NHS Foundation Trust,1185,21755,0.054,40,5,21,3,"Apr, May, Jun",,Yes
Q1 (2025/26),A&E,>12 hours,North East,RAE,Bradford Teaching Hospitals NHS Foundation Trust,1975,34305,0.058,41,15,22,3,"Apr, May, Jun",,Yes
Q1 (2025/26),A&E,>12 hours,South West,RBD,Dorset County Hospital NHS Foundation Trust,960,15235,0.063,42,5,13,3,"Apr, May, Jun",,Yes
Q1 (2025/26),A&E,>12 hours,Midlands,RXK,Sandwell and West Birmingham Hospitals NHS Trust,2695,41910,0.064,43,6,21,3,"Apr, May, Jun",,Yes
Q1 (2025/26),A&E,>12 hours,South East,RXQ,Buckinghamshire Healthcare NHS Trust,2145,32745,0.066,44,6,17,3,"Apr, May, Jun",,Yes
Q1 (2025/26),A&E,>12 hours,North West,RTX,University Hospitals of Morecambe Bay NHS Foundation Trust,1915,28095,0.068,45,4,19,3,"Apr, May, Jun",,Yes
Q1 (2025/26),A&E,>12 hours,London,RYJ,Imperial College Healthcare NHS Trust,3365,48640,0.069,46,6,18,3,"Apr, May, Jun",,Yes
Q1 (2025/26),A&E,>12 hours,North East,RR8,Leeds Teaching Hospitals NHS Trust,4175,58975,0.071,47,16,22,3,"Apr, May, Jun",,Yes
Q1 (2025/26),A&E,>12 hours,East,RGP,James Paget University Hospitals NHS Foundation Trust,1630,22705,0.072,48,5,13,3,"Apr, May, Jun",,Yes
Q1 (2025/26),A&E,>12 hours,East,RWG,West Hertfordshire Hospitals Teaching NHS Trust,1825,24530,0.074,49,6,13,3,"Apr, May, Jun",,Yes
Q1 (2025/26),A&E,>12 hours,East,RGT,Cambridge University Hospitals NHS Foundation Trust,2455,32530,0.075,50,7,13,3,"Apr, May, Jun",,Yes
Q1 (2025/26),A&E,>12 hours,South East,RXC,East Sussex Healthcare NHS Trust,2325,31020,0.075,50,7,17,3,"Apr, May, Jun",,Yes
Q1 (2025/26),A&E,>12 hours,London,RKE,Whittington Health NHS Trust,1550,20610,0.075,50,7,18,3,"Apr, May, Jun",,Yes
Q1 (2025/26),A&E,>12 hours,South East,RWF,Maidstone and Tunbridge Wells NHS Trust,3885,51150,0.076,53,8,17,3,"Apr, May, Jun",,Yes
Q1 (2025/26),A&E,>12 hours,East,RQW,The Princess Alexandra Hospital NHS Trust,2355,30555,0.077,54,8,13,3,"Apr, May, Jun",,Yes
Q1 (2025/26),A&E,>12 hours,South West,RD1,Royal United Hospitals Bath NHS Foundation Trust,2085,26560,0.079,55,6,13,3,"Apr, May, Jun",,Yes
Q1 (2025/26),A&E,>12 hours,South West,RA9,Torbay and South Devon NHS Foundation Trust,1680,21115,0.08,56,7,13,3,"Apr, May, Jun",,Yes
Q1 (2025/26),A&E,>12 hours,North East,RXP,County Durham and Darlington NHS Foundation Trust,3580,43715,0.082,57,17,22,3,"Apr, May, Jun",,Yes
Q1 (2025/26),A&E,>12 hours,South West,RNZ,Salisbury NHS Foundation Trust,1235,15085,0.082,57,8,13,3,"Apr, May, Jun",,Yes
Q1 (2025/26),A&E,>12 hours,East,RAJ,Mid and South Essex NHS Foundation Trust,8490,102635,0.083,59,9,13,3,"Apr, May, Jun",,Yes
Q1 (2025/26),A&E,>12 hours,Midlands,RL4,The Royal Wolverhampton NHS Trust,3365,40360,0.083,59,7,21,3,"Apr, May, Jun",,Yes
Q1 (2025/26),A&E,>12 hours,North East,RXF,Mid Yorkshire Hospitals NHS Trust,4260,50995,0.084,61,18,22,3,"Apr, May, Jun",,Yes
Q1 (2025/26),A&E,>12 hours,Midlands,RNA,The Dudley Group NHS Foundation Trust,2620,30045,0.087,62,8,21,3,"Apr, May, Jun",,Yes
Q1 (2025/26),A&E,>12 hours,South East,RYR,University Hospitals Sussex NHS Foundation Trust,6015,67700,0.089,63,9,17,3,"Apr, May, Jun",,Yes
Q1 (2025/26),A&E,>12 hours,South East,RDU,Frimley Health NHS Foundation Trust,6500,72100,0.09,64,10,17,3,"Apr, May, Jun",,Yes
Q1 (2025/26),A&E,>12 hours,South West,RVJ,North Bristol NHS Trust,2495,27410,0.091,65,9,13,3,"Apr, May, Jun",,Yes
Q1 (2025/26),A&E,>12 hours,North West,RMC,Bolton NHS Foundation Trust,2255,24415,0.092,66,5,19,3,"Apr, May, Jun",,Yes
Q1 (2025/26),A&E,>12 hours,South West,RTE,Gloucestershire Hospitals NHS Foundation Trust,3995,41230,0.097,67,10,13,3,"Apr, May, Jun",,Yes
Q1 (2025/26),A&E,>12 hours,South East,RN7,Dartford and Gravesham NHS Trust,3295,33430,0.099,68,11,17,3,"Apr, May, Jun",,Yes
Q1 (2025/26),A&E,>12 hours,East,RWH,East and North Hertfordshire NHS Trust,2580,25920,0.1,69,10,13,3,"Apr, May, Jun",,Yes
Q1 (2025/26),A&E,>12 hours,North East,RNN,North Cumbria Integrated Care NHS Foundation Trust,2775,27730,0.1,69,19,22,3,"Apr, May, Jun",,Yes
Q1 (2025/26),A&E,>12 hours,Midlands,RX1,Nottingham University Hospitals NHS Trust,5615,55505,0.101,71,9,21,3,"Apr, May, Jun",,Yes
Q1 (2025/26),A&E,>12 hours,North West,RWJ,Stockport NHS Foundation Trust,2525,24625,0.103,72,6,19,3,"Apr, May, Jun",,Yes
Q1 (2025/26),A&E,>12 hours,Midlands,RWE,University Hospitals of Leicester NHS Trust,7290,71090,0.103,72,10,21,3,"Apr, May, Jun",,Yes
Q1 (2025/26),A&E,>12 hours,South East,RPA,Medway NHS Foundation Trust,3065,29390,0.104,74,12,17,3,"Apr, May, Jun",,Yes
Q1 (2025/26),A&E,>12 hours,Midlands,RTG,University Hospitals of Derby and Burton NHS Foundation Trust,7295,67805,0.108,75,11,21,3,"Apr, May, Jun",,Yes
Q1 (2025/26),A&E,>12 hours,London,RJ6,Croydon Health Services NHS Trust,4240,38705,0.11,76,8,18,3,"Apr, May, Jun",,Yes
Q1 (2025/26),A&E,>12 hours,Midlands,RNQ,Kettering General Hospital NHS Foundation Trust,3475,30555,0.114,77,12,21,3,"Apr, May, Jun",,Yes
Q1 (2025/26),A&E,>12 hours,East,RGN,North West Anglia NHS Foundation Trust,5410,46230,0.117,78,11,13,3,"Apr, May, Jun",,Yes
Q1 (2025/26),A&E,>12 hours,North West,RM3,Northern Care Alliance NHS Foundation Trust,9515,80430,0.118,79,7,19,3,"Apr, May, Jun",,Yes
Q1 (2025/26),A&E,>12 hours,South East,RTK,Ashford and St Peter's Hospitals NHS Foundation Trust,2895,24250,0.119,80,13,17,3,"Apr, May, Jun",,Yes
Q1 (2025/26),A&E,>12 hours,East,RDE,East Suffolk and North Essex NHS Foundation Trust,5175,43005,0.12,81,12,13,3,"Apr, May, Jun",,Yes
Q1 (2025/26),A&E,>12 hours,Midlands,RLT,George Eliot Hospital NHS Trust,2530,21060,0.12,81,13,21,3,"Apr, May, Jun",,Yes
Q1 (2025/26),A&E,>12 hours,London,RAS,The Hillingdon Hospitals NHS Foundation Trust,2150,17800,0.121,83,9,18,3,"Apr, May, Jun",,Yes
Q1 (2025/26),A&E,>12 hours,South East,R1F,Isle of Wight NHS Trust,1980,16285,0.122,84,14,17,3,"Apr, May, Jun",,Yes
Q1 (2025/26),A&E,>12 hours,South East,RTP,Surrey and Sussex Healthcare NHS Trust,3775,30890,0.122,84,14,17,3,"Apr, May, Jun",,Yes
Q1 (2025/26),A&E,>12 hours,North West,RJN,East Cheshire NHS Trust,1130,9005,0.125,86,8,19,3,"Apr, May, Jun",,Yes
Q1 (2025/26),A&E,>12 hours,Midlands,RKB,University Hospitals Coventry and Warwickshire NHS Trust,5030,40350,0.125,86,14,21,3,"Apr, May, Jun",,Yes
Q1 (2025/26),A&E,>12 hours,North East,RWA,Hull University Teaching Hospitals NHS Trust,3905,30365,0.129,88,20,22,3,"Apr, May, Jun",,Yes
Q1 (2025/26),A&E,>12 hours,London,R1K,London North West University Healthcare NHS Trust,5355,41605,0.129,88,10,18,3,"Apr, May, Jun",,Yes
Q1 (2025/26),A&E,>12 hours,London,RJZ,King's College Hospital NHS Foundation Trust,6045,45885,0.132,90,11,18,3,"Apr, May, Jun",,Yes
Q1 (2025/26),A&E,>12 hours,London,RAL,Royal Free London NHS Foundation Trust,10330,78290,0.132,90,11,18,3,"Apr, May, Jun",,Yes
Q1 (2025/26),A&E,>12 hours,London,RJ2,Lewisham and Greenwich NHS Trust,6060,45485,0.133,92,13,18,3,"Apr, May, Jun",,Yes
Q1 (2025/26),A&E,>12 hours,North West,RMP,Tameside and Glossop Integrated Care NHS Foundation Trust,3670,27345,0.134,93,9,19,3,"Apr, May, Jun",,Yes
Q1 (2025/26),A&E,>12 hours,London,RJ7,St George's University Hospitals NHS Foundation Trust,3535,26275,0.135,94,14,18,3,"Apr, May, Jun",,Yes
Q1 (2025/26),A&E,>12 hours,East,RCX,"The Queen Elizabeth Hospital, King's Lynn, NHS Foundation Trust",2705,19915,0.136,95,13,13,3,"Apr, May, Jun",,Yes
Q1 (2025/26),A&E,>12 hours,London,RAX,Kingston Hospital NHS Foundation Trust,2785,20050,0.139,96,15,18,3,"Apr, May, Jun",,Yes
Q1 (2025/26),A&E,>12 hours,North West,RXN,Lancashire Teaching Hospitals NHS Foundation Trust,5090,36365,0.14,97,10,19,3,"Apr, May, Jun",,Yes
Q1 (2025/26),A&E,>12 hours,London,R1H,Barts Health NHS Trust,11090,77990,0.142,98,16,18,3,"Apr, May, Jun",,Yes
Q1 (2025/26),A&E,>12 hours,South West,REF,Royal Cornwall Hospitals NHS Trust,3040,21050,0.144,99,11,13,3,"Apr, May, Jun",,Yes
Q1 (2025/26),A&E,>12 hours,North West,RXR,East Lancashire Hospitals NHS Trust,5705,39235,0.145,100,11,19,3,"Apr, May, Jun",,Yes
Q1 (2025/26),A&E,>12 hours,Midlands,RRK,University Hospitals Birmingham NHS Foundation Trust,15305,105130,0.146,101,15,21,3,"Apr, May, Jun",,Yes
Q1 (2025/26),A&E,>12 hours,North East,RCB,York and Scarborough Teaching Hospitals NHS Foundation Trust,4715,32025,0.147,102,21,22,3,"Apr, May, Jun",,Yes
Q1 (2025/26),A&E,>12 hours,North West,REM,Liverpool University Hospitals NHS Foundation Trust,8115,54145,0.15,103,12,19,3,"Apr, May, Jun",,Yes
Q1 (2025/26),A&E,>12 hours,South East,RHU,Portsmouth Hospitals University National Health Service Trust,5505,36800,0.15,103,16,17,3,"Apr, May, Jun",,Yes
Q1 (2025/26),A&E,>12 hours,Midlands,RNS,Northampton General Hospital NHS Trust,5140,33960,0.151,105,16,21,3,"Apr, May, Jun",,Yes
Q1 (2025/26),A&E,>12 hours,Midlands,RJE,University Hospitals of North Midlands NHS Trust,6770,44405,0.152,106,17,21,3,"Apr, May, Jun",,Yes
Q1 (2025/26),A&E,>12 hours,South West,RN3,Great Western Hospitals NHS Foundation Trust,2565,16765,0.153,107,12,13,3,"Apr, May, Jun",,Yes
Q1 (2025/26),A&E,>12 hours,Midlands,RLQ,Wye Valley NHS Trust,2865,18310,0.156,108,18,21,3,"Apr, May, Jun",,Yes
Q1 (2025/26),A&E,>12 hours,London,RF4,"Barking, Havering and Redbridge University Hospitals NHS Trust",7400,46160,0.16,109,17,18,3,"Apr, May, Jun",,Yes
Q1 (2025/26),A&E,>12 hours,South West,RK9,University Hospitals Plymouth NHS Trust,4500,27830,0.162,110,13,13,3,"Apr, May, Jun",,Yes
Q1 (2025/26),A&E,>12 hours,Midlands,RWP,Worcestershire Acute Hospitals NHS Trust,6800,41860,0.162,110,19,21,3,"Apr, May, Jun",,Yes
Q1 (2025/26),A&E,>12 hours,North West,RBN,Mersey and West Lancashire Teaching Hospitals NHS Trust,8775,52940,0.166,112,13,19,3,"Apr, May, Jun",,Yes
Q1 (2025/26),A&E,>12 hours,North East,RJL,Northern Lincolnshire and Goole NHS Foundation Trust,4660,27415,0.17,113,22,22,3,"Apr, May, Jun",,Yes
Q1 (2025/26),A&E,>12 hours,North West,RBT,Mid Cheshire Hospitals NHS Foundation Trust,4315,24285,0.178,114,14,19,3,"Apr, May, Jun",,Yes
Q1 (2025/26),A&E,>12 hours,London,RVR,Epsom and St Helier University Hospitals NHS Trust,5660,31350,0.181,115,18,18,3,"Apr, May, Jun",,Yes
Q1 (2025/26),A&E,>12 hours,Midlands,RWD,United Lincolnshire Hospitals NHS Trust,5615,31040,0.181,115,20,21,3,"Apr, May, Jun",,Yes
Q1 (2025/26),A&E,>12 hours,North West,RRF,"Wrightington, Wigan and Leigh NHS Foundation Trust",4135,21205,0.195,117,15,19,3,"Apr, May, Jun",,Yes
Q1 (2025/26),A&E,>12 hours,South East,RVV,East Kent Hospitals University NHS Foundation Trust,7625,36805,0.207,118,17,17,3,"Apr, May, Jun",,Yes
Q1 (2025/26),A&E,>12 hours,Midlands,RXW,The Shrewsbury and Telford Hospital NHS Trust,2425,11135,0.218,119,21,21,3,"Apr, May, Jun",,Yes
Q1 (2025/26),A&E,>12 hours,North West,RWW,Warrington and Halton Teaching Hospitals NHS Foundation Trust,4745,21790,0.218,119,16,19,3,"Apr, May, Jun",,Yes
Q1 (2025/26),A&E,>12 hours,North West,RBL,Wirral University Teaching Hospital NHS Foundation Trust,5005,22980,0.218,119,16,19,3,"Apr, May, Jun",,Yes
Q1 (2025/26),A&E,>12 hours,North West,RJR,Countess of Chester Hospital NHS Foundation Trust,3870,15665,0.247,122,18,19,3,"Apr, May, Jun",,Yes
Q1 (2025/26),A&E,>12 hours,North West,RXL,Blackpool Teaching Hospitals NHS Foundation Trust,5145,20330,0.253,123,19,19,3,"Apr, May, Jun",,Yes
Q1 (2025/26),Cancer,28 Days FDS,North West,RMC,BOLTON NHS FOUNDATION TRUST,4662,5265,0.885,1,1,17,3,"Apr, May, Jun",,Yes
Q1 (2025/26),Cancer,28 Days FDS,North East,RTF,NORTHUMBRIA HEALTHCARE NHS FOUNDATION TRUST,4479,5199,0.862,2,1,21,3,"Apr, May, Jun",,Yes
Q1 (2025/26),Cancer,28 Days FDS,London,RAX,KINGSTON AND RICHMOND NHS FOUNDATION TRUST,5171,6024,0.858,3,1,17,3,"Apr, May, Jun",,Yes
Q1 (2025/26),Cancer,28 Days FDS,Midlands,RBK,WALSALL HEALTHCARE NHS TRUST,2188,2552,0.857,4,1,20,3,"Apr, May, Jun",,Yes
Q1 (2025/26),Cancer,28 Days FDS,North West,RMP,TAMESIDE AND GLOSSOP INTEGRATED CARE NHS FOUNDATION TRUST,3003,3532,0.85,5,2,17,3,"Apr, May, Jun",,Yes
Q1 (2025/26),Cancer,28 Days FDS,East,RWG,WEST HERTFORDSHIRE TEACHING HOSPITALS NHS TRUST,4781,5644,0.847,6,1,13,3,"Apr, May, Jun",,Yes
Q1 (2025/26),Cancer,28 Days FDS,South West,RTE,GLOUCESTERSHIRE HOSPITALS NHS FOUNDATION TRUST,6702,8063,0.831,7,1,13,3,"Apr, May, Jun",,Yes
Q1 (2025/26),Cancer,28 Days FDS,South East,RA2,ROYAL SURREY COUNTY HOSPITAL NHS FOUNDATION TRUST,2784,3355,0.83,8,1,17,3,"Apr, May, Jun",,Yes
Q1 (2025/26),Cancer,28 Days FDS,South East,R1F,ISLE OF WIGHT NHS TRUST,1439,1738,0.828,9,2,17,3,"Apr, May, Jun",,Yes
Q1 (2025/26),Cancer,28 Days FDS,North East,RAE,BRADFORD TEACHING HOSPITALS NHS FOUNDATION TRUST,4415,5348,0.826,10,2,21,3,"Apr, May, Jun",,Yes
Q1 (2025/26),Cancer,28 Days FDS,London,RYJ,IMPERIAL COLLEGE HEALTHCARE NHS TRUST,7311,8883,0.823,11,2,17,3,"Apr, May, Jun",,Yes
Q1 (2025/26),Cancer,28 Days FDS,South West,RH8,ROYAL DEVON UNIVERSITY HEALTHCARE NHS FOUNDATION TRUST,9361,11378,0.823,11,2,13,3,"Apr, May, Jun",,Yes
Q1 (2025/26),Cancer,28 Days FDS,South East,RXC,EAST SUSSEX HEALTHCARE NHS TRUST,6767,8230,0.822,13,3,17,3,"Apr, May, Jun",,Yes
Q1 (2025/26),Cancer,28 Days FDS,Midlands,RNS,NORTHAMPTON GENERAL HOSPITAL NHS TRUST,4556,5547,0.821,14,2,20,3,"Apr, May, Jun",,Yes
Q1 (2025/26),Cancer,28 Days FDS,London,RQX,HOMERTON HEALTHCARE NHS FOUNDATION TRUST,3858,4709,0.819,15,3,17,3,"Apr, May, Jun",,Yes
Q1 (2025/26),Cancer,28 Days FDS,Midlands,RNQ,KETTERING GENERAL HOSPITAL NHS FOUNDATION TRUST,3373,4127,0.817,16,3,20,3,"Apr, May, Jun",,Yes
Q1 (2025/26),Cancer,28 Days FDS,North East,RCF,AIREDALE NHS FOUNDATION TRUST,1838,2253,0.816,17,3,21,3,"Apr, May, Jun",,Yes
Q1 (2025/26),Cancer,28 Days FDS,South West,REF,ROYAL CORNWALL HOSPITALS NHS TRUST,6649,8173,0.814,18,3,13,3,"Apr, May, Jun",,Yes
Q1 (2025/26),Cancer,28 Days FDS,South East,RTP,SURREY AND SUSSEX HEALTHCARE NHS TRUST,5766,7099,0.812,19,4,17,3,"Apr, May, Jun",,Yes
Q1 (2025/26),Cancer,28 Days FDS,North East,RXF,MID YORKSHIRE TEACHING NHS TRUST,6304,7794,0.809,20,4,21,3,"Apr, May, Jun",,Yes
Q1 (2025/26),Cancer,28 Days FDS,North West,RXN,LANCASHIRE TEACHING HOSPITALS NHS FOUNDATION TRUST,5836,7224,0.808,21,3,17,3,"Apr, May, Jun",,Yes
Q1 (2025/26),Cancer,28 Days FDS,London,RKE,WHITTINGTON HEALTH NHS TRUST,2308,2864,0.806,22,4,17,3,"Apr, May, Jun",,Yes
Q1 (2025/26),Cancer,28 Days FDS,London,RQM,CHELSEA AND WESTMINSTER HOSPITAL NHS FOUNDATION TRUST,6315,7868,0.803,23,5,17,3,"Apr, May, Jun",,Yes
Q1 (2025/26),Cancer,28 Days FDS,Midlands,RNA,THE DUDLEY GROUP NHS FOUNDATION TRUST,4042,5046,0.801,24,4,20,3,"Apr, May, Jun",,Yes
Q1 (2025/26),Cancer,28 Days FDS,London,R1H,BARTS HEALTH NHS TRUST,8721,10895,0.8,25,6,17,3,"Apr, May, Jun",,Yes
Q1 (2025/26),Cancer,28 Days FDS,London,RJ1,GUY'S AND ST THOMAS' NHS FOUNDATION TRUST,6170,7710,0.8,25,6,17,3,"Apr, May, Jun",,Yes
Q1 (2025/26),Cancer,28 Days FDS,North East,RTD,THE NEWCASTLE UPON TYNE HOSPITALS NHS FOUNDATION TRUST,6759,8445,0.8,25,5,21,3,"Apr, May, Jun",,Yes
Q1 (2025/26),Cancer,28 Days FDS,Midlands,RL4,THE ROYAL WOLVERHAMPTON NHS TRUST,4901,6124,0.8,25,5,20,3,"Apr, May, Jun",,Yes
Q1 (2025/26),Cancer,28 Days FDS,South East,RDU,FRIMLEY HEALTH NHS FOUNDATION TRUST,8148,10203,0.799,29,5,17,3,"Apr, May, Jun",,Yes
Q1 (2025/26),Cancer,28 Days FDS,London,RRV,UNIVERSITY COLLEGE LONDON HOSPITALS NHS FOUNDATION TRUST,4615,5779,0.799,29,8,17,3,"Apr, May, Jun",,Yes
Q1 (2025/26),Cancer,28 Days FDS,London,RVR,EPSOM AND ST HELIER UNIVERSITY HOSPITALS NHS TRUST,2659,3331,0.798,31,9,17,3,"Apr, May, Jun",,Yes
Q1 (2025/26),Cancer,28 Days FDS,East,RGN,NORTH WEST ANGLIA NHS FOUNDATION TRUST,4768,5987,0.796,32,2,13,3,"Apr, May, Jun",,Yes
Q1 (2025/26),Cancer,28 Days FDS,South West,RK9,UNIVERSITY HOSPITALS PLYMOUTH NHS TRUST,7450,9355,0.796,32,4,13,3,"Apr, May, Jun",,Yes
Q1 (2025/26),Cancer,28 Days FDS,South East,RXQ,BUCKINGHAMSHIRE HEALTHCARE NHS TRUST,5377,6766,0.795,34,6,17,3,"Apr, May, Jun",,Yes
Q1 (2025/26),Cancer,28 Days FDS,London,RJ6,CROYDON HEALTH SERVICES NHS TRUST,3529,4437,0.795,34,10,17,3,"Apr, May, Jun",,Yes
Q1 (2025/26),Cancer,28 Days FDS,North West,RWJ,STOCKPORT NHS FOUNDATION TRUST,2526,3183,0.794,36,4,17,3,"Apr, May, Jun",,Yes
Q1 (2025/26),Cancer,28 Days FDS,London,RF4,"BARKING, HAVERING AND REDBRIDGE UNIVERSITY HOSPITALS NHS TRUST",6538,8263,0.791,37,11,17,3,"Apr, May, Jun",,Yes
Q1 (2025/26),Cancer,28 Days FDS,London,RJ7,ST GEORGE'S UNIVERSITY HOSPITALS NHS FOUNDATION TRUST,4856,6142,0.791,37,11,17,3,"Apr, May, Jun",,Yes
Q1 (2025/26),Cancer,28 Days FDS,North East,RFF,BARNSLEY HOSPITAL NHS FOUNDATION TRUST,2782,3522,0.79,39,6,21,3,"Apr, May, Jun",,Yes
Q1 (2025/26),Cancer,28 Days FDS,Midlands,RK5,SHERWOOD FOREST HOSPITALS NHS FOUNDATION TRUST,4047,5125,0.79,39,6,20,3,"Apr, May, Jun",,Yes
Q1 (2025/26),Cancer,28 Days FDS,South East,RHW,ROYAL BERKSHIRE NHS FOUNDATION TRUST,5434,6891,0.789,41,7,17,3,"Apr, May, Jun",,Yes
Q1 (2025/26),Cancer,28 Days FDS,South West,RN3,GREAT WESTERN HOSPITALS NHS FOUNDATION TRUST,3811,4836,0.788,42,5,13,3,"Apr, May, Jun",,Yes
Q1 (2025/26),Cancer,28 Days FDS,North West,RTX,UNIVERSITY HOSPITALS OF MORECAMBE BAY NHS FOUNDATION TRUST,4712,5991,0.787,43,5,17,3,"Apr, May, Jun",,Yes
Q1 (2025/26),Cancer,28 Days FDS,North West,RJR,COUNTESS OF CHESTER HOSPITAL NHS FOUNDATION TRUST,3441,4379,0.786,44,6,17,3,"Apr, May, Jun",,Yes
Q1 (2025/26),Cancer,28 Days FDS,North East,RP5,DONCASTER AND BASSETLAW TEACHING HOSPITALS NHS FOUNDATION TRUST,4295,5468,0.785,45,7,21,3,"Apr, May, Jun",,Yes
Q1 (2025/26),Cancer,28 Days FDS,South West,RA7,UNIVERSITY HOSPITALS BRISTOL AND WESTON NHS FOUNDATION TRUST,4963,6331,0.784,46,6,13,3,"Apr, May, Jun",,Yes
Q1 (2025/26),Cancer,28 Days FDS,Midlands,RLQ,WYE VALLEY NHS TRUST,2460,3136,0.784,46,7,20,3,"Apr, May, Jun",,Yes
Q1 (2025/26),Cancer,28 Days FDS,East,RWH,EAST AND NORTH HERTFORDSHIRE NHS TRUST,3828,4893,0.782,48,3,13,3,"Apr, May, Jun",,Yes
Q1 (2025/26),Cancer,28 Days FDS,South East,RN5,HAMPSHIRE HOSPITALS NHS FOUNDATION TRUST,5192,6652,0.781,49,8,17,3,"Apr, May, Jun",,Yes
Q1 (2025/26),Cancer,28 Days FDS,North West,RRF,"WRIGHTINGTON, WIGAN AND LEIGH NHS FOUNDATION TRUST",4048,5181,0.781,49,7,17,3,"Apr, May, Jun",,Yes
Q1 (2025/26),Cancer,28 Days FDS,South East,RTK,ASHFORD AND ST PETER'S HOSPITALS NHS FOUNDATION TRUST,4694,6025,0.779,51,9,17,3,"Apr, May, Jun",,Yes
Q1 (2025/26),Cancer,28 Days FDS,London,R1K,LONDON NORTH WEST UNIVERSITY HEALTHCARE NHS TRUST,7568,9729,0.778,52,13,17,3,"Apr, May, Jun",,Yes
Q1 (2025/26),Cancer,28 Days FDS,Midlands,RX1,NOTTINGHAM UNIVERSITY HOSPITALS NHS TRUST,6609,8514,0.776,53,8,20,3,"Apr, May, Jun",,Yes
Q1 (2025/26),Cancer,28 Days FDS,North East,RVW,NORTH TEES AND HARTLEPOOL NHS FOUNDATION TRUST,3746,4835,0.775,54,8,21,3,"Apr, May, Jun",,Yes
Q1 (2025/26),Cancer,28 Days FDS,South East,RHM,UNIVERSITY HOSPITAL SOUTHAMPTON NHS FOUNDATION TRUST,5601,7226,0.775,54,10,17,3,"Apr, May, Jun",,Yes
Q1 (2025/26),Cancer,28 Days FDS,Midlands,RWE,UNIVERSITY HOSPITALS OF LEICESTER NHS TRUST,10063,12983,0.775,54,9,20,3,"Apr, May, Jun",,Yes
Q1 (2025/26),Cancer,28 Days FDS,East,RGT,CAMBRIDGE UNIVERSITY HOSPITALS NHS FOUNDATION TRUST,5937,7674,0.774,57,4,13,3,"Apr, May, Jun",,Yes
Q1 (2025/26),Cancer,28 Days FDS,South East,RHU,PORTSMOUTH HOSPITALS UNIVERSITY NATIONAL HEALTH SERVICE TRUST,6297,8153,0.772,58,11,17,3,"Apr, May, Jun",,Yes
Q1 (2025/26),Cancer,28 Days FDS,East,RC9,BEDFORDSHIRE HOSPITALS NHS FOUNDATION TRUST,5954,7735,0.77,59,5,13,3,"Apr, May, Jun",,Yes
Q1 (2025/26),Cancer,28 Days FDS,South West,RVJ,NORTH BRISTOL NHS TRUST,6797,8853,0.768,60,7,13,3,"Apr, May, Jun",,Yes
Q1 (2025/26),Cancer,28 Days FDS,North East,RWY,CALDERDALE AND HUDDERSFIELD NHS FOUNDATION TRUST,4632,6042,0.767,61,9,21,3,"Apr, May, Jun",,Yes
Q1 (2025/26),Cancer,28 Days FDS,North West,RJN,EAST CHESHIRE NHS TRUST,1755,2289,0.767,61,8,17,3,"Apr, May, Jun",,Yes
Q1 (2025/26),Cancer,28 Days FDS,North West,R0A,MANCHESTER UNIVERSITY NHS FOUNDATION TRUST,12678,16545,0.766,63,9,17,3,"Apr, May, Jun",,Yes
Q1 (2025/26),Cancer,28 Days FDS,South East,RTH,OXFORD UNIVERSITY HOSPITALS NHS FOUNDATION TRUST,7589,9903,0.766,63,12,17,3,"Apr, May, Jun",,Yes
Q1 (2025/26),Cancer,28 Days FDS,South East,RWF,MAIDSTONE AND TUNBRIDGE WELLS NHS TRUST,4547,5944,0.765,65,13,17,3,"Apr, May, Jun",,Yes
Q1 (2025/26),Cancer,28 Days FDS,South East,RYR,UNIVERSITY HOSPITALS SUSSEX NHS FOUNDATION TRUST,13220,17305,0.764,66,14,17,3,"Apr, May, Jun",,Yes
Q1 (2025/26),Cancer,28 Days FDS,North East,RFR,THE ROTHERHAM NHS FOUNDATION TRUST,2471,3237,0.763,67,10,21,3,"Apr, May, Jun",,Yes
Q1 (2025/26),Cancer,28 Days FDS,North East,R0B,SOUTH TYNESIDE AND SUNDERLAND NHS FOUNDATION TRUST,3543,4649,0.762,68,11,21,3,"Apr, May, Jun",,Yes
Q1 (2025/26),Cancer,28 Days FDS,London,RJ2,LEWISHAM AND GREENWICH NHS TRUST,7472,9831,0.76,69,14,17,3,"Apr, May, Jun",,Yes
Q1 (2025/26),Cancer,28 Days FDS,North East,RR8,LEEDS TEACHING HOSPITALS NHS TRUST,9759,12851,0.759,70,12,21,3,"Apr, May, Jun",,Yes
Q1 (2025/26),Cancer,28 Days FDS,North West,RBT,MID CHESHIRE HOSPITALS NHS FOUNDATION TRUST,3956,5218,0.758,71,10,17,3,"Apr, May, Jun",,Yes
Q1 (2025/26),Cancer,28 Days FDS,Midlands,RJE,UNIVERSITY HOSPITALS OF NORTH MIDLANDS NHS TRUST,8491,11205,0.758,71,10,20,3,"Apr, May, Jun",,Yes
Q1 (2025/26),Cancer,28 Days FDS,Midlands,RKB,UNIVERSITY HOSPITALS COVENTRY AND WARWICKSHIRE NHS TRUST,5933,7838,0.757,73,11,20,3,"Apr, May, Jun",,Yes
Q1 (2025/26),Cancer,28 Days FDS,South East,RVV,EAST KENT HOSPITALS UNIVERSITY NHS FOUNDATION TRUST,9702,12839,0.756,74,15,17,3,"Apr, May, Jun",,Yes
Q1 (2025/26),Cancer,28 Days FDS,London,RAL,ROYAL FREE LONDON NHS FOUNDATION TRUST,12542,16598,0.756,74,15,17,3,"Apr, May, Jun",,Yes
Q1 (2025/26),Cancer,28 Days FDS,South West,RNZ,SALISBURY NHS FOUNDATION TRUST,2919,3860,0.756,74,8,13,3,"Apr, May, Jun",,Yes
Q1 (2025/26),Cancer,28 Days FDS,North West,RM3,NORTHERN CARE ALLIANCE NHS FOUNDATION TRUST,9424,12486,0.755,77,11,17,3,"Apr, May, Jun",,Yes
Q1 (2025/26),Cancer,28 Days FDS,North East,RTR,SOUTH TEES HOSPITALS NHS FOUNDATION TRUST,3953,5241,0.754,78,13,21,3,"Apr, May, Jun",,Yes
Q1 (2025/26),Cancer,28 Days FDS,Midlands,RWD,UNITED LINCOLNSHIRE TEACHING HOSPITALS NHS TRUST                     ,6515,8643,0.754,78,12,20,3,"Apr, May, Jun",,Yes
Q1 (2025/26),Cancer,28 Days FDS,London,RJZ,KING'S COLLEGE HOSPITAL NHS FOUNDATION TRUST,7762,10320,0.752,80,16,17,3,"Apr, May, Jun",,Yes
Q1 (2025/26),Cancer,28 Days FDS,Midlands,RJC,SOUTH WARWICKSHIRE UNIVERSITY NHS FOUNDATION TRUST,3351,4456,0.752,80,13,20,3,"Apr, May, Jun",,Yes
Q1 (2025/26),Cancer,28 Days FDS,East,RD8,MILTON KEYNES UNIVERSITY HOSPITAL NHS FOUNDATION TRUST,3593,4782,0.751,82,6,13,3,"Apr, May, Jun",,Yes
Q1 (2025/26),Cancer,28 Days FDS,East,RGP,JAMES PAGET UNIVERSITY HOSPITALS NHS FOUNDATION TRUST,2610,3478,0.75,83,7,13,3,"Apr, May, Jun",,Yes
Q1 (2025/26),Cancer,28 Days FDS,Midlands,RRK,UNIVERSITY HOSPITALS BIRMINGHAM NHS FOUNDATION TRUST,8961,11972,0.748,84,14,20,3,"Apr, May, Jun",,Yes
Q1 (2025/26),Cancer,28 Days FDS,South West,R0D,UNIVERSITY HOSPITALS DORSET NHS FOUNDATION TRUST,6846,9215,0.743,85,9,13,3,"Apr, May, Jun",,Yes
Q1 (2025/26),Cancer,28 Days FDS,North West,RXR,EAST LANCASHIRE HOSPITALS NHS TRUST,4775,6432,0.742,86,12,17,3,"Apr, May, Jun",,Yes
Q1 (2025/26),Cancer,28 Days FDS,Midlands,RFS,CHESTERFIELD ROYAL HOSPITAL NHS FOUNDATION TRUST,2975,4032,0.738,87,15,20,3,"Apr, May, Jun",,Yes
Q1 (2025/26),Cancer,28 Days FDS,North West,REM,LIVERPOOL UNIVERSITY HOSPITALS NHS FOUNDATION TRUST,8248,11181,0.738,87,13,17,3,"Apr, May, Jun",,Yes
Q1 (2025/26),Cancer,28 Days FDS,East,RDE,EAST SUFFOLK AND NORTH ESSEX NHS FOUNDATION TRUST,10076,13667,0.737,89,8,13,3,"Apr, May, Jun",,Yes
Q1 (2025/26),Cancer,28 Days FDS,South West,RA9,TORBAY AND SOUTH DEVON NHS FOUNDATION TRUST,4268,5794,0.737,89,10,13,3,"Apr, May, Jun",,Yes
Q1 (2025/26),Cancer,28 Days FDS,Midlands,RTG,UNIVERSITY HOSPITALS OF DERBY AND BURTON NHS FOUNDATION TRUST,8980,12231,0.734,91,16,20,3,"Apr, May, Jun",,Yes
Q1 (2025/26),Cancer,28 Days FDS,North West,RWW,WARRINGTON AND HALTON TEACHING HOSPITALS NHS FOUNDATION TRUST,2329,3178,0.733,92,14,17,3,"Apr, May, Jun",,Yes
Q1 (2025/26),Cancer,28 Days FDS,Midlands,RWP,WORCESTERSHIRE ACUTE HOSPITALS NHS TRUST,5880,8020,0.733,92,17,20,3,"Apr, May, Jun",,Yes
Q1 (2025/26),Cancer,28 Days FDS,East,RM1,NORFOLK AND NORWICH UNIVERSITY HOSPITALS NHS FOUNDATION TRUST,7935,10845,0.732,94,9,13,3,"Apr, May, Jun",,Yes
Q1 (2025/26),Cancer,28 Days FDS,Midlands,RXK,SANDWELL AND WEST BIRMINGHAM HOSPITALS NHS TRUST,3551,4848,0.732,94,18,20,3,"Apr, May, Jun",,Yes
Q1 (2025/26),Cancer,28 Days FDS,North East,RR7,GATESHEAD HEALTH NHS FOUNDATION TRUST,2888,3974,0.727,96,14,21,3,"Apr, May, Jun",,Yes
Q1 (2025/26),Cancer,28 Days FDS,North East,RCD,HARROGATE AND DISTRICT NHS FOUNDATION TRUST,2984,4109,0.726,97,15,21,3,"Apr, May, Jun",,Yes
Q1 (2025/26),Cancer,28 Days FDS,East,RQW,THE PRINCESS ALEXANDRA HOSPITAL NHS TRUST,3801,5277,0.72,98,10,13,3,"Apr, May, Jun",,Yes
Q1 (2025/26),Cancer,28 Days FDS,South East,RN7,DARTFORD AND GRAVESHAM NHS TRUST,2176,3026,0.719,99,16,17,3,"Apr, May, Jun",,Yes
Q1 (2025/26),Cancer,28 Days FDS,South West,RBD,DORSET COUNTY HOSPITAL NHS FOUNDATION TRUST,2497,3506,0.712,100,11,13,3,"Apr, May, Jun",,Yes
Q1 (2025/26),Cancer,28 Days FDS,London,RAS,THE HILLINGDON HOSPITALS NHS FOUNDATION TRUST,2755,3879,0.71,101,17,17,3,"Apr, May, Jun",,Yes
Q1 (2025/26),Cancer,28 Days FDS,North East,RHQ,SHEFFIELD TEACHING HOSPITALS NHS FOUNDATION TRUST,5187,7315,0.709,102,16,21,3,"Apr, May, Jun",,Yes
Q1 (2025/26),Cancer,28 Days FDS,Midlands,RXW,THE SHREWSBURY AND TELFORD HOSPITAL NHS TRUST,6834,9647,0.708,103,19,20,3,"Apr, May, Jun",,Yes
Q1 (2025/26),Cancer,28 Days FDS,North West,RBL,WIRRAL UNIVERSITY TEACHING HOSPITAL NHS FOUNDATION TRUST,4269,6030,0.708,103,15,17,3,"Apr, May, Jun",,Yes
Q1 (2025/26),Cancer,28 Days FDS,South West,RH5,SOMERSET NHS FOUNDATION TRUST,5016,7143,0.702,105,12,13,3,"Apr, May, Jun",,Yes
Q1 (2025/26),Cancer,28 Days FDS,East,RGR,WEST SUFFOLK NHS FOUNDATION TRUST,2860,4138,0.691,106,11,13,3,"Apr, May, Jun",,Yes
Q1 (2025/26),Cancer,28 Days FDS,North East,RXP,COUNTY DURHAM AND DARLINGTON NHS FOUNDATION TRUST,4209,6154,0.684,107,17,21,3,"Apr, May, Jun",,Yes
Q1 (2025/26),Cancer,28 Days FDS,North East,RCB,YORK AND SCARBOROUGH TEACHING HOSPITALS NHS FOUNDATION TRUST,4107,6007,0.684,107,17,21,3,"Apr, May, Jun",,Yes
Q1 (2025/26),Cancer,28 Days FDS,North West,RBN,MERSEY AND WEST LANCASHIRE TEACHING HOSPITALS NHS TRUST,6417,9528,0.673,109,16,17,3,"Apr, May, Jun",,Yes
Q1 (2025/26),Cancer,28 Days FDS,East,RCX,"THE QUEEN ELIZABETH HOSPITAL, KING'S LYNN, NHS FOUNDATION TRUST",2666,3967,0.672,110,12,13,3,"Apr, May, Jun",,Yes
Q1 (2025/26),Cancer,28 Days FDS,Midlands,RLT,GEORGE ELIOT HOSPITAL NHS TRUST,1313,1965,0.668,111,20,20,3,"Apr, May, Jun",,Yes
Q1 (2025/26),Cancer,28 Days FDS,South West,RD1,ROYAL UNITED HOSPITALS BATH NHS FOUNDATION TRUST,4054,6092,0.665,112,13,13,3,"Apr, May, Jun",,Yes
Q1 (2025/26),Cancer,28 Days FDS,North East,RNN,NORTH CUMBRIA INTEGRATED CARE NHS FOUNDATION TRUST,2824,4315,0.654,113,19,21,3,"Apr, May, Jun",,Yes
Q1 (2025/26),Cancer,28 Days FDS,North West,RXL,BLACKPOOL TEACHING HOSPITALS NHS FOUNDATION TRUST,3704,5882,0.63,114,17,17,3,"Apr, May, Jun",,Yes
Q1 (2025/26),Cancer,28 Days FDS,South East,RPA,MEDWAY NHS FOUNDATION TRUST,2995,5044,0.594,115,17,17,3,"Apr, May, Jun",,Yes
Q1 (2025/26),Cancer,28 Days FDS,North East,RJL,NORTHERN LINCOLNSHIRE AND GOOLE NHS FOUNDATION TRUST,2395,4031,0.594,115,20,21,3,"Apr, May, Jun",,Yes
Q1 (2025/26),Cancer,28 Days FDS,East,RAJ,MID AND SOUTH ESSEX NHS FOUNDATION TRUST,11536,19482,0.592,117,13,13,3,"Apr, May, Jun",,Yes
Q1 (2025/26),Cancer,28 Days FDS,North East,RWA,HULL UNIVERSITY TEACHING HOSPITALS NHS TRUST,4493,7813,0.575,118,21,21,3,"Apr, May, Jun",,Yes
Q1 (2025/26),Cancer,31 Days,East,RGR,WEST SUFFOLK NHS FOUNDATION TRUST,723,724,0.999,1,1,13,3,"Apr, May, Jun",,Yes
Q1 (2025/26),Cancer,31 Days,Midlands,RLT,GEORGE ELIOT HOSPITAL NHS TRUST,199,200,0.995,2,1,20,3,"Apr, May, Jun",,Yes
Q1 (2025/26),Cancer,31 Days,London,RQX,HOMERTON HEALTHCARE NHS FOUNDATION TRUST,197,198,0.995,2,1,17,3,"Apr, May, Jun",,Yes
Q1 (2025/26),Cancer,31 Days,London,R1K,LONDON NORTH WEST UNIVERSITY HEALTHCARE NHS TRUST,626,630,0.994,4,2,17,3,"Apr, May, Jun",,Yes
Q1 (2025/26),Cancer,31 Days,North East,RR7,GATESHEAD HEALTH NHS FOUNDATION TRUST,650,657,0.989,5,1,21,3,"Apr, May, Jun",,Yes
Q1 (2025/26),Cancer,31 Days,London,RF4,"BARKING, HAVERING AND REDBRIDGE UNIVERSITY HOSPITALS NHS TRUST",1067,1081,0.987,6,3,17,3,"Apr, May, Jun",,Yes
Q1 (2025/26),Cancer,31 Days,London,RVR,EPSOM AND ST HELIER UNIVERSITY HOSPITALS NHS TRUST,311,315,0.987,6,3,17,3,"Apr, May, Jun",,Yes
Q1 (2025/26),Cancer,31 Days,London,RAX,KINGSTON AND RICHMOND NHS FOUNDATION TRUST,487,494,0.986,8,5,17,3,"Apr, May, Jun",,Yes
Q1 (2025/26),Cancer,31 Days,London,RKE,WHITTINGTON HEALTH NHS TRUST,138,140,0.986,8,5,17,3,"Apr, May, Jun",,Yes
Q1 (2025/26),Cancer,31 Days,South East,RTP,SURREY AND SUSSEX HEALTHCARE NHS TRUST,677,687,0.985,10,1,17,3,"Apr, May, Jun",,Yes
Q1 (2025/26),Cancer,31 Days,North East,RFR,THE ROTHERHAM NHS FOUNDATION TRUST,316,321,0.984,11,2,21,3,"Apr, May, Jun",,Yes
Q1 (2025/26),Cancer,31 Days,East,RWG,WEST HERTFORDSHIRE TEACHING HOSPITALS NHS TRUST,627,637,0.984,11,2,13,3,"Apr, May, Jun",,Yes
Q1 (2025/26),Cancer,31 Days,North West,RWW,WARRINGTON AND HALTON TEACHING HOSPITALS NHS FOUNDATION TRUST,225,229,0.983,13,1,17,3,"Apr, May, Jun",,Yes
Q1 (2025/26),Cancer,31 Days,London,RQM,CHELSEA AND WESTMINSTER HOSPITAL NHS FOUNDATION TRUST,549,559,0.982,14,7,17,3,"Apr, May, Jun",,Yes
Q1 (2025/26),Cancer,31 Days,North East,RCD,HARROGATE AND DISTRICT NHS FOUNDATION TRUST,555,565,0.982,14,3,21,3,"Apr, May, Jun",,Yes
Q1 (2025/26),Cancer,31 Days,North West,RMC,BOLTON NHS FOUNDATION TRUST,415,423,0.981,16,2,17,3,"Apr, May, Jun",,Yes
Q1 (2025/26),Cancer,31 Days,North West,RTX,UNIVERSITY HOSPITALS OF MORECAMBE BAY NHS FOUNDATION TRUST,865,882,0.981,16,2,17,3,"Apr, May, Jun",,Yes
Q1 (2025/26),Cancer,31 Days,North East,RWY,CALDERDALE AND HUDDERSFIELD NHS FOUNDATION TRUST,849,866,0.98,18,4,21,3,"Apr, May, Jun",,Yes
Q1 (2025/26),Cancer,31 Days,London,R1H,BARTS HEALTH NHS TRUST,1524,1556,0.979,19,8,17,3,"Apr, May, Jun",,Yes
Q1 (2025/26),Cancer,31 Days,London,RJ6,CROYDON HEALTH SERVICES NHS TRUST,235,240,0.979,19,8,17,3,"Apr, May, Jun",,Yes
Q1 (2025/26),Cancer,31 Days,South East,RN7,DARTFORD AND GRAVESHAM NHS TRUST,520,531,0.979,19,2,17,3,"Apr, May, Jun",,Yes
Q1 (2025/26),Cancer,31 Days,North East,R0B,SOUTH TYNESIDE AND SUNDERLAND NHS FOUNDATION TRUST,1147,1172,0.979,19,5,21,3,"Apr, May, Jun",,Yes
Q1 (2025/26),Cancer,31 Days,North East,RTF,NORTHUMBRIA HEALTHCARE NHS FOUNDATION TRUST,762,779,0.978,23,6,21,3,"Apr, May, Jun",,Yes
Q1 (2025/26),Cancer,31 Days,Midlands,RBK,WALSALL HEALTHCARE NHS TRUST,283,290,0.976,24,2,20,3,"Apr, May, Jun",,Yes
Q1 (2025/26),Cancer,31 Days,London,RYJ,IMPERIAL COLLEGE HEALTHCARE NHS TRUST,2238,2296,0.975,25,10,17,3,"Apr, May, Jun",,Yes
Q1 (2025/26),Cancer,31 Days,South East,RWF,MAIDSTONE AND TUNBRIDGE WELLS NHS TRUST,2294,2355,0.974,26,3,17,3,"Apr, May, Jun",,Yes
Q1 (2025/26),Cancer,31 Days,North West,RMP,TAMESIDE AND GLOSSOP INTEGRATED CARE NHS FOUNDATION TRUST,190,195,0.974,26,4,17,3,"Apr, May, Jun",,Yes
Q1 (2025/26),Cancer,31 Days,North East,RCB,YORK AND SCARBOROUGH TEACHING HOSPITALS NHS FOUNDATION TRUST,1283,1320,0.972,28,7,21,3,"Apr, May, Jun",,Yes
Q1 (2025/26),Cancer,31 Days,North East,RP5,DONCASTER AND BASSETLAW TEACHING HOSPITALS NHS FOUNDATION TRUST,614,633,0.97,29,8,21,3,"Apr, May, Jun",,Yes
Q1 (2025/26),Cancer,31 Days,South West,RA7,UNIVERSITY HOSPITALS BRISTOL AND WESTON NHS FOUNDATION TRUST,2406,2482,0.969,30,1,13,3,"Apr, May, Jun",,Yes
Q1 (2025/26),Cancer,31 Days,South East,RTK,ASHFORD AND ST PETER'S HOSPITALS NHS FOUNDATION TRUST,515,532,0.968,31,4,17,3,"Apr, May, Jun",,Yes
Q1 (2025/26),Cancer,31 Days,South West,R0D,UNIVERSITY HOSPITALS DORSET NHS FOUNDATION TRUST,2067,2138,0.967,32,2,13,3,"Apr, May, Jun",,Yes
Q1 (2025/26),Cancer,31 Days,North East,RCF,AIREDALE NHS FOUNDATION TRUST,306,317,0.965,33,9,21,3,"Apr, May, Jun",,Yes
Q1 (2025/26),Cancer,31 Days,North West,RXL,BLACKPOOL TEACHING HOSPITALS NHS FOUNDATION TRUST,462,479,0.965,33,5,17,3,"Apr, May, Jun",,Yes
Q1 (2025/26),Cancer,31 Days,London,RAS,THE HILLINGDON HOSPITALS NHS FOUNDATION TRUST,250,259,0.965,33,11,17,3,"Apr, May, Jun",,Yes
Q1 (2025/26),Cancer,31 Days,North East,RVW,NORTH TEES AND HARTLEPOOL NHS FOUNDATION TRUST,643,667,0.964,36,10,21,3,"Apr, May, Jun",,Yes
Q1 (2025/26),Cancer,31 Days,Midlands,RKB,UNIVERSITY HOSPITALS COVENTRY AND WARWICKSHIRE NHS TRUST,1941,2014,0.964,36,3,20,3,"Apr, May, Jun",,Yes
Q1 (2025/26),Cancer,31 Days,South East,RA2,ROYAL SURREY COUNTY HOSPITAL NHS FOUNDATION TRUST,2726,2831,0.963,38,5,17,3,"Apr, May, Jun",,Yes
Q1 (2025/26),Cancer,31 Days,London,RJ7,ST GEORGE'S UNIVERSITY HOSPITALS NHS FOUNDATION TRUST,1222,1269,0.963,38,12,17,3,"Apr, May, Jun",,Yes
Q1 (2025/26),Cancer,31 Days,London,RRV,UNIVERSITY COLLEGE LONDON HOSPITALS NHS FOUNDATION TRUST,1960,2035,0.963,38,12,17,3,"Apr, May, Jun",,Yes
Q1 (2025/26),Cancer,31 Days,South East,RPA,MEDWAY NHS FOUNDATION TRUST,638,663,0.962,41,6,17,3,"Apr, May, Jun",,Yes
Q1 (2025/26),Cancer,31 Days,North East,RNN,NORTH CUMBRIA INTEGRATED CARE NHS FOUNDATION TRUST,376,391,0.962,41,11,21,3,"Apr, May, Jun",,Yes
Q1 (2025/26),Cancer,31 Days,South East,RVV,EAST KENT HOSPITALS UNIVERSITY NHS FOUNDATION TRUST,1835,1910,0.961,43,7,17,3,"Apr, May, Jun",,Yes
Q1 (2025/26),Cancer,31 Days,Midlands,RNA,THE DUDLEY GROUP NHS FOUNDATION TRUST,782,815,0.96,44,4,20,3,"Apr, May, Jun",,Yes
Q1 (2025/26),Cancer,31 Days,South East,R1F,ISLE OF WIGHT NHS TRUST,348,363,0.959,45,8,17,3,"Apr, May, Jun",,Yes
Q1 (2025/26),Cancer,31 Days,East,RC9,BEDFORDSHIRE HOSPITALS NHS FOUNDATION TRUST,882,921,0.958,46,3,13,3,"Apr, May, Jun",,Yes
Q1 (2025/26),Cancer,31 Days,East,RWH,EAST AND NORTH HERTFORDSHIRE NHS TRUST,2507,2618,0.958,46,3,13,3,"Apr, May, Jun",,Yes
Q1 (2025/26),Cancer,31 Days,North East,RJL,NORTHERN LINCOLNSHIRE AND GOOLE NHS FOUNDATION TRUST,642,670,0.958,46,12,21,3,"Apr, May, Jun",,Yes
Q1 (2025/26),Cancer,31 Days,North West,RXR,EAST LANCASHIRE HOSPITALS NHS TRUST,1176,1230,0.956,49,6,17,3,"Apr, May, Jun",,Yes
Q1 (2025/26),Cancer,31 Days,South East,RHM,UNIVERSITY HOSPITAL SOUTHAMPTON NHS FOUNDATION TRUST,2931,3066,0.956,49,9,17,3,"Apr, May, Jun",,Yes
Q1 (2025/26),Cancer,31 Days,North East,RXF,MID YORKSHIRE TEACHING NHS TRUST,1238,1296,0.955,51,13,21,3,"Apr, May, Jun",,Yes
Q1 (2025/26),Cancer,31 Days,North West,RJN,EAST CHESHIRE NHS TRUST,239,251,0.952,52,7,17,3,"Apr, May, Jun",,Yes
Q1 (2025/26),Cancer,31 Days,South West,RH5,SOMERSET NHS FOUNDATION TRUST,1948,2047,0.952,52,3,13,3,"Apr, May, Jun",,Yes
Q1 (2025/26),Cancer,31 Days,South East,RDU,FRIMLEY HEALTH NHS FOUNDATION TRUST,1188,1249,0.951,54,10,17,3,"Apr, May, Jun",,Yes
Q1 (2025/26),Cancer,31 Days,North East,RAE,BRADFORD TEACHING HOSPITALS NHS FOUNDATION TRUST,683,720,0.949,55,14,21,3,"Apr, May, Jun",,Yes
Q1 (2025/26),Cancer,31 Days,South West,RNZ,SALISBURY NHS FOUNDATION TRUST,536,565,0.949,55,4,13,3,"Apr, May, Jun",,Yes
Q1 (2025/26),Cancer,31 Days,East,RGP,JAMES PAGET UNIVERSITY HOSPITALS NHS FOUNDATION TRUST,510,540,0.944,57,5,13,3,"Apr, May, Jun",,Yes
Q1 (2025/26),Cancer,31 Days,Midlands,RFS,CHESTERFIELD ROYAL HOSPITAL NHS FOUNDATION TRUST,500,530,0.943,58,5,20,3,"Apr, May, Jun",,Yes
Q1 (2025/26),Cancer,31 Days,South West,RTE,GLOUCESTERSHIRE HOSPITALS NHS FOUNDATION TRUST,2280,2424,0.941,59,5,13,3,"Apr, May, Jun",,Yes
Q1 (2025/26),Cancer,31 Days,North West,RM3,NORTHERN CARE ALLIANCE NHS FOUNDATION TRUST,925,985,0.939,60,8,17,3,"Apr, May, Jun",,Yes
Q1 (2025/26),Cancer,31 Days,South East,RHU,PORTSMOUTH HOSPITALS UNIVERSITY NATIONAL HEALTH SERVICE TRUST,2414,2572,0.939,60,11,17,3,"Apr, May, Jun",,Yes
Q1 (2025/26),Cancer,31 Days,North West,RJR,COUNTESS OF CHESTER HOSPITAL NHS FOUNDATION TRUST,442,472,0.936,62,9,17,3,"Apr, May, Jun",,Yes
Q1 (2025/26),Cancer,31 Days,South West,RBD,DORSET COUNTY HOSPITAL NHS FOUNDATION TRUST,542,580,0.934,63,6,13,3,"Apr, May, Jun",,Yes
Q1 (2025/26),Cancer,31 Days,East,RDE,EAST SUFFOLK AND NORTH ESSEX NHS FOUNDATION TRUST,2539,2722,0.933,64,6,13,3,"Apr, May, Jun",,Yes
Q1 (2025/26),Cancer,31 Days,South West,REF,ROYAL CORNWALL HOSPITALS NHS TRUST,1894,2030,0.933,64,7,13,3,"Apr, May, Jun",,Yes
Q1 (2025/26),Cancer,31 Days,North East,RR8,LEEDS TEACHING HOSPITALS NHS TRUST,4264,4573,0.932,66,15,21,3,"Apr, May, Jun",,Yes
Q1 (2025/26),Cancer,31 Days,North West,RRF,"WRIGHTINGTON, WIGAN AND LEIGH NHS FOUNDATION TRUST",365,392,0.931,67,10,17,3,"Apr, May, Jun",,Yes
Q1 (2025/26),Cancer,31 Days,East,RQW,THE PRINCESS ALEXANDRA HOSPITAL NHS TRUST,421,453,0.929,68,7,13,3,"Apr, May, Jun",,Yes
Q1 (2025/26),Cancer,31 Days,Midlands,RJE,UNIVERSITY HOSPITALS OF NORTH MIDLANDS NHS TRUST,2000,2154,0.929,68,6,20,3,"Apr, May, Jun",,Yes
Q1 (2025/26),Cancer,31 Days,North East,RFF,BARNSLEY HOSPITAL NHS FOUNDATION TRUST,313,338,0.926,70,16,21,3,"Apr, May, Jun",,Yes
Q1 (2025/26),Cancer,31 Days,North West,RBN,MERSEY AND WEST LANCASHIRE TEACHING HOSPITALS NHS TRUST,1325,1433,0.925,71,11,17,3,"Apr, May, Jun",,Yes
Q1 (2025/26),Cancer,31 Days,East,RD8,MILTON KEYNES UNIVERSITY HOSPITAL NHS FOUNDATION TRUST,617,668,0.924,72,8,13,3,"Apr, May, Jun",,Yes
Q1 (2025/26),Cancer,31 Days,London,RJ2,LEWISHAM AND GREENWICH NHS TRUST,359,389,0.923,73,14,17,3,"Apr, May, Jun",,Yes
Q1 (2025/26),Cancer,31 Days,South West,RA9,TORBAY AND SOUTH DEVON NHS FOUNDATION TRUST,1070,1160,0.922,74,8,13,3,"Apr, May, Jun",,Yes
Q1 (2025/26),Cancer,31 Days,South East,RN5,HAMPSHIRE HOSPITALS NHS FOUNDATION TRUST,1021,1108,0.921,75,12,17,3,"Apr, May, Jun",,Yes
Q1 (2025/26),Cancer,31 Days,Midlands,RNS,NORTHAMPTON GENERAL HOSPITAL NHS TRUST,1281,1395,0.918,76,7,20,3,"Apr, May, Jun",,Yes
Q1 (2025/26),Cancer,31 Days,Midlands,RXK,SANDWELL AND WEST BIRMINGHAM HOSPITALS NHS TRUST,416,453,0.918,76,7,20,3,"Apr, May, Jun",,Yes
Q1 (2025/26),Cancer,31 Days,Midlands,RL4,THE ROYAL WOLVERHAMPTON NHS TRUST,1566,1706,0.918,76,7,20,3,"Apr, May, Jun",,Yes
Q1 (2025/26),Cancer,31 Days,North West,RBL,WIRRAL UNIVERSITY TEACHING HOSPITAL NHS FOUNDATION TRUST,641,698,0.918,76,12,17,3,"Apr, May, Jun",,Yes
Q1 (2025/26),Cancer,31 Days,South East,RXC,EAST SUSSEX HEALTHCARE NHS TRUST,852,929,0.917,80,13,17,3,"Apr, May, Jun",,Yes
Q1 (2025/26),Cancer,31 Days,South West,RD1,ROYAL UNITED HOSPITALS BATH NHS FOUNDATION TRUST,1308,1426,0.917,80,9,13,3,"Apr, May, Jun",,Yes
Q1 (2025/26),Cancer,31 Days,North East,RXP,COUNTY DURHAM AND DARLINGTON NHS FOUNDATION TRUST,750,820,0.915,82,17,21,3,"Apr, May, Jun",,Yes
Q1 (2025/26),Cancer,31 Days,South West,RK9,UNIVERSITY HOSPITALS PLYMOUTH NHS TRUST,2049,2240,0.915,82,10,13,3,"Apr, May, Jun",,Yes
Q1 (2025/26),Cancer,31 Days,Midlands,RX1,NOTTINGHAM UNIVERSITY HOSPITALS NHS TRUST,2615,2860,0.914,84,10,20,3,"Apr, May, Jun",,Yes
Q1 (2025/26),Cancer,31 Days,Midlands,RK5,SHERWOOD FOREST HOSPITALS NHS FOUNDATION TRUST,362,397,0.912,85,11,20,3,"Apr, May, Jun",,Yes
Q1 (2025/26),Cancer,31 Days,North West,REM,LIVERPOOL UNIVERSITY HOSPITALS NHS FOUNDATION TRUST,1053,1162,0.906,86,13,17,3,"Apr, May, Jun",,Yes
Q1 (2025/26),Cancer,31 Days,East,RCX,"THE QUEEN ELIZABETH HOSPITAL, KING'S LYNN, NHS FOUNDATION TRUST",449,496,0.905,87,9,13,3,"Apr, May, Jun",,Yes
Q1 (2025/26),Cancer,31 Days,London,RJZ,KING'S COLLEGE HOSPITAL NHS FOUNDATION TRUST,880,976,0.902,88,15,17,3,"Apr, May, Jun",,Yes
Q1 (2025/26),Cancer,31 Days,South West,RN3,GREAT WESTERN HOSPITALS NHS FOUNDATION TRUST,539,598,0.901,89,11,13,3,"Apr, May, Jun",,Yes
Q1 (2025/26),Cancer,31 Days,South East,RHW,ROYAL BERKSHIRE NHS FOUNDATION TRUST,1347,1496,0.9,90,14,17,3,"Apr, May, Jun",,Yes
Q1 (2025/26),Cancer,31 Days,Midlands,RRK,UNIVERSITY HOSPITALS BIRMINGHAM NHS FOUNDATION TRUST,3801,4221,0.9,90,12,20,3,"Apr, May, Jun",,Yes
Q1 (2025/26),Cancer,31 Days,London,RJ1,GUY'S AND ST THOMAS' NHS FOUNDATION TRUST,2813,3129,0.899,92,16,17,3,"Apr, May, Jun",,Yes
Q1 (2025/26),Cancer,31 Days,London,RAL,ROYAL FREE LONDON NHS FOUNDATION TRUST,2176,2422,0.898,93,17,17,3,"Apr, May, Jun",,Yes
Q1 (2025/26),Cancer,31 Days,North West,RXN,LANCASHIRE TEACHING HOSPITALS NHS FOUNDATION TRUST,1941,2164,0.897,94,14,17,3,"Apr, May, Jun",,Yes
Q1 (2025/26),Cancer,31 Days,Midlands,RTG,UNIVERSITY HOSPITALS OF DERBY AND BURTON NHS FOUNDATION TRUST,2259,2521,0.896,95,13,20,3,"Apr, May, Jun",,Yes
Q1 (2025/26),Cancer,31 Days,North West,RWJ,STOCKPORT NHS FOUNDATION TRUST,334,374,0.893,96,15,17,3,"Apr, May, Jun",,Yes
Q1 (2025/26),Cancer,31 Days,Midlands,RXW,THE SHREWSBURY AND TELFORD HOSPITAL NHS TRUST,1661,1869,0.889,97,14,20,3,"Apr, May, Jun",,Yes
Q1 (2025/26),Cancer,31 Days,North West,R0A,MANCHESTER UNIVERSITY NHS FOUNDATION TRUST,1545,1740,0.888,98,16,17,3,"Apr, May, Jun",,Yes
Q1 (2025/26),Cancer,31 Days,Midlands,RNQ,KETTERING GENERAL HOSPITAL NHS FOUNDATION TRUST,455,513,0.887,99,15,20,3,"Apr, May, Jun",,Yes
Q1 (2025/26),Cancer,31 Days,North West,RBT,MID CHESHIRE HOSPITALS NHS FOUNDATION TRUST,346,390,0.887,99,17,17,3,"Apr, May, Jun",,Yes
Q1 (2025/26),Cancer,31 Days,South West,RVJ,NORTH BRISTOL NHS TRUST,1212,1368,0.886,101,12,13,3,"Apr, May, Jun",,Yes
Q1 (2025/26),Cancer,31 Days,South West,RH8,ROYAL DEVON UNIVERSITY HEALTHCARE NHS FOUNDATION TRUST,2016,2283,0.883,102,13,13,3,"Apr, May, Jun",,Yes
Q1 (2025/26),Cancer,31 Days,Midlands,RJC,SOUTH WARWICKSHIRE UNIVERSITY NHS FOUNDATION TRUST,389,442,0.88,103,16,20,3,"Apr, May, Jun",,Yes
Q1 (2025/26),Cancer,31 Days,East,RGN,NORTH WEST ANGLIA NHS FOUNDATION TRUST,821,944,0.87,104,10,13,3,"Apr, May, Jun",,Yes
Q1 (2025/26),Cancer,31 Days,East,RM1,NORFOLK AND NORWICH UNIVERSITY HOSPITALS NHS FOUNDATION TRUST,1376,1592,0.864,105,11,13,3,"Apr, May, Jun",,Yes
Q1 (2025/26),Cancer,31 Days,Midlands,RLQ,WYE VALLEY NHS TRUST,392,454,0.863,106,17,20,3,"Apr, May, Jun",,Yes
Q1 (2025/26),Cancer,31 Days,Midlands,RWD,UNITED LINCOLNSHIRE TEACHING HOSPITALS NHS TRUST                     ,1728,2005,0.862,107,18,20,3,"Apr, May, Jun",,Yes
Q1 (2025/26),Cancer,31 Days,Midlands,RWP,WORCESTERSHIRE ACUTE HOSPITALS NHS TRUST,1418,1658,0.855,108,19,20,3,"Apr, May, Jun",,Yes
Q1 (2025/26),Cancer,31 Days,North East,RTR,SOUTH TEES HOSPITALS NHS FOUNDATION TRUST,1875,2196,0.854,109,18,21,3,"Apr, May, Jun",,Yes
Q1 (2025/26),Cancer,31 Days,East,RGT,CAMBRIDGE UNIVERSITY HOSPITALS NHS FOUNDATION TRUST,2167,2585,0.838,110,12,13,3,"Apr, May, Jun",,Yes
Q1 (2025/26),Cancer,31 Days,South East,RXQ,BUCKINGHAMSHIRE HEALTHCARE NHS TRUST,703,845,0.832,111,15,17,3,"Apr, May, Jun",,Yes
Q1 (2025/26),Cancer,31 Days,North East,RHQ,SHEFFIELD TEACHING HOSPITALS NHS FOUNDATION TRUST,3260,3916,0.832,111,19,21,3,"Apr, May, Jun",,Yes
Q1 (2025/26),Cancer,31 Days,North East,RTD,THE NEWCASTLE UPON TYNE HOSPITALS NHS FOUNDATION TRUST,3298,4162,0.792,113,20,21,3,"Apr, May, Jun",,Yes
Q1 (2025/26),Cancer,31 Days,East,RAJ,MID AND SOUTH ESSEX NHS FOUNDATION TRUST,2351,2981,0.789,114,13,13,3,"Apr, May, Jun",,Yes
Q1 (2025/26),Cancer,31 Days,South East,RTH,OXFORD UNIVERSITY HOSPITALS NHS FOUNDATION TRUST,2543,3281,0.775,115,16,17,3,"Apr, May, Jun",,Yes
Q1 (2025/26),Cancer,31 Days,South East,RYR,UNIVERSITY HOSPITALS SUSSEX NHS FOUNDATION TRUST,2189,2877,0.761,116,17,17,3,"Apr, May, Jun",,Yes
Q1 (2025/26),Cancer,31 Days,North East,RWA,HULL UNIVERSITY TEACHING HOSPITALS NHS TRUST,2097,2762,0.759,117,21,21,3,"Apr, May, Jun",,Yes
Q1 (2025/26),Cancer,31 Days,Midlands,RWE,UNIVERSITY HOSPITALS OF LEICESTER NHS TRUST,2024,2705,0.748,118,20,20,3,"Apr, May, Jun",,Yes
Q1 (2025/26),Cancer,62 Days,North East,RWY,CALDERDALE AND HUDDERSFIELD NHS FOUNDATION TRUST,507.5,581.5,0.873,1,1,21,3,"Apr, May, Jun",,Yes
Q1 (2025/26),Cancer,62 Days,North West,RMC,BOLTON NHS FOUNDATION TRUST,359.5,413,0.87,2,1,17,3,"Apr, May, Jun",,Yes
Q1 (2025/26),Cancer,62 Days,East,RWH,EAST AND NORTH HERTFORDSHIRE NHS TRUST,544,634.5,0.857,3,1,13,3,"Apr, May, Jun",,Yes
Q1 (2025/26),Cancer,62 Days,South East,RWF,MAIDSTONE AND TUNBRIDGE WELLS NHS TRUST,533.5,624.5,0.854,4,1,17,3,"Apr, May, Jun",,Yes
Q1 (2025/26),Cancer,62 Days,London,RQX,HOMERTON HEALTHCARE NHS FOUNDATION TRUST,182,217.5,0.837,5,1,17,3,"Apr, May, Jun",,Yes
Q1 (2025/26),Cancer,62 Days,London,R1K,LONDON NORTH WEST UNIVERSITY HEALTHCARE NHS TRUST,500.5,611.5,0.818,6,2,17,3,"Apr, May, Jun",,Yes
Q1 (2025/26),Cancer,62 Days,London,RVR,EPSOM AND ST HELIER UNIVERSITY HOSPITALS NHS TRUST,306.5,375,0.817,7,3,17,3,"Apr, May, Jun",,Yes
Q1 (2025/26),Cancer,62 Days,South East,RTK,ASHFORD AND ST PETER'S HOSPITALS NHS FOUNDATION TRUST,402,492.5,0.816,8,2,17,3,"Apr, May, Jun",,Yes
Q1 (2025/26),Cancer,62 Days,North East,RTF,NORTHUMBRIA HEALTHCARE NHS FOUNDATION TRUST,467.5,574.5,0.814,9,2,21,3,"Apr, May, Jun",,Yes
Q1 (2025/26),Cancer,62 Days,South West,REF,ROYAL CORNWALL HOSPITALS NHS TRUST,818.5,1006.5,0.813,10,1,13,3,"Apr, May, Jun",,Yes
Q1 (2025/26),Cancer,62 Days,Midlands,RBK,WALSALL HEALTHCARE NHS TRUST,200,247.5,0.808,11,1,20,3,"Apr, May, Jun",,Yes
Q1 (2025/26),Cancer,62 Days,London,RKE,WHITTINGTON HEALTH NHS TRUST,127,159.5,0.796,12,4,17,3,"Apr, May, Jun",,Yes
Q1 (2025/26),Cancer,62 Days,North West,RMP,TAMESIDE AND GLOSSOP INTEGRATED CARE NHS FOUNDATION TRUST,185,233.5,0.792,13,2,17,3,"Apr, May, Jun",,Yes
Q1 (2025/26),Cancer,62 Days,North West,RBN,MERSEY AND WEST LANCASHIRE TEACHING HOSPITALS NHS TRUST,727.5,922.5,0.789,14,3,17,3,"Apr, May, Jun",,Yes
Q1 (2025/26),Cancer,62 Days,North West,RWW,WARRINGTON AND HALTON TEACHING HOSPITALS NHS FOUNDATION TRUST,205.5,260.5,0.789,14,3,17,3,"Apr, May, Jun",,Yes
Q1 (2025/26),Cancer,62 Days,East,RWG,WEST HERTFORDSHIRE TEACHING HOSPITALS NHS TRUST,429,544.5,0.788,16,2,13,3,"Apr, May, Jun",,Yes
Q1 (2025/26),Cancer,62 Days,South East,RA2,ROYAL SURREY COUNTY HOSPITAL NHS FOUNDATION TRUST,453.5,577.5,0.785,17,3,17,3,"Apr, May, Jun",,Yes
Q1 (2025/26),Cancer,62 Days,North East,RCF,AIREDALE NHS FOUNDATION TRUST,195,249.5,0.782,18,3,21,3,"Apr, May, Jun",,Yes
Q1 (2025/26),Cancer,62 Days,South East,RTP,SURREY AND SUSSEX HEALTHCARE NHS TRUST,483.5,622.5,0.777,19,4,17,3,"Apr, May, Jun",,Yes
Q1 (2025/26),Cancer,62 Days,North East,RCD,HARROGATE AND DISTRICT NHS FOUNDATION TRUST,317,408.5,0.776,20,4,21,3,"Apr, May, Jun",,Yes
Q1 (2025/26),Cancer,62 Days,London,RAX,KINGSTON AND RICHMOND NHS FOUNDATION TRUST,359.5,463,0.776,20,5,17,3,"Apr, May, Jun",,Yes
Q1 (2025/26),Cancer,62 Days,London,RJ7,ST GEORGE'S UNIVERSITY HOSPITALS NHS FOUNDATION TRUST,431.5,557.5,0.774,22,6,17,3,"Apr, May, Jun",,Yes
Q1 (2025/26),Cancer,62 Days,North West,RBL,WIRRAL UNIVERSITY TEACHING HOSPITAL NHS FOUNDATION TRUST,359.5,468,0.768,23,5,17,3,"Apr, May, Jun",,Yes
Q1 (2025/26),Cancer,62 Days,North West,RRF,"WRIGHTINGTON, WIGAN AND LEIGH NHS FOUNDATION TRUST",316.5,412.5,0.767,24,6,17,3,"Apr, May, Jun",,Yes
Q1 (2025/26),Cancer,62 Days,North West,RJR,COUNTESS OF CHESTER HOSPITAL NHS FOUNDATION TRUST,329,430,0.765,25,7,17,3,"Apr, May, Jun",,Yes
Q1 (2025/26),Cancer,62 Days,South West,RA7,UNIVERSITY HOSPITALS BRISTOL AND WESTON NHS FOUNDATION TRUST,560.5,735,0.763,26,2,13,3,"Apr, May, Jun",,Yes
Q1 (2025/26),Cancer,62 Days,London,RF4,"BARKING, HAVERING AND REDBRIDGE UNIVERSITY HOSPITALS NHS TRUST",435.5,572,0.761,27,7,17,3,"Apr, May, Jun",,Yes
Q1 (2025/26),Cancer,62 Days,South East,RDU,FRIMLEY HEALTH NHS FOUNDATION TRUST,680,896,0.759,28,5,17,3,"Apr, May, Jun",,Yes
Q1 (2025/26),Cancer,62 Days,North West,RXR,EAST LANCASHIRE HOSPITALS NHS TRUST,499.5,659,0.758,29,8,17,3,"Apr, May, Jun",,Yes
Q1 (2025/26),Cancer,62 Days,Midlands,RFS,CHESTERFIELD ROYAL HOSPITAL NHS FOUNDATION TRUST,322.5,426,0.757,30,2,20,3,"Apr, May, Jun",,Yes
Q1 (2025/26),Cancer,62 Days,Midlands,RNA,THE DUDLEY GROUP NHS FOUNDATION TRUST,422,557.5,0.757,30,2,20,3,"Apr, May, Jun",,Yes
Q1 (2025/26),Cancer,62 Days,North East,RXF,MID YORKSHIRE TEACHING NHS TRUST,575,761,0.756,32,5,21,3,"Apr, May, Jun",,Yes
Q1 (2025/26),Cancer,62 Days,East,RGR,WEST SUFFOLK NHS FOUNDATION TRUST,344.5,460.5,0.748,33,3,13,3,"Apr, May, Jun",,Yes
Q1 (2025/26),Cancer,62 Days,London,RQM,CHELSEA AND WESTMINSTER HOSPITAL NHS FOUNDATION TRUST,401.5,538,0.746,34,8,17,3,"Apr, May, Jun",,Yes
Q1 (2025/26),Cancer,62 Days,London,RJ6,CROYDON HEALTH SERVICES NHS TRUST,203,272.5,0.745,35,9,17,3,"Apr, May, Jun",,Yes
Q1 (2025/26),Cancer,62 Days,South East,RHM,UNIVERSITY HOSPITAL SOUTHAMPTON NHS FOUNDATION TRUST,600.5,806.5,0.745,35,6,17,3,"Apr, May, Jun",,Yes
Q1 (2025/26),Cancer,62 Days,South East,RVV,EAST KENT HOSPITALS UNIVERSITY NHS FOUNDATION TRUST,895.5,1203,0.744,37,7,17,3,"Apr, May, Jun",,Yes
Q1 (2025/26),Cancer,62 Days,South West,RH8,ROYAL DEVON UNIVERSITY HEALTHCARE NHS FOUNDATION TRUST,874,1177,0.743,38,3,13,3,"Apr, May, Jun",,Yes
Q1 (2025/26),Cancer,62 Days,London,R1H,BARTS HEALTH NHS TRUST,534.5,720.5,0.742,39,10,17,3,"Apr, May, Jun",,Yes
Q1 (2025/26),Cancer,62 Days,South West,RN3,GREAT WESTERN HOSPITALS NHS FOUNDATION TRUST,360,489.5,0.735,40,4,13,3,"Apr, May, Jun",,Yes
Q1 (2025/26),Cancer,62 Days,Midlands,RLQ,WYE VALLEY NHS TRUST,288.5,393,0.734,41,4,20,3,"Apr, May, Jun",,Yes
Q1 (2025/26),Cancer,62 Days,East,RGT,CAMBRIDGE UNIVERSITY HOSPITALS NHS FOUNDATION TRUST,570.5,783.5,0.728,42,4,13,3,"Apr, May, Jun",,Yes
Q1 (2025/26),Cancer,62 Days,South East,RN5,HAMPSHIRE HOSPITALS NHS FOUNDATION TRUST,519.5,713.5,0.728,42,8,17,3,"Apr, May, Jun",,Yes
Q1 (2025/26),Cancer,62 Days,North East,RP5,DONCASTER AND BASSETLAW TEACHING HOSPITALS NHS FOUNDATION TRUST,457,629,0.727,44,6,21,3,"Apr, May, Jun",,Yes
Q1 (2025/26),Cancer,62 Days,East,RGN,NORTH WEST ANGLIA NHS FOUNDATION TRUST,486,668.5,0.727,44,5,13,3,"Apr, May, Jun",,Yes
Q1 (2025/26),Cancer,62 Days,South West,RBD,DORSET COUNTY HOSPITAL NHS FOUNDATION TRUST,287,395.5,0.726,46,5,13,3,"Apr, May, Jun",,Yes
Q1 (2025/26),Cancer,62 Days,South East,RHU,PORTSMOUTH HOSPITALS UNIVERSITY NATIONAL HEALTH SERVICE TRUST,818,1128,0.725,47,9,17,3,"Apr, May, Jun",,Yes
Q1 (2025/26),Cancer,62 Days,North East,R0B,SOUTH TYNESIDE AND SUNDERLAND NHS FOUNDATION TRUST,535.5,738.5,0.725,47,7,21,3,"Apr, May, Jun",,Yes
Q1 (2025/26),Cancer,62 Days,London,RYJ,IMPERIAL COLLEGE HEALTHCARE NHS TRUST,490,677.5,0.723,49,11,17,3,"Apr, May, Jun",,Yes
Q1 (2025/26),Cancer,62 Days,North East,RAE,BRADFORD TEACHING HOSPITALS NHS FOUNDATION TRUST,334.5,463,0.722,50,8,21,3,"Apr, May, Jun",,Yes
Q1 (2025/26),Cancer,62 Days,South East,RXC,EAST SUSSEX HEALTHCARE NHS TRUST,618,856,0.722,50,10,17,3,"Apr, May, Jun",,Yes
Q1 (2025/26),Cancer,62 Days,North East,RR7,GATESHEAD HEALTH NHS FOUNDATION TRUST,324,449.5,0.721,52,9,21,3,"Apr, May, Jun",,Yes
Q1 (2025/26),Cancer,62 Days,London,RRV,UNIVERSITY COLLEGE LONDON HOSPITALS NHS FOUNDATION TRUST,444,616,0.721,52,12,17,3,"Apr, May, Jun",,Yes
Q1 (2025/26),Cancer,62 Days,North West,REM,LIVERPOOL UNIVERSITY HOSPITALS NHS FOUNDATION TRUST,674,938.5,0.718,54,9,17,3,"Apr, May, Jun",,Yes
Q1 (2025/26),Cancer,62 Days,South West,RTE,GLOUCESTERSHIRE HOSPITALS NHS FOUNDATION TRUST,796.5,1110.5,0.717,55,6,13,3,"Apr, May, Jun",,Yes
Q1 (2025/26),Cancer,62 Days,North West,RM3,NORTHERN CARE ALLIANCE NHS FOUNDATION TRUST,753,1052,0.716,56,10,17,3,"Apr, May, Jun",,Yes
Q1 (2025/26),Cancer,62 Days,North West,RJN,EAST CHESHIRE NHS TRUST,175.5,246,0.713,57,11,17,3,"Apr, May, Jun",,Yes
Q1 (2025/26),Cancer,62 Days,South East,R1F,ISLE OF WIGHT NHS TRUST,167,234.5,0.712,58,11,17,3,"Apr, May, Jun",,Yes
Q1 (2025/26),Cancer,62 Days,South East,RHW,ROYAL BERKSHIRE NHS FOUNDATION TRUST,503,706,0.712,58,11,17,3,"Apr, May, Jun",,Yes
Q1 (2025/26),Cancer,62 Days,Midlands,RL4,THE ROYAL WOLVERHAMPTON NHS TRUST,464.5,654,0.71,60,5,20,3,"Apr, May, Jun",,Yes
Q1 (2025/26),Cancer,62 Days,North East,RXP,COUNTY DURHAM AND DARLINGTON NHS FOUNDATION TRUST,450.5,638.5,0.706,61,10,21,3,"Apr, May, Jun",,Yes
Q1 (2025/26),Cancer,62 Days,Midlands,RTG,UNIVERSITY HOSPITALS OF DERBY AND BURTON NHS FOUNDATION TRUST,915.5,1300.5,0.704,62,6,20,3,"Apr, May, Jun",,Yes
Q1 (2025/26),Cancer,62 Days,North East,RFR,THE ROTHERHAM NHS FOUNDATION TRUST,234,334.5,0.7,63,11,21,3,"Apr, May, Jun",,Yes
Q1 (2025/26),Cancer,62 Days,North East,RFF,BARNSLEY HOSPITAL NHS FOUNDATION TRUST,232,332,0.699,64,12,21,3,"Apr, May, Jun",,Yes
Q1 (2025/26),Cancer,62 Days,Midlands,RNQ,KETTERING GENERAL HOSPITAL NHS FOUNDATION TRUST,290.5,415.5,0.699,64,7,20,3,"Apr, May, Jun",,Yes
Q1 (2025/26),Cancer,62 Days,South West,R0D,UNIVERSITY HOSPITALS DORSET NHS FOUNDATION TRUST,787,1129.5,0.697,66,7,13,3,"Apr, May, Jun",,Yes
Q1 (2025/26),Cancer,62 Days,Midlands,RXK,SANDWELL AND WEST BIRMINGHAM HOSPITALS NHS TRUST,302.5,435.5,0.695,67,8,20,3,"Apr, May, Jun",,Yes
Q1 (2025/26),Cancer,62 Days,London,RAS,THE HILLINGDON HOSPITALS NHS FOUNDATION TRUST,182,263,0.692,68,13,17,3,"Apr, May, Jun",,Yes
Q1 (2025/26),Cancer,62 Days,London,RJZ,KING'S COLLEGE HOSPITAL NHS FOUNDATION TRUST,553,800.5,0.691,69,14,17,3,"Apr, May, Jun",,Yes
Q1 (2025/26),Cancer,62 Days,North West,RBT,MID CHESHIRE HOSPITALS NHS FOUNDATION TRUST,327,473,0.691,69,12,17,3,"Apr, May, Jun",,Yes
Q1 (2025/26),Cancer,62 Days,South West,RH5,SOMERSET NHS FOUNDATION TRUST,720.5,1042,0.691,69,8,13,3,"Apr, May, Jun",,Yes
Q1 (2025/26),Cancer,62 Days,South East,RN7,DARTFORD AND GRAVESHAM NHS TRUST,200,290,0.69,72,13,17,3,"Apr, May, Jun",,Yes
Q1 (2025/26),Cancer,62 Days,East,RC9,BEDFORDSHIRE HOSPITALS NHS FOUNDATION TRUST,456.5,663,0.689,73,6,13,3,"Apr, May, Jun",,Yes
Q1 (2025/26),Cancer,62 Days,East,RDE,EAST SUFFOLK AND NORTH ESSEX NHS FOUNDATION TRUST,905,1316.5,0.687,74,7,13,3,"Apr, May, Jun",,Yes
Q1 (2025/26),Cancer,62 Days,South West,RD1,ROYAL UNITED HOSPITALS BATH NHS FOUNDATION TRUST,439,640.5,0.685,75,9,13,3,"Apr, May, Jun",,Yes
Q1 (2025/26),Cancer,62 Days,North East,RTD,THE NEWCASTLE UPON TYNE HOSPITALS NHS FOUNDATION TRUST,882,1288,0.685,75,13,21,3,"Apr, May, Jun",,Yes
Q1 (2025/26),Cancer,62 Days,North West,RWJ,STOCKPORT NHS FOUNDATION TRUST,258.5,383,0.675,77,13,17,3,"Apr, May, Jun",,Yes
Q1 (2025/26),Cancer,62 Days,South West,RA9,TORBAY AND SOUTH DEVON NHS FOUNDATION TRUST,337.5,500,0.675,77,10,13,3,"Apr, May, Jun",,Yes
Q1 (2025/26),Cancer,62 Days,North West,RTX,UNIVERSITY HOSPITALS OF MORECAMBE BAY NHS FOUNDATION TRUST,356.5,536.5,0.664,79,14,17,3,"Apr, May, Jun",,Yes
Q1 (2025/26),Cancer,62 Days,Midlands,RNS,NORTHAMPTON GENERAL HOSPITAL NHS TRUST,358.5,541,0.663,80,9,20,3,"Apr, May, Jun",,Yes
Q1 (2025/26),Cancer,62 Days,Midlands,RWD,UNITED LINCOLNSHIRE TEACHING HOSPITALS NHS TRUST                     ,727.5,1103,0.66,81,10,20,3,"Apr, May, Jun",,Yes
Q1 (2025/26),Cancer,62 Days,South West,RNZ,SALISBURY NHS FOUNDATION TRUST,303.5,460.5,0.659,82,11,13,3,"Apr, May, Jun",,Yes
Q1 (2025/26),Cancer,62 Days,North East,RCB,YORK AND SCARBOROUGH TEACHING HOSPITALS NHS FOUNDATION TRUST,597,917,0.651,83,14,21,3,"Apr, May, Jun",,Yes
Q1 (2025/26),Cancer,62 Days,South West,RVJ,NORTH BRISTOL NHS TRUST,674,1040,0.648,84,12,13,3,"Apr, May, Jun",,Yes
Q1 (2025/26),Cancer,62 Days,Midlands,RLT,GEORGE ELIOT HOSPITAL NHS TRUST,124.5,192.5,0.647,85,11,20,3,"Apr, May, Jun",,Yes
Q1 (2025/26),Cancer,62 Days,Midlands,RK5,SHERWOOD FOREST HOSPITALS NHS FOUNDATION TRUST,264,408,0.647,85,11,20,3,"Apr, May, Jun",,Yes
Q1 (2025/26),Cancer,62 Days,East,RD8,MILTON KEYNES UNIVERSITY HOSPITAL NHS FOUNDATION TRUST,298,461,0.646,87,8,13,3,"Apr, May, Jun",,Yes
Q1 (2025/26),Cancer,62 Days,East,RGP,JAMES PAGET UNIVERSITY HOSPITALS NHS FOUNDATION TRUST,239,372.5,0.642,88,9,13,3,"Apr, May, Jun",,Yes
Q1 (2025/26),Cancer,62 Days,Midlands,RKB,UNIVERSITY HOSPITALS COVENTRY AND WARWICKSHIRE NHS TRUST,520,812.5,0.64,89,13,20,3,"Apr, May, Jun",,Yes
Q1 (2025/26),Cancer,62 Days,North West,R0A,MANCHESTER UNIVERSITY NHS FOUNDATION TRUST,849.5,1331.5,0.638,90,15,17,3,"Apr, May, Jun",,Yes
Q1 (2025/26),Cancer,62 Days,Midlands,RJE,UNIVERSITY HOSPITALS OF NORTH MIDLANDS NHS TRUST,684.5,1083.5,0.632,91,14,20,3,"Apr, May, Jun",,Yes
Q1 (2025/26),Cancer,62 Days,South East,RPA,MEDWAY NHS FOUNDATION TRUST,263.5,419.5,0.628,92,14,17,3,"Apr, May, Jun",,Yes
Q1 (2025/26),Cancer,62 Days,North West,RXL,BLACKPOOL TEACHING HOSPITALS NHS FOUNDATION TRUST,293,470,0.623,93,16,17,3,"Apr, May, Jun",,Yes
Q1 (2025/26),Cancer,62 Days,London,RJ2,LEWISHAM AND GREENWICH NHS TRUST,266.5,428.5,0.622,94,15,17,3,"Apr, May, Jun",,Yes
Q1 (2025/26),Cancer,62 Days,South East,RXQ,BUCKINGHAMSHIRE HEALTHCARE NHS TRUST,366,589.5,0.621,95,15,17,3,"Apr, May, Jun",,Yes
Q1 (2025/26),Cancer,62 Days,Midlands,RX1,NOTTINGHAM UNIVERSITY HOSPITALS NHS TRUST,830,1346,0.617,96,15,20,3,"Apr, May, Jun",,Yes
Q1 (2025/26),Cancer,62 Days,South West,RK9,UNIVERSITY HOSPITALS PLYMOUTH NHS TRUST,594,963,0.617,96,13,13,3,"Apr, May, Jun",,Yes
Q1 (2025/26),Cancer,62 Days,Midlands,RJC,SOUTH WARWICKSHIRE UNIVERSITY NHS FOUNDATION TRUST,218,354,0.616,98,16,20,3,"Apr, May, Jun",,Yes
Q1 (2025/26),Cancer,62 Days,South East,RYR,UNIVERSITY HOSPITALS SUSSEX NHS FOUNDATION TRUST,1026,1665.5,0.616,98,16,17,3,"Apr, May, Jun",,Yes
Q1 (2025/26),Cancer,62 Days,North East,RTR,SOUTH TEES HOSPITALS NHS FOUNDATION TRUST,587,957.5,0.613,100,15,21,3,"Apr, May, Jun",,Yes
Q1 (2025/26),Cancer,62 Days,Midlands,RXW,THE SHREWSBURY AND TELFORD HOSPITAL NHS TRUST,587,968,0.606,101,17,20,3,"Apr, May, Jun",,Yes
Q1 (2025/26),Cancer,62 Days,Midlands,RWE,UNIVERSITY HOSPITALS OF LEICESTER NHS TRUST,831,1379,0.603,102,18,20,3,"Apr, May, Jun",,Yes
Q1 (2025/26),Cancer,62 Days,Midlands,RWP,WORCESTERSHIRE ACUTE HOSPITALS NHS TRUST,631,1047,0.603,102,18,20,3,"Apr, May, Jun",,Yes
Q1 (2025/26),Cancer,62 Days,London,RAL,ROYAL FREE LONDON NHS FOUNDATION TRUST,816,1365,0.598,104,16,17,3,"Apr, May, Jun",,Yes
Q1 (2025/26),Cancer,62 Days,North East,RVW,NORTH TEES AND HARTLEPOOL NHS FOUNDATION TRUST,293.5,493.5,0.595,105,16,21,3,"Apr, May, Jun",,Yes
Q1 (2025/26),Cancer,62 Days,North East,RR8,LEEDS TEACHING HOSPITALS NHS TRUST,762.5,1295.5,0.589,106,17,21,3,"Apr, May, Jun",,Yes
Q1 (2025/26),Cancer,62 Days,South East,RTH,OXFORD UNIVERSITY HOSPITALS NHS FOUNDATION TRUST,656,1155.5,0.568,107,17,17,3,"Apr, May, Jun",,Yes
Q1 (2025/26),Cancer,62 Days,London,RJ1,GUY'S AND ST THOMAS' NHS FOUNDATION TRUST,498.5,881.5,0.566,108,17,17,3,"Apr, May, Jun",,Yes
Q1 (2025/26),Cancer,62 Days,North West,RXN,LANCASHIRE TEACHING HOSPITALS NHS FOUNDATION TRUST,423.5,749,0.565,109,17,17,3,"Apr, May, Jun",,Yes
Q1 (2025/26),Cancer,62 Days,North East,RNN,NORTH CUMBRIA INTEGRATED CARE NHS FOUNDATION TRUST,211.5,377.5,0.56,110,18,21,3,"Apr, May, Jun",,Yes
Q1 (2025/26),Cancer,62 Days,Midlands,RRK,UNIVERSITY HOSPITALS BIRMINGHAM NHS FOUNDATION TRUST,998.5,1802,0.554,111,20,20,3,"Apr, May, Jun",,Yes
Q1 (2025/26),Cancer,62 Days,East,RCX,"THE QUEEN ELIZABETH HOSPITAL, KING'S LYNN, NHS FOUNDATION TRUST",171,317,0.539,112,10,13,3,"Apr, May, Jun",,Yes
Q1 (2025/26),Cancer,62 Days,East,RM1,NORFOLK AND NORWICH UNIVERSITY HOSPITALS NHS FOUNDATION TRUST,401.5,751,0.535,113,11,13,3,"Apr, May, Jun",,Yes
Q1 (2025/26),Cancer,62 Days,North East,RJL,NORTHERN LINCOLNSHIRE AND GOOLE NHS FOUNDATION TRUST,173.5,340,0.51,114,19,21,3,"Apr, May, Jun",,Yes
Q1 (2025/26),Cancer,62 Days,North East,RHQ,SHEFFIELD TEACHING HOSPITALS NHS FOUNDATION TRUST,569.5,1151.5,0.495,115,20,21,3,"Apr, May, Jun",,Yes
Q1 (2025/26),Cancer,62 Days,North East,RWA,HULL UNIVERSITY TEACHING HOSPITALS NHS TRUST,441,895,0.493,116,21,21,3,"Apr, May, Jun",,Yes
Q1 (2025/26),Cancer,62 Days,East,RQW,THE PRINCESS ALEXANDRA HOSPITAL NHS TRUST,191,397,0.481,117,12,13,3,"Apr, May, Jun",,Yes
Q1 (2025/26),Cancer,62 Days,East,RAJ,MID AND SOUTH ESSEX NHS FOUNDATION TRUST,630.5,1494.5,0.422,118,13,13,3,"Apr, May, Jun",,Yes
Q1 (2025/26),RTT,18 Weeks,London,RP6,MOORFIELDS EYE HOSPITAL NHS FOUNDATION TRUST,28677,34491,0.831,1,1,20,3,Jun,,Yes
Q1 (2025/26),RTT,18 Weeks,North East,RTF,NORTHUMBRIA HEALTHCARE NHS FOUNDATION TRUST,29776,36625,0.813,2,1,22,3,Jun,,Yes
Q1 (2025/26),RTT,18 Weeks,South East,RHW,ROYAL BERKSHIRE NHS FOUNDATION TRUST,29190,36524,0.799,3,1,18,3,Jun,,Yes
Q1 (2025/26),RTT,18 Weeks,North East,R0B,SOUTH TYNESIDE AND SUNDERLAND NHS FOUNDATION TRUST,43920,58022,0.757,4,2,22,3,Jun,,Yes
Q1 (2025/26),RTT,18 Weeks,North East,RVW,NORTH TEES AND HARTLEPOOL NHS FOUNDATION TRUST,15428,20870,0.739,5,3,22,3,Jun,,Yes
Q1 (2025/26),RTT,18 Weeks,North East,RTD,THE NEWCASTLE UPON TYNE HOSPITALS NHS FOUNDATION TRUST,65404,88950,0.735,6,4,22,3,Jun,,Yes
Q1 (2025/26),RTT,18 Weeks,North East,RCF,AIREDALE NHS FOUNDATION TRUST,10107,13846,0.73,7,5,22,3,Jun,,Yes
Q1 (2025/26),RTT,18 Weeks,North West,RBQ,LIVERPOOL HEART AND CHEST HOSPITAL NHS FOUNDATION TRUST,3718,5111,0.727,8,1,21,3,Jun,,Yes
Q1 (2025/26),RTT,18 Weeks,South East,RWF,MAIDSTONE AND TUNBRIDGE WELLS NHS TRUST,34751,47980,0.724,9,2,18,3,Jun,,Yes
Q1 (2025/26),RTT,18 Weeks,North West,RMP,TAMESIDE AND GLOSSOP INTEGRATED CARE NHS FOUNDATION TRUST,12287,17017,0.722,10,2,21,3,Jun,,Yes
Q1 (2025/26),RTT,18 Weeks,North East,RCD,HARROGATE AND DISTRICT NHS FOUNDATION TRUST,14365,19927,0.721,11,6,22,3,Jun,,Yes
Q1 (2025/26),RTT,18 Weeks,South West,REF,ROYAL CORNWALL HOSPITALS NHS TRUST,29149,40614,0.718,12,1,13,3,Jun,,Yes
Q1 (2025/26),RTT,18 Weeks,Midlands,RBK,WALSALL HEALTHCARE NHS TRUST,20036,28037,0.715,13,1,23,3,Jun,,Yes
Q1 (2025/26),RTT,18 Weeks,North East,RFF,BARNSLEY HOSPITAL NHS FOUNDATION TRUST,18042,25499,0.708,14,7,22,3,Jun,,Yes
Q1 (2025/26),RTT,18 Weeks,London,RAN,ROYAL NATIONAL ORTHOPAEDIC HOSPITAL NHS TRUST,6103,8668,0.704,15,2,20,3,Jun,,Yes
Q1 (2025/26),RTT,18 Weeks,London,RF4,"BARKING, HAVERING AND REDBRIDGE UNIVERSITY HOSPITALS NHS TRUST",40022,56931,0.703,16,3,20,3,Jun,,Yes
Q1 (2025/26),RTT,18 Weeks,London,RP4,GREAT ORMOND STREET HOSPITAL FOR CHILDREN NHS FOUNDATION TRUST,5649,8092,0.698,17,4,20,3,Jun,,Yes
Q1 (2025/26),RTT,18 Weeks,North East,RWY,CALDERDALE AND HUDDERSFIELD NHS FOUNDATION TRUST,25373,36565,0.694,18,8,22,3,Jun,,Yes
Q1 (2025/26),RTT,18 Weeks,London,RJ6,CROYDON HEALTH SERVICES NHS TRUST,25397,36632,0.693,19,5,20,3,Jun,,Yes
Q1 (2025/26),RTT,18 Weeks,South West,RTE,GLOUCESTERSHIRE HOSPITALS NHS FOUNDATION TRUST,41530,60281,0.689,20,2,13,3,Jun,,Yes
Q1 (2025/26),RTT,18 Weeks,North East,RXP,COUNTY DURHAM AND DARLINGTON NHS FOUNDATION TRUST,26984,39405,0.685,21,9,22,3,Jun,,Yes
Q1 (2025/26),RTT,18 Weeks,North West,RTX,UNIVERSITY HOSPITALS OF MORECAMBE BAY NHS FOUNDATION TRUST,23947,35035,0.684,22,3,21,3,Jun,,Yes
Q1 (2025/26),RTT,18 Weeks,North East,RR7,GATESHEAD HEALTH NHS FOUNDATION TRUST,9020,13202,0.683,23,10,22,3,Jun,,Yes
Q1 (2025/26),RTT,18 Weeks,South West,RA9,TORBAY AND SOUTH DEVON NHS FOUNDATION TRUST,22683,33261,0.682,24,3,13,3,Jun,,Yes
Q1 (2025/26),RTT,18 Weeks,North East,RFR,THE ROTHERHAM NHS FOUNDATION TRUST,21022,30954,0.679,25,11,22,3,Jun,,Yes
Q1 (2025/26),RTT,18 Weeks,East,RGM,ROYAL PAPWORTH HOSPITAL NHS FOUNDATION TRUST,4493,6648,0.676,26,1,14,3,Jun,,Yes
Q1 (2025/26),RTT,18 Weeks,South West,RNZ,SALISBURY NHS FOUNDATION TRUST,19550,29121,0.671,27,4,13,3,Jun,,Yes
Q1 (2025/26),RTT,18 Weeks,North East,RCU,SHEFFIELD CHILDREN'S NHS FOUNDATION TRUST,8171,12187,0.67,28,12,22,3,Jun,,Yes
Q1 (2025/26),RTT,18 Weeks,North East,RAE,BRADFORD TEACHING HOSPITALS NHS FOUNDATION TRUST,21960,32915,0.667,29,13,22,3,Jun,,Yes
Q1 (2025/26),RTT,18 Weeks,London,RAX,KINGSTON AND RICHMOND NHS FOUNDATION TRUST,27685,41698,0.664,30,6,20,3,Jun,,Yes
Q1 (2025/26),RTT,18 Weeks,North East,RR8,LEEDS TEACHING HOSPITALS NHS TRUST,58382,88152,0.662,31,14,22,3,Jun,,Yes
Q1 (2025/26),RTT,18 Weeks,South West,RVJ,NORTH BRISTOL NHS TRUST,29007,43915,0.661,32,5,13,3,Jun,,Yes
Q1 (2025/26),RTT,18 Weeks,North East,RHQ,SHEFFIELD TEACHING HOSPITALS NHS FOUNDATION TRUST,60263,91256,0.66,33,15,22,3,Jun,,Yes
Q1 (2025/26),RTT,18 Weeks,South West,RH5,SOMERSET NHS FOUNDATION TRUST,37736,57390,0.658,34,6,13,3,Jun,,Yes
Q1 (2025/26),RTT,18 Weeks,Midlands,RJC,SOUTH WARWICKSHIRE UNIVERSITY NHS FOUNDATION TRUST,21970,33389,0.658,34,2,23,3,Jun,,Yes
Q1 (2025/26),RTT,18 Weeks,London,RVR,EPSOM AND ST HELIER UNIVERSITY HOSPITALS NHS TRUST,36529,56109,0.651,36,7,20,3,Jun,,Yes
Q1 (2025/26),RTT,18 Weeks,Midlands,RNQ,KETTERING GENERAL HOSPITAL NHS FOUNDATION TRUST,16230,24955,0.65,37,3,23,3,Jun,,Yes
Q1 (2025/26),RTT,18 Weeks,London,RQX,HOMERTON HEALTHCARE NHS FOUNDATION TRUST,23454,36119,0.649,38,8,20,3,Jun,,Yes
Q1 (2025/26),RTT,18 Weeks,South West,RA7,UNIVERSITY HOSPITALS BRISTOL AND WESTON NHS FOUNDATION TRUST,35770,55123,0.649,38,7,13,3,Jun,,Yes
Q1 (2025/26),RTT,18 Weeks,North West,RBN,MERSEY AND WEST LANCASHIRE TEACHING HOSPITALS NHS TRUST,48219,74425,0.648,40,4,21,3,Jun,,Yes
Q1 (2025/26),RTT,18 Weeks,East,RWG,WEST HERTFORDSHIRE TEACHING HOSPITALS NHS TRUST,30260,46914,0.645,41,2,14,3,Jun,,Yes
Q1 (2025/26),RTT,18 Weeks,London,RKE,WHITTINGTON HEALTH NHS TRUST,16336,25317,0.645,41,9,20,3,Jun,,Yes
Q1 (2025/26),RTT,18 Weeks,Midlands,RX1,NOTTINGHAM UNIVERSITY HOSPITALS NHS TRUST,52418,81613,0.642,43,4,23,3,Jun,,Yes
Q1 (2025/26),RTT,18 Weeks,Midlands,RK5,SHERWOOD FOREST HOSPITALS NHS FOUNDATION TRUST,22718,35440,0.641,44,5,23,3,Jun,,Yes
Q1 (2025/26),RTT,18 Weeks,South East,RHM,UNIVERSITY HOSPITAL SOUTHAMPTON NHS FOUNDATION TRUST,40145,62639,0.641,44,3,18,3,Jun,,Yes
Q1 (2025/26),RTT,18 Weeks,Midlands,RJE,UNIVERSITY HOSPITALS OF NORTH MIDLANDS NHS TRUST,41363,64546,0.641,44,5,23,3,Jun,,Yes
Q1 (2025/26),RTT,18 Weeks,North West,RET,THE WALTON CENTRE NHS FOUNDATION TRUST,9104,14248,0.639,47,5,21,3,Jun,,Yes
Q1 (2025/26),RTT,18 Weeks,South East,R1F,ISLE OF WIGHT NHS TRUST,8873,13948,0.636,48,4,18,3,Jun,,Yes
Q1 (2025/26),RTT,18 Weeks,South West,R0D,UNIVERSITY HOSPITALS DORSET NHS FOUNDATION TRUST,39837,62683,0.636,48,8,13,3,Jun,,Yes
Q1 (2025/26),RTT,18 Weeks,South East,RXC,EAST SUSSEX HEALTHCARE NHS TRUST,39003,61539,0.634,50,5,18,3,Jun,,Yes
Q1 (2025/26),RTT,18 Weeks,East,RWH,EAST AND NORTH HERTFORDSHIRE NHS TRUST,33240,52513,0.633,51,3,14,3,Jun,,Yes
Q1 (2025/26),RTT,18 Weeks,London,RJZ,KING'S COLLEGE HOSPITAL NHS FOUNDATION TRUST,53380,84437,0.632,52,10,20,3,Jun,,Yes
Q1 (2025/26),RTT,18 Weeks,Midlands,RNA,THE DUDLEY GROUP NHS FOUNDATION TRUST,29471,46663,0.632,52,7,23,3,Jun,,Yes
Q1 (2025/26),RTT,18 Weeks,North East,RXF,MID YORKSHIRE TEACHING NHS TRUST,35711,56631,0.631,54,16,22,3,Jun,,Yes
Q1 (2025/26),RTT,18 Weeks,London,RJ1,GUY'S AND ST THOMAS' NHS FOUNDATION TRUST,74827,118688,0.63,55,11,20,3,Jun,,Yes
Q1 (2025/26),RTT,18 Weeks,Midlands,RNS,NORTHAMPTON GENERAL HOSPITAL NHS TRUST,26526,42422,0.625,56,8,23,3,Jun,,Yes
Q1 (2025/26),RTT,18 Weeks,North West,RBL,WIRRAL UNIVERSITY TEACHING HOSPITAL NHS FOUNDATION TRUST,29357,46939,0.625,56,6,21,3,Jun,,Yes
Q1 (2025/26),RTT,18 Weeks,South East,RPC,QUEEN VICTORIA HOSPITAL NHS FOUNDATION TRUST,11143,17869,0.624,58,6,18,3,Jun,,Yes
Q1 (2025/26),RTT,18 Weeks,London,RJ7,ST GEORGE'S UNIVERSITY HOSPITALS NHS FOUNDATION TRUST,44197,71047,0.622,59,12,20,3,Jun,,Yes
Q1 (2025/26),RTT,18 Weeks,North East,RTR,SOUTH TEES HOSPITALS NHS FOUNDATION TRUST,35083,56521,0.621,60,17,22,3,Jun,,Yes
Q1 (2025/26),RTT,18 Weeks,North East,RP5,DONCASTER AND BASSETLAW TEACHING HOSPITALS NHS FOUNDATION TRUST,34214,55406,0.618,61,18,22,3,Jun,,Yes
Q1 (2025/26),RTT,18 Weeks,London,RYJ,IMPERIAL COLLEGE HEALTHCARE NHS TRUST,54935,88971,0.617,62,13,20,3,Jun,,Yes
Q1 (2025/26),RTT,18 Weeks,South West,RK9,UNIVERSITY HOSPITALS PLYMOUTH NHS TRUST,29598,48276,0.613,63,9,13,3,Jun,,Yes
Q1 (2025/26),RTT,18 Weeks,South West,RN3,GREAT WESTERN HOSPITALS NHS FOUNDATION TRUST,23224,38213,0.608,64,10,13,3,Jun,,Yes
Q1 (2025/26),RTT,18 Weeks,North East,RJL,NORTHERN LINCOLNSHIRE AND GOOLE NHS FOUNDATION TRUST,24060,39592,0.608,64,19,22,3,Jun,,Yes
Q1 (2025/26),RTT,18 Weeks,North West,RXR,EAST LANCASHIRE HOSPITALS NHS TRUST,35313,58187,0.607,66,7,21,3,Jun,,Yes
Q1 (2025/26),RTT,18 Weeks,Midlands,RLT,GEORGE ELIOT HOSPITAL NHS TRUST,12314,20279,0.607,66,9,23,3,Jun,,Yes
Q1 (2025/26),RTT,18 Weeks,South West,RH8,ROYAL DEVON UNIVERSITY HEALTHCARE NHS FOUNDATION TRUST,44657,73740,0.606,68,11,13,3,Jun,,Yes
Q1 (2025/26),RTT,18 Weeks,London,RRV,UNIVERSITY COLLEGE LONDON HOSPITALS NHS FOUNDATION TRUST,43763,72181,0.606,68,14,20,3,Jun,,Yes
Q1 (2025/26),RTT,18 Weeks,London,RQM,CHELSEA AND WESTMINSTER HOSPITAL NHS FOUNDATION TRUST,42442,70301,0.604,70,15,20,3,Jun,,Yes
Q1 (2025/26),RTT,18 Weeks,Midlands,RFS,CHESTERFIELD ROYAL HOSPITAL NHS FOUNDATION TRUST,19017,31524,0.603,71,10,23,3,Jun,,Yes
Q1 (2025/26),RTT,18 Weeks,Midlands,RRJ,THE ROYAL ORTHOPAEDIC HOSPITAL NHS FOUNDATION TRUST,7781,12954,0.601,72,11,23,3,Jun,,Yes
Q1 (2025/26),RTT,18 Weeks,South East,RTK,ASHFORD AND ST PETER'S HOSPITALS NHS FOUNDATION TRUST,33227,55342,0.6,73,7,18,3,Jun,,Yes
Q1 (2025/26),RTT,18 Weeks,Midlands,RWP,WORCESTERSHIRE ACUTE HOSPITALS NHS TRUST,33217,55488,0.599,74,12,23,3,Jun,,Yes
Q1 (2025/26),RTT,18 Weeks,Midlands,RLQ,WYE VALLEY NHS TRUST,13666,22842,0.598,75,13,23,3,Jun,,Yes
Q1 (2025/26),RTT,18 Weeks,South East,RN5,HAMPSHIRE HOSPITALS NHS FOUNDATION TRUST,29987,50346,0.596,76,8,18,3,Jun,,Yes
Q1 (2025/26),RTT,18 Weeks,South West,RD1,ROYAL UNITED HOSPITALS BATH NHS FOUNDATION TRUST,24850,41848,0.594,77,12,13,3,Jun,,Yes
Q1 (2025/26),RTT,18 Weeks,North East,RCB,YORK AND SCARBOROUGH TEACHING HOSPITALS NHS FOUNDATION TRUST,31565,53156,0.594,77,20,22,3,Jun,,Yes
Q1 (2025/26),RTT,18 Weeks,East,RC9,BEDFORDSHIRE HOSPITALS NHS FOUNDATION TRUST,52119,88282,0.59,79,4,14,3,Jun,,Yes
Q1 (2025/26),RTT,18 Weeks,South West,RBD,DORSET COUNTY HOSPITAL NHS FOUNDATION TRUST,13217,22411,0.59,79,13,13,3,Jun,,Yes
Q1 (2025/26),RTT,18 Weeks,North East,RWA,HULL UNIVERSITY TEACHING HOSPITALS NHS TRUST,46750,79235,0.59,79,21,22,3,Jun,,Yes
Q1 (2025/26),RTT,18 Weeks,South East,RTH,OXFORD UNIVERSITY HOSPITALS NHS FOUNDATION TRUST,51186,86825,0.59,79,9,18,3,Jun,,Yes
Q1 (2025/26),RTT,18 Weeks,South East,RN7,DARTFORD AND GRAVESHAM NHS TRUST,19156,32577,0.588,83,10,18,3,Jun,,Yes
Q1 (2025/26),RTT,18 Weeks,London,RJ2,LEWISHAM AND GREENWICH NHS TRUST,30988,53026,0.584,84,16,20,3,Jun,,Yes
Q1 (2025/26),RTT,18 Weeks,East,RGT,CAMBRIDGE UNIVERSITY HOSPITALS NHS FOUNDATION TRUST,38395,66129,0.581,85,5,14,3,Jun,,Yes
Q1 (2025/26),RTT,18 Weeks,South East,RXQ,BUCKINGHAMSHIRE HEALTHCARE NHS TRUST,28658,49406,0.58,86,11,18,3,Jun,,Yes
Q1 (2025/26),RTT,18 Weeks,Midlands,RXK,SANDWELL AND WEST BIRMINGHAM HOSPITALS NHS TRUST,37994,65540,0.58,86,14,23,3,Jun,,Yes
Q1 (2025/26),RTT,18 Weeks,North West,RRF,"WRIGHTINGTON, WIGAN AND LEIGH NHS FOUNDATION TRUST",28581,49368,0.579,88,8,21,3,Jun,,Yes
Q1 (2025/26),RTT,18 Weeks,London,R1H,BARTS HEALTH NHS TRUST,77530,134686,0.576,89,17,20,3,Jun,,Yes
Q1 (2025/26),RTT,18 Weeks,North West,RBS,ALDER HEY CHILDREN'S NHS FOUNDATION TRUST,10525,18292,0.575,90,9,21,3,Jun,,Yes
Q1 (2025/26),RTT,18 Weeks,London,RAL,ROYAL FREE LONDON NHS FOUNDATION TRUST,84045,146110,0.575,90,18,20,3,Jun,,Yes
Q1 (2025/26),RTT,18 Weeks,Midlands,RTG,UNIVERSITY HOSPITALS OF DERBY AND BURTON NHS FOUNDATION TRUST,58013,100955,0.575,90,15,23,3,Jun,,Yes
Q1 (2025/26),RTT,18 Weeks,East,RCX,"THE QUEEN ELIZABETH HOSPITAL, KING'S LYNN, NHS FOUNDATION TRUST",15619,27265,0.573,93,6,14,3,Jun,,Yes
Q1 (2025/26),RTT,18 Weeks,Midlands,RQ3,BIRMINGHAM WOMEN'S AND CHILDREN'S NHS FOUNDATION TRUST,16163,28273,0.572,94,16,23,3,Jun,,Yes
Q1 (2025/26),RTT,18 Weeks,North West,RXL,BLACKPOOL TEACHING HOSPITALS NHS FOUNDATION TRUST,21319,37267,0.572,94,10,21,3,Jun,,Yes
Q1 (2025/26),RTT,18 Weeks,North West,RWJ,STOCKPORT NHS FOUNDATION TRUST,19613,34356,0.571,96,11,21,3,Jun,,Yes
Q1 (2025/26),RTT,18 Weeks,East,RGR,WEST SUFFOLK NHS FOUNDATION TRUST,20015,35129,0.57,97,7,14,3,Jun,,Yes
Q1 (2025/26),RTT,18 Weeks,North West,RMC,BOLTON NHS FOUNDATION TRUST,21200,37252,0.569,98,12,21,3,Jun,,Yes
Q1 (2025/26),RTT,18 Weeks,South East,RTP,SURREY AND SUSSEX HEALTHCARE NHS TRUST,29824,52412,0.569,98,12,18,3,Jun,,Yes
Q1 (2025/26),RTT,18 Weeks,North West,RWW,WARRINGTON AND HALTON TEACHING HOSPITALS NHS FOUNDATION TRUST,18482,32542,0.568,100,13,21,3,Jun,,Yes
Q1 (2025/26),RTT,18 Weeks,South East,RHU,PORTSMOUTH HOSPITALS UNIVERSITY NHS TRUST,33448,59029,0.567,101,13,18,3,Jun,,Yes
Q1 (2025/26),RTT,18 Weeks,North East,RNN,NORTH CUMBRIA INTEGRATED CARE NHS FOUNDATION TRUST,21538,38030,0.566,102,22,22,3,Jun,,Yes
Q1 (2025/26),RTT,18 Weeks,Midlands,RWE,UNIVERSITY HOSPITALS OF LEICESTER NHS TRUST,62010,109577,0.566,102,17,23,3,Jun,,Yes
Q1 (2025/26),RTT,18 Weeks,East,RDE,EAST SUFFOLK AND NORTH ESSEX NHS FOUNDATION TRUST,52013,92050,0.565,104,8,14,3,Jun,,Yes
Q1 (2025/26),RTT,18 Weeks,Midlands,RKB,UNIVERSITY HOSPITALS COVENTRY AND WARWICKSHIRE NHS TRUST,43275,76987,0.562,105,18,23,3,Jun,,Yes
Q1 (2025/26),RTT,18 Weeks,London,RAS,THE HILLINGDON HOSPITALS NHS FOUNDATION TRUST,17427,31200,0.559,106,19,20,3,Jun,,Yes
Q1 (2025/26),RTT,18 Weeks,North West,REM,LIVERPOOL UNIVERSITY HOSPITALS NHS FOUNDATION TRUST,37910,68055,0.557,107,14,21,3,Jun,,Yes
Q1 (2025/26),RTT,18 Weeks,London,R1K,LONDON NORTH WEST UNIVERSITY HEALTHCARE NHS TRUST,48079,86363,0.557,107,20,20,3,Jun,,Yes
Q1 (2025/26),RTT,18 Weeks,North West,RBT,MID CHESHIRE HOSPITALS NHS FOUNDATION TRUST,21845,39213,0.557,107,14,21,3,Jun,,Yes
Q1 (2025/26),RTT,18 Weeks,South East,RDU,FRIMLEY HEALTH NHS FOUNDATION TRUST,41244,74184,0.556,110,14,18,3,Jun,,Yes
Q1 (2025/26),RTT,18 Weeks,Midlands,RL4,THE ROYAL WOLVERHAMPTON NHS TRUST,44232,79749,0.555,111,19,23,3,Jun,,Yes
Q1 (2025/26),RTT,18 Weeks,South East,RVV,EAST KENT HOSPITALS UNIVERSITY NHS FOUNDATION TRUST,44412,80689,0.55,112,15,18,3,Jun,,Yes
Q1 (2025/26),RTT,18 Weeks,North West,RXN,LANCASHIRE TEACHING HOSPITALS NHS FOUNDATION TRUST,34733,63253,0.549,113,16,21,3,Jun,,Yes
Q1 (2025/26),RTT,18 Weeks,Midlands,RXW,THE SHREWSBURY AND TELFORD HOSPITAL NHS TRUST,20669,37630,0.549,113,20,23,3,Jun,,Yes
Q1 (2025/26),RTT,18 Weeks,South East,RPA,MEDWAY NHS FOUNDATION TRUST,21855,39993,0.546,115,16,18,3,Jun,,Yes
Q1 (2025/26),RTT,18 Weeks,East,RM1,NORFOLK AND NORWICH UNIVERSITY HOSPITALS NHS FOUNDATION TRUST,44149,80826,0.546,115,9,14,3,Jun,,Yes
Q1 (2025/26),RTT,18 Weeks,Midlands,RWD,UNITED LINCOLNSHIRE TEACHING HOSPITALS NHS TRUST,38418,70363,0.546,115,21,23,3,Jun,,Yes
Q1 (2025/26),RTT,18 Weeks,South East,RA2,ROYAL SURREY COUNTY HOSPITAL NHS FOUNDATION TRUST,16462,30202,0.545,118,17,18,3,Jun,,Yes
Q1 (2025/26),RTT,18 Weeks,East,RGN,NORTH WEST ANGLIA NHS FOUNDATION TRUST,41362,76252,0.542,119,10,14,3,Jun,,Yes
Q1 (2025/26),RTT,18 Weeks,North West,RJN,EAST CHESHIRE NHS TRUST,7598,14121,0.538,120,17,21,3,Jun,,Yes
Q1 (2025/26),RTT,18 Weeks,North West,RM3,NORTHERN CARE ALLIANCE NHS FOUNDATION TRUST,73250,136427,0.537,121,18,21,3,Jun,,Yes
Q1 (2025/26),RTT,18 Weeks,East,RGP,JAMES PAGET UNIVERSITY HOSPITALS NHS FOUNDATION TRUST,18511,34615,0.535,122,11,14,3,Jun,,Yes
Q1 (2025/26),RTT,18 Weeks,North West,R0A,MANCHESTER UNIVERSITY NHS FOUNDATION TRUST,99446,186865,0.532,123,19,21,3,Jun,,Yes
Q1 (2025/26),RTT,18 Weeks,Midlands,RRK,UNIVERSITY HOSPITALS BIRMINGHAM NHS FOUNDATION TRUST,54521,104142,0.524,124,22,23,3,Jun,,Yes
Q1 (2025/26),RTT,18 Weeks,South East,RYR,UNIVERSITY HOSPITALS SUSSEX NHS FOUNDATION TRUST,58028,113122,0.513,125,18,18,3,Jun,,Yes
Q1 (2025/26),RTT,18 Weeks,East,RQW,THE PRINCESS ALEXANDRA HOSPITAL NHS TRUST,24773,48443,0.511,126,12,14,3,Jun,,Yes
Q1 (2025/26),RTT,18 Weeks,East,RD8,MILTON KEYNES UNIVERSITY HOSPITAL NHS FOUNDATION TRUST,17004,33513,0.507,127,13,14,3,Jun,,Yes
Q1 (2025/26),RTT,18 Weeks,East,RAJ,MID AND SOUTH ESSEX NHS FOUNDATION TRUST,86910,172378,0.504,128,14,14,3,Jun,,Yes
Q1 (2025/26),RTT,18 Weeks,North West,RJR,COUNTESS OF CHESTER HOSPITAL NHS FOUNDATION TRUST,16743,34246,0.489,129,20,21,3,Jun,,Yes
Q1 (2025/26),RTT,18 Weeks,North West,REP,LIVERPOOL WOMEN'S NHS FOUNDATION TRUST,7966,16290,0.489,129,20,21,3,Jun,,Yes
Q1 (2025/26),RTT,18 Weeks,Midlands,RL1,THE ROBERT JONES AND AGNES HUNT ORTHOPAEDIC HOSPITAL NHS FOUNDATION TRUST,7863,17324,0.454,131,23,23,3,Jun,,Yes
Q1 (2025/26),RTT,52+ Weeks,South East,RWF,MAIDSTONE AND TUNBRIDGE WELLS NHS TRUST,0,47980,0,1,1,18,3,Jun,,Yes
Q1 (2025/26),RTT,52+ Weeks,North West,RMP,TAMESIDE AND GLOSSOP INTEGRATED CARE NHS FOUNDATION TRUST,0,17017,0,1,1,21,3,Jun,,Yes
Q1 (2025/26),RTT,52+ Weeks,North East,RCD,HARROGATE AND DISTRICT NHS FOUNDATION TRUST,4,19927,0.0002,3,1,22,3,Jun,,Yes
Q1 (2025/26),RTT,52+ Weeks,North East,R0B,SOUTH TYNESIDE AND SUNDERLAND NHS FOUNDATION TRUST,18,58022,0.0003,4,2,22,3,Jun,,Yes
Q1 (2025/26),RTT,52+ Weeks,North East,RTF,NORTHUMBRIA HEALTHCARE NHS FOUNDATION TRUST,17,36625,0.0005,5,3,22,3,Jun,,Yes
Q1 (2025/26),RTT,52+ Weeks,London,RP6,MOORFIELDS EYE HOSPITAL NHS FOUNDATION TRUST,19,34491,0.0006,6,1,20,3,Jun,,Yes
Q1 (2025/26),RTT,52+ Weeks,South West,RTE,GLOUCESTERSHIRE HOSPITALS NHS FOUNDATION TRUST,46,60281,0.0008,7,1,13,3,Jun,,Yes
Q1 (2025/26),RTT,52+ Weeks,South East,RHW,ROYAL BERKSHIRE NHS FOUNDATION TRUST,32,36524,0.0009,8,2,18,3,Jun,,Yes
Q1 (2025/26),RTT,52+ Weeks,North East,RWY,CALDERDALE AND HUDDERSFIELD NHS FOUNDATION TRUST,46,36565,0.0013,9,4,22,3,Jun,,Yes
Q1 (2025/26),RTT,52+ Weeks,North East,RR7,GATESHEAD HEALTH NHS FOUNDATION TRUST,18,13202,0.0014,10,5,22,3,Jun,,Yes
Q1 (2025/26),RTT,52+ Weeks,Midlands,RBK,WALSALL HEALTHCARE NHS TRUST,44,28037,0.0016,11,1,23,3,Jun,,Yes
Q1 (2025/26),RTT,52+ Weeks,South West,RVJ,NORTH BRISTOL NHS TRUST,156,43915,0.0036,12,2,13,3,Jun,,Yes
Q1 (2025/26),RTT,52+ Weeks,South East,R1F,ISLE OF WIGHT NHS TRUST,59,13948,0.0042,13,3,18,3,Jun,,Yes
Q1 (2025/26),RTT,52+ Weeks,North East,RCF,AIREDALE NHS FOUNDATION TRUST,59,13846,0.0043,14,6,22,3,Jun,,Yes
Q1 (2025/26),RTT,52+ Weeks,North East,RFF,BARNSLEY HOSPITAL NHS FOUNDATION TRUST,122,25499,0.0048,15,7,22,3,Jun,,Yes
Q1 (2025/26),RTT,52+ Weeks,North East,RAE,BRADFORD TEACHING HOSPITALS NHS FOUNDATION TRUST,190,32915,0.0058,16,8,22,3,Jun,,Yes
Q1 (2025/26),RTT,52+ Weeks,London,RAX,KINGSTON AND RICHMOND NHS FOUNDATION TRUST,273,41698,0.0065,17,2,20,3,Jun,,Yes
Q1 (2025/26),RTT,52+ Weeks,North East,RXF,MID YORKSHIRE TEACHING NHS TRUST,408,56631,0.0072,18,9,22,3,Jun,,Yes
Q1 (2025/26),RTT,52+ Weeks,South West,RNZ,SALISBURY NHS FOUNDATION TRUST,224,29121,0.0077,19,3,13,3,Jun,,Yes
Q1 (2025/26),RTT,52+ Weeks,London,RAN,ROYAL NATIONAL ORTHOPAEDIC HOSPITAL NHS TRUST,70,8668,0.0081,20,3,20,3,Jun,,Yes
Q1 (2025/26),RTT,52+ Weeks,Midlands,RQ3,BIRMINGHAM WOMEN'S AND CHILDREN'S NHS FOUNDATION TRUST,238,28273,0.0084,21,2,23,3,Jun,,Yes
Q1 (2025/26),RTT,52+ Weeks,East,RGM,ROYAL PAPWORTH HOSPITAL NHS FOUNDATION TRUST,58,6648,0.0087,22,1,14,3,Jun,,Yes
Q1 (2025/26),RTT,52+ Weeks,North West,RET,THE WALTON CENTRE NHS FOUNDATION TRUST,127,14248,0.0089,23,2,21,3,Jun,,Yes
Q1 (2025/26),RTT,52+ Weeks,London,RF4,"BARKING, HAVERING AND REDBRIDGE UNIVERSITY HOSPITALS NHS TRUST",519,56931,0.0091,24,4,20,3,Jun,,Yes
Q1 (2025/26),RTT,52+ Weeks,London,RQX,HOMERTON HEALTHCARE NHS FOUNDATION TRUST,341,36119,0.0094,25,5,20,3,Jun,,Yes
Q1 (2025/26),RTT,52+ Weeks,North East,RXP,COUNTY DURHAM AND DARLINGTON NHS FOUNDATION TRUST,377,39405,0.0096,26,10,22,3,Jun,,Yes
Q1 (2025/26),RTT,52+ Weeks,North West,RBQ,LIVERPOOL HEART AND CHEST HOSPITAL NHS FOUNDATION TRUST,49,5111,0.0096,26,3,21,3,Jun,,Yes
Q1 (2025/26),RTT,52+ Weeks,Midlands,RNA,THE DUDLEY GROUP NHS FOUNDATION TRUST,454,46663,0.0097,28,3,23,3,Jun,,Yes
Q1 (2025/26),RTT,52+ Weeks,Midlands,RNQ,KETTERING GENERAL HOSPITAL NHS FOUNDATION TRUST,246,24955,0.0099,29,4,23,3,Jun,,Yes
Q1 (2025/26),RTT,52+ Weeks,South West,REF,ROYAL CORNWALL HOSPITALS NHS TRUST,409,40614,0.0101,30,4,13,3,Jun,,Yes
Q1 (2025/26),RTT,52+ Weeks,Midlands,RK5,SHERWOOD FOREST HOSPITALS NHS FOUNDATION TRUST,395,35440,0.0111,31,5,23,3,Jun,,Yes
Q1 (2025/26),RTT,52+ Weeks,North East,RVW,NORTH TEES AND HARTLEPOOL NHS FOUNDATION TRUST,255,20870,0.0122,32,11,22,3,Jun,,Yes
Q1 (2025/26),RTT,52+ Weeks,Midlands,RNS,NORTHAMPTON GENERAL HOSPITAL NHS TRUST,547,42422,0.0129,33,6,23,3,Jun,,Yes
Q1 (2025/26),RTT,52+ Weeks,London,RKE,WHITTINGTON HEALTH NHS TRUST,348,25317,0.0137,34,6,20,3,Jun,,Yes
Q1 (2025/26),RTT,52+ Weeks,South West,RA7,UNIVERSITY HOSPITALS BRISTOL AND WESTON NHS FOUNDATION TRUST,759,55123,0.0138,35,5,13,3,Jun,,Yes
Q1 (2025/26),RTT,52+ Weeks,South East,RXC,EAST SUSSEX HEALTHCARE NHS TRUST,864,61539,0.014,36,4,18,3,Jun,,Yes
Q1 (2025/26),RTT,52+ Weeks,London,RAS,THE HILLINGDON HOSPITALS NHS FOUNDATION TRUST,437,31200,0.014,36,7,20,3,Jun,,Yes
Q1 (2025/26),RTT,52+ Weeks,North East,RTD,THE NEWCASTLE UPON TYNE HOSPITALS NHS FOUNDATION TRUST,1297,88950,0.0146,38,12,22,3,Jun,,Yes
Q1 (2025/26),RTT,52+ Weeks,London,RQM,CHELSEA AND WESTMINSTER HOSPITAL NHS FOUNDATION TRUST,1038,70301,0.0148,39,8,20,3,Jun,,Yes
Q1 (2025/26),RTT,52+ Weeks,South East,RTK,ASHFORD AND ST PETER'S HOSPITALS NHS FOUNDATION TRUST,863,55342,0.0156,40,5,18,3,Jun,,Yes
Q1 (2025/26),RTT,52+ Weeks,North West,RTX,UNIVERSITY HOSPITALS OF MORECAMBE BAY NHS FOUNDATION TRUST,560,35035,0.016,41,4,21,3,Jun,,Yes
Q1 (2025/26),RTT,52+ Weeks,South West,RBD,DORSET COUNTY HOSPITAL NHS FOUNDATION TRUST,377,22411,0.0168,42,6,13,3,Jun,,Yes
Q1 (2025/26),RTT,52+ Weeks,Midlands,RWP,WORCESTERSHIRE ACUTE HOSPITALS NHS TRUST,952,55488,0.0172,43,7,23,3,Jun,,Yes
Q1 (2025/26),RTT,52+ Weeks,East,RWH,EAST AND NORTH HERTFORDSHIRE NHS TRUST,911,52513,0.0173,44,2,14,3,Jun,,Yes
Q1 (2025/26),RTT,52+ Weeks,Midlands,RXK,SANDWELL AND WEST BIRMINGHAM HOSPITALS NHS TRUST,1131,65540,0.0173,44,8,23,3,Jun,,Yes
Q1 (2025/26),RTT,52+ Weeks,London,RVR,EPSOM AND ST HELIER UNIVERSITY HOSPITALS NHS TRUST,991,56109,0.0177,46,9,20,3,Jun,,Yes
Q1 (2025/26),RTT,52+ Weeks,London,RRV,UNIVERSITY COLLEGE LONDON HOSPITALS NHS FOUNDATION TRUST,1278,72181,0.0177,46,9,20,3,Jun,,Yes
Q1 (2025/26),RTT,52+ Weeks,South West,RN3,GREAT WESTERN HOSPITALS NHS FOUNDATION TRUST,679,38213,0.0178,48,7,13,3,Jun,,Yes
Q1 (2025/26),RTT,52+ Weeks,South East,RTP,SURREY AND SUSSEX HEALTHCARE NHS TRUST,958,52412,0.0183,49,6,18,3,Jun,,Yes
Q1 (2025/26),RTT,52+ Weeks,East,RWG,WEST HERTFORDSHIRE TEACHING HOSPITALS NHS TRUST,859,46914,0.0183,49,3,14,3,Jun,,Yes
Q1 (2025/26),RTT,52+ Weeks,London,RYJ,IMPERIAL COLLEGE HEALTHCARE NHS TRUST,1644,88971,0.0185,51,11,20,3,Jun,,Yes
Q1 (2025/26),RTT,52+ Weeks,Midlands,RXW,THE SHREWSBURY AND TELFORD HOSPITAL NHS TRUST,718,37630,0.0191,52,9,23,3,Jun,,Yes
Q1 (2025/26),RTT,52+ Weeks,North East,RHQ,SHEFFIELD TEACHING HOSPITALS NHS FOUNDATION TRUST,1797,91256,0.0197,53,13,22,3,Jun,,Yes
Q1 (2025/26),RTT,52+ Weeks,Midlands,RX1,NOTTINGHAM UNIVERSITY HOSPITALS NHS TRUST,1641,81613,0.0201,54,10,23,3,Jun,,Yes
Q1 (2025/26),RTT,52+ Weeks,London,RJZ,KING'S COLLEGE HOSPITAL NHS FOUNDATION TRUST,1714,84437,0.0203,55,12,20,3,Jun,,Yes
Q1 (2025/26),RTT,52+ Weeks,South West,RA9,TORBAY AND SOUTH DEVON NHS FOUNDATION TRUST,677,33261,0.0204,56,8,13,3,Jun,,Yes
Q1 (2025/26),RTT,52+ Weeks,North West,RBS,ALDER HEY CHILDREN'S NHS FOUNDATION TRUST,375,18292,0.0205,57,5,21,3,Jun,,Yes
Q1 (2025/26),RTT,52+ Weeks,North East,RFR,THE ROTHERHAM NHS FOUNDATION TRUST,634,30954,0.0205,57,14,22,3,Jun,,Yes
Q1 (2025/26),RTT,52+ Weeks,South East,RPC,QUEEN VICTORIA HOSPITAL NHS FOUNDATION TRUST,388,17869,0.0217,59,7,18,3,Jun,,Yes
Q1 (2025/26),RTT,52+ Weeks,East,RCX,"THE QUEEN ELIZABETH HOSPITAL, KING'S LYNN, NHS FOUNDATION TRUST",593,27265,0.0217,59,4,14,3,Jun,,Yes
Q1 (2025/26),RTT,52+ Weeks,Midlands,RTG,UNIVERSITY HOSPITALS OF DERBY AND BURTON NHS FOUNDATION TRUST,2190,100955,0.0217,59,11,23,3,Jun,,Yes
Q1 (2025/26),RTT,52+ Weeks,Midlands,RJC,SOUTH WARWICKSHIRE UNIVERSITY NHS FOUNDATION TRUST,745,33389,0.0223,62,12,23,3,Jun,,Yes
Q1 (2025/26),RTT,52+ Weeks,South East,RHM,UNIVERSITY HOSPITAL SOUTHAMPTON NHS FOUNDATION TRUST,1423,62639,0.0227,63,8,18,3,Jun,,Yes
Q1 (2025/26),RTT,52+ Weeks,London,RJ1,GUY'S AND ST THOMAS' NHS FOUNDATION TRUST,2714,118688,0.0229,64,13,20,3,Jun,,Yes
Q1 (2025/26),RTT,52+ Weeks,Midlands,RWE,UNIVERSITY HOSPITALS OF LEICESTER NHS TRUST,2605,109577,0.0238,65,13,23,3,Jun,,Yes
Q1 (2025/26),RTT,52+ Weeks,North East,RJL,NORTHERN LINCOLNSHIRE AND GOOLE NHS FOUNDATION TRUST,950,39592,0.024,66,15,22,3,Jun,,Yes
Q1 (2025/26),RTT,52+ Weeks,London,RJ7,ST GEORGE'S UNIVERSITY HOSPITALS NHS FOUNDATION TRUST,1711,71047,0.0241,67,14,20,3,Jun,,Yes
Q1 (2025/26),RTT,52+ Weeks,South West,RD1,ROYAL UNITED HOSPITALS BATH NHS FOUNDATION TRUST,1016,41848,0.0243,68,9,13,3,Jun,,Yes
Q1 (2025/26),RTT,52+ Weeks,London,RJ6,CROYDON HEALTH SERVICES NHS TRUST,900,36632,0.0246,69,15,20,3,Jun,,Yes
Q1 (2025/26),RTT,52+ Weeks,South East,RXQ,BUCKINGHAMSHIRE HEALTHCARE NHS TRUST,1241,49406,0.0251,70,9,18,3,Jun,,Yes
Q1 (2025/26),RTT,52+ Weeks,Midlands,RKB,UNIVERSITY HOSPITALS COVENTRY AND WARWICKSHIRE NHS TRUST,1963,76987,0.0255,71,14,23,3,Jun,,Yes
Q1 (2025/26),RTT,52+ Weeks,Midlands,RJE,UNIVERSITY HOSPITALS OF NORTH MIDLANDS NHS TRUST,1651,64546,0.0256,72,15,23,3,Jun,,Yes
Q1 (2025/26),RTT,52+ Weeks,Midlands,RWD,UNITED LINCOLNSHIRE TEACHING HOSPITALS NHS TRUST,1805,70363,0.0257,73,16,23,3,Jun,,Yes
Q1 (2025/26),RTT,52+ Weeks,East,RC9,BEDFORDSHIRE HOSPITALS NHS FOUNDATION TRUST,2295,88282,0.026,74,5,14,3,Jun,,Yes
Q1 (2025/26),RTT,52+ Weeks,North West,RBN,MERSEY AND WEST LANCASHIRE TEACHING HOSPITALS NHS TRUST,1957,74425,0.0263,75,6,21,3,Jun,,Yes
Q1 (2025/26),RTT,52+ Weeks,North West,RJN,EAST CHESHIRE NHS TRUST,376,14121,0.0266,76,7,21,3,Jun,,Yes
Q1 (2025/26),RTT,52+ Weeks,North East,RCU,SHEFFIELD CHILDREN'S NHS FOUNDATION TRUST,326,12187,0.0267,77,16,22,3,Jun,,Yes
Q1 (2025/26),RTT,52+ Weeks,London,R1K,LONDON NORTH WEST UNIVERSITY HEALTHCARE NHS TRUST,2357,86363,0.0273,78,16,20,3,Jun,,Yes
Q1 (2025/26),RTT,52+ Weeks,London,RAL,ROYAL FREE LONDON NHS FOUNDATION TRUST,3982,146110,0.0273,78,16,20,3,Jun,,Yes
Q1 (2025/26),RTT,52+ Weeks,South East,RVV,EAST KENT HOSPITALS UNIVERSITY NHS FOUNDATION TRUST,2222,80689,0.0275,80,10,18,3,Jun,,Yes
Q1 (2025/26),RTT,52+ Weeks,South West,RH5,SOMERSET NHS FOUNDATION TRUST,1587,57390,0.0277,81,10,13,3,Jun,,Yes
Q1 (2025/26),RTT,52+ Weeks,North West,RBL,WIRRAL UNIVERSITY TEACHING HOSPITAL NHS FOUNDATION TRUST,1302,46939,0.0277,81,8,21,3,Jun,,Yes
Q1 (2025/26),RTT,52+ Weeks,North East,RP5,DONCASTER AND BASSETLAW TEACHING HOSPITALS NHS FOUNDATION TRUST,1560,55406,0.0282,83,17,22,3,Jun,,Yes
Q1 (2025/26),RTT,52+ Weeks,North East,RTR,SOUTH TEES HOSPITALS NHS FOUNDATION TRUST,1610,56521,0.0285,84,18,22,3,Jun,,Yes
Q1 (2025/26),RTT,52+ Weeks,London,RP4,GREAT ORMOND STREET HOSPITAL FOR CHILDREN NHS FOUNDATION TRUST,232,8092,0.0287,85,18,20,3,Jun,,Yes
Q1 (2025/26),RTT,52+ Weeks,North East,RNN,NORTH CUMBRIA INTEGRATED CARE NHS FOUNDATION TRUST,1098,38030,0.0289,86,19,22,3,Jun,,Yes
Q1 (2025/26),RTT,52+ Weeks,North West,RWJ,STOCKPORT NHS FOUNDATION TRUST,993,34356,0.0289,86,9,21,3,Jun,,Yes
Q1 (2025/26),RTT,52+ Weeks,North East,RCB,YORK AND SCARBOROUGH TEACHING HOSPITALS NHS FOUNDATION TRUST,1548,53156,0.0291,88,20,22,3,Jun,,Yes
Q1 (2025/26),RTT,52+ Weeks,Midlands,RFS,CHESTERFIELD ROYAL HOSPITAL NHS FOUNDATION TRUST,923,31524,0.0293,89,17,23,3,Jun,,Yes
Q1 (2025/26),RTT,52+ Weeks,South East,RN7,DARTFORD AND GRAVESHAM NHS TRUST,957,32577,0.0294,90,11,18,3,Jun,,Yes
Q1 (2025/26),RTT,52+ Weeks,Midlands,RL4,THE ROYAL WOLVERHAMPTON NHS TRUST,2376,79749,0.0298,91,18,23,3,Jun,,Yes
Q1 (2025/26),RTT,52+ Weeks,North West,RMC,BOLTON NHS FOUNDATION TRUST,1154,37252,0.031,92,10,21,3,Jun,,Yes
Q1 (2025/26),RTT,52+ Weeks,North East,RR8,LEEDS TEACHING HOSPITALS NHS TRUST,2742,88152,0.0311,93,21,22,3,Jun,,Yes
Q1 (2025/26),RTT,52+ Weeks,South West,RH8,ROYAL DEVON UNIVERSITY HEALTHCARE NHS FOUNDATION TRUST,2309,73740,0.0313,94,11,13,3,Jun,,Yes
Q1 (2025/26),RTT,52+ Weeks,Midlands,RLQ,WYE VALLEY NHS TRUST,723,22842,0.0317,95,19,23,3,Jun,,Yes
Q1 (2025/26),RTT,52+ Weeks,North West,RXN,LANCASHIRE TEACHING HOSPITALS NHS FOUNDATION TRUST,2068,63253,0.0327,96,11,21,3,Jun,,Yes
Q1 (2025/26),RTT,52+ Weeks,South East,RTH,OXFORD UNIVERSITY HOSPITALS NHS FOUNDATION TRUST,2847,86825,0.0328,97,12,18,3,Jun,,Yes
Q1 (2025/26),RTT,52+ Weeks,South East,RN5,HAMPSHIRE HOSPITALS NHS FOUNDATION TRUST,1661,50346,0.033,98,13,18,3,Jun,,Yes
Q1 (2025/26),RTT,52+ Weeks,South West,R0D,UNIVERSITY HOSPITALS DORSET NHS FOUNDATION TRUST,2097,62683,0.0335,99,12,13,3,Jun,,Yes
Q1 (2025/26),RTT,52+ Weeks,Midlands,RLT,GEORGE ELIOT HOSPITAL NHS TRUST,687,20279,0.0339,100,20,23,3,Jun,,Yes
Q1 (2025/26),RTT,52+ Weeks,North East,RWA,HULL UNIVERSITY TEACHING HOSPITALS NHS TRUST,2702,79235,0.0341,101,22,22,3,Jun,,Yes
Q1 (2025/26),RTT,52+ Weeks,East,RGN,NORTH WEST ANGLIA NHS FOUNDATION TRUST,2613,76252,0.0343,102,6,14,3,Jun,,Yes
Q1 (2025/26),RTT,52+ Weeks,East,RDE,EAST SUFFOLK AND NORTH ESSEX NHS FOUNDATION TRUST,3167,92050,0.0344,103,7,14,3,Jun,,Yes
Q1 (2025/26),RTT,52+ Weeks,South West,RK9,UNIVERSITY HOSPITALS PLYMOUTH NHS TRUST,1720,48276,0.0356,104,13,13,3,Jun,,Yes
Q1 (2025/26),RTT,52+ Weeks,North West,REP,LIVERPOOL WOMEN'S NHS FOUNDATION TRUST,582,16290,0.0357,105,12,21,3,Jun,,Yes
Q1 (2025/26),RTT,52+ Weeks,South East,RDU,FRIMLEY HEALTH NHS FOUNDATION TRUST,2657,74184,0.0358,106,14,18,3,Jun,,Yes
Q1 (2025/26),RTT,52+ Weeks,Midlands,RRJ,THE ROYAL ORTHOPAEDIC HOSPITAL NHS FOUNDATION TRUST,466,12954,0.036,107,21,23,3,Jun,,Yes
Q1 (2025/26),RTT,52+ Weeks,London,R1H,BARTS HEALTH NHS TRUST,4894,134686,0.0363,108,19,20,3,Jun,,Yes
Q1 (2025/26),RTT,52+ Weeks,North West,RM3,NORTHERN CARE ALLIANCE NHS FOUNDATION TRUST,5037,136427,0.0369,109,13,21,3,Jun,,Yes
Q1 (2025/26),RTT,52+ Weeks,North West,RRF,"WRIGHTINGTON, WIGAN AND LEIGH NHS FOUNDATION TRUST",1821,49368,0.0369,109,13,21,3,Jun,,Yes
Q1 (2025/26),RTT,52+ Weeks,North West,RXR,EAST LANCASHIRE HOSPITALS NHS TRUST,2210,58187,0.038,111,15,21,3,Jun,,Yes
Q1 (2025/26),RTT,52+ Weeks,South East,RHU,PORTSMOUTH HOSPITALS UNIVERSITY NHS TRUST,2336,59029,0.0396,112,15,18,3,Jun,,Yes
Q1 (2025/26),RTT,52+ Weeks,North West,R0A,MANCHESTER UNIVERSITY NHS FOUNDATION TRUST,7500,186865,0.0401,113,16,21,3,Jun,,Yes
Q1 (2025/26),RTT,52+ Weeks,London,RJ2,LEWISHAM AND GREENWICH NHS TRUST,2145,53026,0.0405,114,20,20,3,Jun,,Yes
Q1 (2025/26),RTT,52+ Weeks,North West,REM,LIVERPOOL UNIVERSITY HOSPITALS NHS FOUNDATION TRUST,2839,68055,0.0417,115,17,21,3,Jun,,Yes
Q1 (2025/26),RTT,52+ Weeks,East,RGT,CAMBRIDGE UNIVERSITY HOSPITALS NHS FOUNDATION TRUST,2817,66129,0.0426,116,8,14,3,Jun,,Yes
Q1 (2025/26),RTT,52+ Weeks,South East,RPA,MEDWAY NHS FOUNDATION TRUST,1735,39993,0.0434,117,16,18,3,Jun,,Yes
Q1 (2025/26),RTT,52+ Weeks,East,RGR,WEST SUFFOLK NHS FOUNDATION TRUST,1573,35129,0.0448,118,9,14,3,Jun,,Yes
Q1 (2025/26),RTT,52+ Weeks,East,RM1,NORFOLK AND NORWICH UNIVERSITY HOSPITALS NHS FOUNDATION TRUST,3643,80826,0.0451,119,10,14,3,Jun,,Yes
Q1 (2025/26),RTT,52+ Weeks,North West,RXL,BLACKPOOL TEACHING HOSPITALS NHS FOUNDATION TRUST,1730,37267,0.0464,120,18,21,3,Jun,,Yes
Q1 (2025/26),RTT,52+ Weeks,East,RQW,THE PRINCESS ALEXANDRA HOSPITAL NHS TRUST,2265,48443,0.0468,121,11,14,3,Jun,,Yes
Q1 (2025/26),RTT,52+ Weeks,East,RGP,JAMES PAGET UNIVERSITY HOSPITALS NHS FOUNDATION TRUST,1662,34615,0.048,122,12,14,3,Jun,,Yes
Q1 (2025/26),RTT,52+ Weeks,East,RD8,MILTON KEYNES UNIVERSITY HOSPITAL NHS FOUNDATION TRUST,1678,33513,0.0501,123,13,14,3,Jun,,Yes
Q1 (2025/26),RTT,52+ Weeks,North West,RWW,WARRINGTON AND HALTON TEACHING HOSPITALS NHS FOUNDATION TRUST,1635,32542,0.0502,124,19,21,3,Jun,,Yes
Q1 (2025/26),RTT,52+ Weeks,South East,RA2,ROYAL SURREY COUNTY HOSPITAL NHS FOUNDATION TRUST,1521,30202,0.0504,125,17,18,3,Jun,,Yes
Q1 (2025/26),RTT,52+ Weeks,Midlands,RRK,UNIVERSITY HOSPITALS BIRMINGHAM NHS FOUNDATION TRUST,5369,104142,0.0516,126,22,23,3,Jun,,Yes
Q1 (2025/26),RTT,52+ Weeks,South East,RYR,UNIVERSITY HOSPITALS SUSSEX NHS FOUNDATION TRUST,5860,113122,0.0518,127,18,18,3,Jun,,Yes
Q1 (2025/26),RTT,52+ Weeks,North West,RBT,MID CHESHIRE HOSPITALS NHS FOUNDATION TRUST,2034,39213,0.0519,128,20,21,3,Jun,,Yes
Q1 (2025/26),RTT,52+ Weeks,East,RAJ,MID AND SOUTH ESSEX NHS FOUNDATION TRUST,11778,172378,0.0683,129,14,14,3,Jun,,Yes
Q1 (2025/26),RTT,52+ Weeks,Midlands,RL1,THE ROBERT JONES AND AGNES HUNT ORTHOPAEDIC HOSPITAL NHS FOUNDATION TRUST,1343,17324,0.0775,130,23,23,3,Jun,,Yes
Q1 (2025/26),RTT,52+ Weeks,North West,RJR,COUNTESS OF CHESTER HOSPITAL NHS FOUNDATION TRUST,2837,34246,0.0828,131,21,21,3,Jun,,Yes
Q1 (2025/26),Diagnostics,6+ Weeks,Midlands,RYG,Coventry and Warwickshire Partnership NHS Trust,0,145,0,1,1,27,3,Jun,,Yes
Q1 (2025/26),Diagnostics,6+ Weeks,London,RP6,Moorfields Eye Hospital NHS Foundation Trust,0,122,0,1,1,25,3,Jun,,Yes
Q1 (2025/26),Diagnostics,6+ Weeks,North West,REN,The Clatterbridge Cancer Centre NHS Foundation Trust,0,184,0,1,1,26,3,Jun,,Yes
Q1 (2025/26),Diagnostics,6+ Weeks,North West,RY7,Wirral Community Health and Care NHS Foundation Trust,0,263,0,1,1,26,3,Jun,,Yes
Q1 (2025/26),Diagnostics,6+ Weeks,Midlands,RRJ,The Royal Orthopaedic Hospital NHS Foundation Trust,1,1022,0.001,5,2,27,3,Jun,,Yes
Q1 (2025/26),Diagnostics,6+ Weeks,North East,RTF,Northumbria Healthcare NHS Foundation Trust,53,12758,0.004,6,1,24,3,Jun,,Yes
Q1 (2025/26),Diagnostics,6+ Weeks,North East,RCF,Airedale NHS Foundation Trust,22,4069,0.005,7,2,24,3,Jun,,Yes
Q1 (2025/26),Diagnostics,6+ Weeks,Midlands,R1D,Shropshire Community Health NHS Trust,2,380,0.005,7,3,27,3,Jun,,Yes
Q1 (2025/26),Diagnostics,6+ Weeks,North East,RFR,The Rotherham NHS Foundation Trust,34,5561,0.006,9,3,24,3,Jun,,Yes
Q1 (2025/26),Diagnostics,6+ Weeks,North West,RET,The Walton Centre NHS Foundation Trust,9,1310,0.007,10,3,26,3,Jun,,Yes
Q1 (2025/26),Diagnostics,6+ Weeks,North East,RY6,Leeds Community Healthcare NHS Trust,1,122,0.008,11,4,24,3,Jun,,Yes
Q1 (2025/26),Diagnostics,6+ Weeks,London,RAN,Royal National Orthopaedic Hospital NHS Trust,12,1551,0.008,11,2,25,3,Jun,,Yes
Q1 (2025/26),Diagnostics,6+ Weeks,South East,RWX,Berkshire Healthcare NHS Foundation Trust,3,316,0.009,13,1,22,3,Jun,,Yes
Q1 (2025/26),Diagnostics,6+ Weeks,North West,RBQ,Liverpool Heart and Chest Hospital NHS Foundation Trust,21,2411,0.009,13,4,26,3,Jun,,Yes
Q1 (2025/26),Diagnostics,6+ Weeks,South West,RVJ,North Bristol NHS Trust,111,11475,0.01,15,1,15,3,Jun,,Yes
Q1 (2025/26),Diagnostics,6+ Weeks,North West,RXR,East Lancashire Hospitals NHS Trust,182,11458,0.016,16,5,26,3,Jun,,Yes
Q1 (2025/26),Diagnostics,6+ Weeks,North East,RXF,Mid Yorkshire Teaching NHS Trust,190,11991,0.016,16,5,24,3,Jun,,Yes
Q1 (2025/26),Diagnostics,6+ Weeks,London,RPY,The Royal Marsden NHS Foundation Trust,14,856,0.016,16,3,25,3,Jun,,Yes
Q1 (2025/26),Diagnostics,6+ Weeks,South East,RW1,Hampshire and Isle of Wight Healthcare NHS Foundation Trust,64,3376,0.019,19,2,22,3,Jun,,Yes
Q1 (2025/26),Diagnostics,6+ Weeks,North West,RBV,The Christie NHS Foundation Trust,32,1546,0.021,20,6,26,3,Jun,,Yes
Q1 (2025/26),Diagnostics,6+ Weeks,Midlands,RJC,South Warwickshire University NHS Foundation Trust,222,8446,0.026,21,4,27,3,Jun,,Yes
Q1 (2025/26),Diagnostics,6+ Weeks,North West,RMP,Tameside and Glossop Integrated Care NHS Foundation Trust,86,3324,0.026,21,7,26,3,Jun,,Yes
Q1 (2025/26),Diagnostics,6+ Weeks,South East,RN7,Dartford and Gravesham NHS Trust,225,8331,0.027,23,3,22,3,Jun,,Yes
Q1 (2025/26),Diagnostics,6+ Weeks,North West,RBS,Alder Hey Children's NHS Foundation Trust,15,504,0.03,24,8,26,3,Jun,,Yes
Q1 (2025/26),Diagnostics,6+ Weeks,South West,R0D,University Hospitals Dorset NHS Foundation Trust,454,12371,0.037,25,2,15,3,Jun,,Yes
Q1 (2025/26),Diagnostics,6+ Weeks,North West,RWW,Warrington and Halton Teaching Hospitals NHS Foundation Trust,261,6861,0.038,26,9,26,3,Jun,,Yes
Q1 (2025/26),Diagnostics,6+ Weeks,Midlands,RLT,George Eliot Hospital NHS Trust,119,2931,0.041,27,5,27,3,Jun,,Yes
Q1 (2025/26),Diagnostics,6+ Weeks,Midlands,RL4,The Royal Wolverhampton NHS Trust,436,10508,0.041,27,5,27,3,Jun,,Yes
Q1 (2025/26),Diagnostics,6+ Weeks,North East,RVW,North Tees and Hartlepool NHS Foundation Trust,172,4076,0.042,29,6,24,3,Jun,,Yes
Q1 (2025/26),Diagnostics,6+ Weeks,London,RF4,"Barking, Havering and Redbridge University Hospitals NHS Trust",435,10140,0.043,30,4,25,3,Jun,,Yes
Q1 (2025/26),Diagnostics,6+ Weeks,London,RJ7,St George's University Hospitals NHS Foundation Trust,632,11786,0.054,31,5,25,3,Jun,,Yes
Q1 (2025/26),Diagnostics,6+ Weeks,North East,RFF,Barnsley Hospital NHS Foundation Trust,243,4311,0.056,32,7,24,3,Jun,,Yes
Q1 (2025/26),Diagnostics,6+ Weeks,North West,REM,Liverpool University Hospitals NHS Foundation Trust,985,16556,0.059,33,10,26,3,Jun,,Yes
Q1 (2025/26),Diagnostics,6+ Weeks,London,RQX,Homerton Healthcare NHS Foundation Trust,574,9614,0.06,34,6,25,3,Jun,,Yes
Q1 (2025/26),Diagnostics,6+ Weeks,East,RGT,Cambridge University Hospitals NHS Foundation Trust,707,10520,0.067,35,1,16,3,Jun,,Yes
Q1 (2025/26),Diagnostics,6+ Weeks,East,RDE,East Suffolk and North Essex NHS Foundation Trust,976,14119,0.069,36,2,16,3,Jun,,Yes
Q1 (2025/26),Diagnostics,6+ Weeks,Midlands,RKB,University Hospitals Coventry and Warwickshire NHS Trust,1126,16118,0.07,37,7,27,3,Jun,,Yes
Q1 (2025/26),Diagnostics,6+ Weeks,London,RRV,University College London Hospitals NHS Foundation Trust,1139,12800,0.089,38,7,25,3,Jun,,Yes
Q1 (2025/26),Diagnostics,6+ Weeks,South East,RDR,Sussex Community NHS Foundation Trust,249,2746,0.091,39,4,22,3,Jun,,Yes
Q1 (2025/26),Diagnostics,6+ Weeks,North West,RBL,Wirral University Teaching Hospital NHS Foundation Trust,906,10003,0.091,39,11,26,3,Jun,,Yes
Q1 (2025/26),Diagnostics,6+ Weeks,Midlands,RL1,The Robert Jones and Agnes Hunt Orthopaedic Hospital NHS Foundation Trust,111,1209,0.092,41,8,27,3,Jun,,Yes
Q1 (2025/26),Diagnostics,6+ Weeks,East,RGM,Royal Papworth Hospital NHS Foundation Trust,158,1690,0.093,42,3,16,3,Jun,,Yes
Q1 (2025/26),Diagnostics,6+ Weeks,South East,RDU,Frimley Health NHS Foundation Trust,1642,17510,0.094,43,5,22,3,Jun,,Yes
Q1 (2025/26),Diagnostics,6+ Weeks,South West,RDY,Dorset Healthcare University NHS Foundation Trust,149,1564,0.095,44,3,15,3,Jun,,Yes
Q1 (2025/26),Diagnostics,6+ Weeks,South East,RTP,Surrey and Sussex Healthcare NHS Trust,729,7228,0.101,45,6,22,3,Jun,,Yes
Q1 (2025/26),Diagnostics,6+ Weeks,South East,RHW,Royal Berkshire NHS Foundation Trust,873,8470,0.103,46,7,22,3,Jun,,Yes
Q1 (2025/26),Diagnostics,6+ Weeks,South West,REF,Royal Cornwall Hospitals NHS Trust,1066,10182,0.105,47,4,15,3,Jun,,Yes
Q1 (2025/26),Diagnostics,6+ Weeks,London,RKE,Whittington Health NHS Trust,822,7816,0.105,47,8,25,3,Jun,,Yes
Q1 (2025/26),Diagnostics,6+ Weeks,North West,REP,Liverpool Women's NHS Foundation Trust,74,656,0.113,49,12,26,3,Jun,,Yes
Q1 (2025/26),Diagnostics,6+ Weeks,South East,RWF,Maidstone and Tunbridge Wells NHS Trust,980,8564,0.114,50,8,22,3,Jun,,Yes
Q1 (2025/26),Diagnostics,6+ Weeks,South East,RTK,Ashford and St Peter's Hospitals NHS Foundation Trust,1043,9091,0.115,51,9,22,3,Jun,,Yes
Q1 (2025/26),Diagnostics,6+ Weeks,North East,RXP,County Durham and Darlington NHS Foundation Trust,1839,15558,0.118,52,8,24,3,Jun,,Yes
Q1 (2025/26),Diagnostics,6+ Weeks,Midlands,RK5,Sherwood Forest Hospitals NHS Foundation Trust,1033,8730,0.118,52,9,27,3,Jun,,Yes
Q1 (2025/26),Diagnostics,6+ Weeks,North East,RWY,Calderdale and Huddersfield NHS Foundation Trust,1371,11355,0.121,54,9,24,3,Jun,,Yes
Q1 (2025/26),Diagnostics,6+ Weeks,South East,RYR,University Hospitals Sussex NHS Foundation Trust,2231,18451,0.121,54,10,22,3,Jun,,Yes
Q1 (2025/26),Diagnostics,6+ Weeks,North West,RM3,Northern Care Alliance NHS Foundation Trust,2404,19483,0.123,56,13,26,3,Jun,,Yes
Q1 (2025/26),Diagnostics,6+ Weeks,Midlands,RNA,The Dudley Group NHS Foundation Trust,1044,8068,0.129,57,10,27,3,Jun,,Yes
Q1 (2025/26),Diagnostics,6+ Weeks,London,RVR,Epsom and St Helier University Hospitals NHS Trust,1689,13011,0.13,58,9,25,3,Jun,,Yes
Q1 (2025/26),Diagnostics,6+ Weeks,South East,RPA,Medway NHS Foundation Trust,943,7252,0.13,58,11,22,3,Jun,,Yes
Q1 (2025/26),Diagnostics,6+ Weeks,North West,RBN,Mersey and West Lancashire Teaching Hospitals NHS Trust,2065,15766,0.131,60,14,26,3,Jun,,Yes
Q1 (2025/26),Diagnostics,6+ Weeks,North West,R0A,Manchester University NHS Foundation Trust,4192,31636,0.133,61,15,26,3,Jun,,Yes
Q1 (2025/26),Diagnostics,6+ Weeks,North East,R0B,South Tyneside and Sunderland NHS Foundation Trust,1436,10736,0.134,62,10,24,3,Jun,,Yes
Q1 (2025/26),Diagnostics,6+ Weeks,North East,RNN,North Cumbria Integrated Care NHS Foundation Trust,1512,10792,0.14,63,11,24,3,Jun,,Yes
Q1 (2025/26),Diagnostics,6+ Weeks,North East,RTD,The Newcastle Upon Tyne Hospitals NHS Foundation Trust,2090,14739,0.142,64,12,24,3,Jun,,Yes
Q1 (2025/26),Diagnostics,6+ Weeks,East,RWG,West Hertfordshire Teaching Hospitals NHS Trust,2247,15654,0.144,65,4,16,3,Jun,,Yes
Q1 (2025/26),Diagnostics,6+ Weeks,North West,RJN,East Cheshire NHS Trust,537,3706,0.145,66,16,26,3,Jun,,Yes
Q1 (2025/26),Diagnostics,6+ Weeks,North West,RMC,Bolton NHS Foundation Trust,638,4313,0.148,67,17,26,3,Jun,,Yes
Q1 (2025/26),Diagnostics,6+ Weeks,North East,RTR,South Tees Hospitals NHS Foundation Trust,1671,10776,0.155,68,13,24,3,Jun,,Yes
Q1 (2025/26),Diagnostics,6+ Weeks,London,RJ2,Lewisham and Greenwich NHS Trust,2372,15234,0.156,69,10,25,3,Jun,,Yes
Q1 (2025/26),Diagnostics,6+ Weeks,South West,RN3,Great Western Hospitals NHS Foundation Trust,1298,8273,0.157,70,5,15,3,Jun,,Yes
Q1 (2025/26),Diagnostics,6+ Weeks,South East,RHM,University Hospital Southampton NHS Foundation Trust,1708,10754,0.159,71,12,22,3,Jun,,Yes
Q1 (2025/26),Diagnostics,6+ Weeks,South West,RK9,University Hospitals Plymouth NHS Trust,1426,8993,0.159,71,6,15,3,Jun,,Yes
Q1 (2025/26),Diagnostics,6+ Weeks,North East,RR8,Leeds Teaching Hospitals NHS Trust,3189,19634,0.162,73,14,24,3,Jun,,Yes
Q1 (2025/26),Diagnostics,6+ Weeks,South East,RXC,East Sussex Healthcare NHS Trust,1864,11308,0.165,74,13,22,3,Jun,,Yes
Q1 (2025/26),Diagnostics,6+ Weeks,South West,RA7,University Hospitals Bristol and Weston NHS Foundation Trust,2300,13973,0.165,74,7,15,3,Jun,,Yes
Q1 (2025/26),Diagnostics,6+ Weeks,South West,RNZ,Salisbury NHS Foundation Trust,1009,6067,0.166,76,8,15,3,Jun,,Yes
Q1 (2025/26),Diagnostics,6+ Weeks,London,RAX,Kingston and Richmond NHS Foundation Trust,1569,9156,0.171,77,11,25,3,Jun,,Yes
Q1 (2025/26),Diagnostics,6+ Weeks,North West,RTX,University Hospitals of Morecambe Bay NHS Foundation Trust,1601,9320,0.172,78,18,26,3,Jun,,Yes
Q1 (2025/26),Diagnostics,6+ Weeks,London,RYJ,Imperial College Healthcare NHS Trust,3560,20632,0.173,79,12,25,3,Jun,,Yes
Q1 (2025/26),Diagnostics,6+ Weeks,South East,RYY,Kent Community Health NHS Foundation Trust,103,588,0.175,80,14,22,3,Jun,,Yes
Q1 (2025/26),Diagnostics,6+ Weeks,Midlands,RXW,The Shrewsbury and Telford Hospital NHS Trust,1891,10691,0.177,81,11,27,3,Jun,,Yes
Q1 (2025/26),Diagnostics,6+ Weeks,London,RQM,Chelsea and Westminster Hospital NHS Foundation Trust,2169,11812,0.184,82,13,25,3,Jun,,Yes
Q1 (2025/26),Diagnostics,6+ Weeks,North West,RJR,Countess of Chester Hospital NHS Foundation Trust,1309,7115,0.184,82,19,26,3,Jun,,Yes
Q1 (2025/26),Diagnostics,6+ Weeks,South East,RVV,East Kent Hospitals University NHS Foundation Trust,3596,19457,0.185,84,15,22,3,Jun,,Yes
Q1 (2025/26),Diagnostics,6+ Weeks,London,R1H,Barts Health NHS Trust,5940,31199,0.19,85,14,25,3,Jun,,Yes
Q1 (2025/26),Diagnostics,6+ Weeks,South East,RTH,Oxford University Hospitals NHS Foundation Trust,4565,23962,0.191,86,16,22,3,Jun,,Yes
Q1 (2025/26),Diagnostics,6+ Weeks,North West,RBT,Mid Cheshire Hospitals NHS Foundation Trust,1841,9384,0.196,87,20,26,3,Jun,,Yes
Q1 (2025/26),Diagnostics,6+ Weeks,North East,RP5,Doncaster and Bassetlaw Teaching Hospitals NHS Foundation Trust,2401,12122,0.198,88,15,24,3,Jun,,Yes
Q1 (2025/26),Diagnostics,6+ Weeks,London,RP4,Great Ormond Street Hospital For Children NHS Foundation Trust,493,2464,0.2,89,15,25,3,Jun,,Yes
Q1 (2025/26),Diagnostics,6+ Weeks,London,RAL,Royal Free London NHS Foundation Trust,5819,28386,0.205,90,16,25,3,Jun,,Yes
Q1 (2025/26),Diagnostics,6+ Weeks,Midlands,RWP,Worcestershire Acute Hospitals NHS Trust,2729,13036,0.209,91,12,27,3,Jun,,Yes
Q1 (2025/26),Diagnostics,6+ Weeks,Midlands,RNS,Northampton General Hospital NHS Trust,2341,11139,0.21,92,13,27,3,Jun,,Yes
Q1 (2025/26),Diagnostics,6+ Weeks,North West,RXL,Blackpool Teaching Hospitals NHS Foundation Trust,1057,4994,0.212,93,21,26,3,Jun,,Yes
Q1 (2025/26),Diagnostics,6+ Weeks,South West,RH5,Somerset NHS Foundation Trust,2855,13420,0.213,94,9,15,3,Jun,,Yes
Q1 (2025/26),Diagnostics,6+ Weeks,North West,RWJ,Stockport NHS Foundation Trust,1765,8005,0.22,95,22,26,3,Jun,,Yes
Q1 (2025/26),Diagnostics,6+ Weeks,London,RJ6,Croydon Health Services NHS Trust,3659,16278,0.225,96,17,25,3,Jun,,Yes
Q1 (2025/26),Diagnostics,6+ Weeks,North East,RR7,Gateshead Health NHS Foundation Trust,1477,6519,0.227,97,16,24,3,Jun,,Yes
Q1 (2025/26),Diagnostics,6+ Weeks,Midlands,RWE,University Hospitals of Leicester NHS Trust,6193,27297,0.227,97,14,27,3,Jun,,Yes
Q1 (2025/26),Diagnostics,6+ Weeks,Midlands,RRE,Midlands Partnership University NHS Foundation Trust,158,684,0.231,99,15,27,3,Jun,,Yes
Q1 (2025/26),Diagnostics,6+ Weeks,North East,RCU,Sheffield Children's NHS Foundation Trust,406,1738,0.234,100,17,24,3,Jun,,Yes
Q1 (2025/26),Diagnostics,6+ Weeks,Midlands,RTG,University Hospitals of Derby and Burton NHS Foundation Trust,5542,23481,0.236,101,16,27,3,Jun,,Yes
Q1 (2025/26),Diagnostics,6+ Weeks,South East,RXQ,Buckinghamshire Healthcare NHS Trust,2052,8613,0.238,102,17,22,3,Jun,,Yes
Q1 (2025/26),Diagnostics,6+ Weeks,Midlands,RWD,United Lincolnshire Teaching Hospitals NHS Trust,4698,19543,0.24,103,17,27,3,Jun,,Yes
Q1 (2025/26),Diagnostics,6+ Weeks,Midlands,RNQ,Kettering General Hospital NHS Foundation Trust,2569,10664,0.241,104,18,27,3,Jun,,Yes
Q1 (2025/26),Diagnostics,6+ Weeks,Midlands,RX1,Nottingham University Hospitals NHS Trust,4187,16790,0.249,105,19,27,3,Jun,,Yes
Q1 (2025/26),Diagnostics,6+ Weeks,North East,RWA,Hull University Teaching Hospitals NHS Trust,4228,16441,0.257,106,18,24,3,Jun,,Yes
Q1 (2025/26),Diagnostics,6+ Weeks,East,RM1,Norfolk and Norwich University Hospitals NHS Foundation Trust,4204,16219,0.259,107,5,16,3,Jun,,Yes
Q1 (2025/26),Diagnostics,6+ Weeks,East,RD8,Milton Keynes University Hospital NHS Foundation Trust,2009,7684,0.261,108,6,16,3,Jun,,Yes
Q1 (2025/26),Diagnostics,6+ Weeks,Midlands,RXK,Sandwell and West Birmingham Hospitals NHS Trust,4968,19056,0.261,108,20,27,3,Jun,,Yes
Q1 (2025/26),Diagnostics,6+ Weeks,London,RJ1,Guy's and St Thomas' NHS Foundation Trust,5097,19469,0.262,110,18,25,3,Jun,,Yes
Q1 (2025/26),Diagnostics,6+ Weeks,Midlands,RLQ,Wye Valley NHS Trust,1720,6549,0.263,111,21,27,3,Jun,,Yes
Q1 (2025/26),Diagnostics,6+ Weeks,South West,RTE,Gloucestershire Hospitals NHS Foundation Trust,3877,14642,0.265,112,10,15,3,Jun,,Yes
Q1 (2025/26),Diagnostics,6+ Weeks,Midlands,RBK,Walsall Healthcare NHS Trust,2722,10277,0.265,112,22,27,3,Jun,,Yes
Q1 (2025/26),Diagnostics,6+ Weeks,South East,RPC,Queen Victoria Hospital NHS Foundation Trust,855,3213,0.266,114,18,22,3,Jun,,Yes
Q1 (2025/26),Diagnostics,6+ Weeks,North East,RAE,Bradford Teaching Hospitals NHS Foundation Trust,2462,9195,0.268,115,19,24,3,Jun,,Yes
Q1 (2025/26),Diagnostics,6+ Weeks,London,R1K,London North West University Healthcare NHS Trust,6458,24055,0.268,115,19,25,3,Jun,,Yes
Q1 (2025/26),Diagnostics,6+ Weeks,North East,RHQ,Sheffield Teaching Hospitals NHS Foundation Trust,5609,20581,0.273,117,20,24,3,Jun,,Yes
Q1 (2025/26),Diagnostics,6+ Weeks,London,RAS,The Hillingdon Hospitals NHS Foundation Trust,3175,11635,0.273,117,20,25,3,Jun,,Yes
Q1 (2025/26),Diagnostics,6+ Weeks,South West,RBD,Dorset County Hospital NHS Foundation Trust,1891,6824,0.277,119,11,15,3,Jun,,Yes
Q1 (2025/26),Diagnostics,6+ Weeks,South West,RD1,Royal United Hospitals Bath NHS Foundation Trust,3068,11001,0.279,120,12,15,3,Jun,,Yes
Q1 (2025/26),Diagnostics,6+ Weeks,East,RAJ,Mid and South Essex NHS Foundation Trust,7598,25420,0.299,121,7,16,3,Jun,,Yes
Q1 (2025/26),Diagnostics,6+ Weeks,North West,RRF,"Wrightington, Wigan and Leigh NHS Foundation Trust",4091,13484,0.303,122,23,26,3,Jun,,Yes
Q1 (2025/26),Diagnostics,6+ Weeks,East,RC9,Bedfordshire Hospitals NHS Foundation Trust,5462,17887,0.305,123,8,16,3,Jun,,Yes
Q1 (2025/26),Diagnostics,6+ Weeks,Midlands,RQ3,Birmingham Women's and Children's NHS Foundation Trust,1196,3763,0.318,124,23,27,3,Jun,,Yes
Q1 (2025/26),Diagnostics,6+ Weeks,North West,RW5,Lancashire & South Cumbria NHS Foundation Trust,116,365,0.318,124,24,26,3,Jun,,Yes
Q1 (2025/26),Diagnostics,6+ Weeks,East,RGP,James Paget University Hospitals NHS Foundation Trust,2410,7513,0.321,126,9,16,3,Jun,,Yes
Q1 (2025/26),Diagnostics,6+ Weeks,North East,RJL,Northern Lincolnshire and Goole NHS Foundation Trust,7999,23825,0.336,127,21,24,3,Jun,,Yes
Q1 (2025/26),Diagnostics,6+ Weeks,East,RQW,The Princess Alexandra Hospital NHS Trust,3730,11056,0.337,128,10,16,3,Jun,,Yes
Q1 (2025/26),Diagnostics,6+ Weeks,South West,RA9,Torbay and South Devon NHS Foundation Trust,2399,7080,0.339,129,13,15,3,Jun,,Yes
Q1 (2025/26),Diagnostics,6+ Weeks,South East,RN5,Hampshire Hospitals NHS Foundation Trust,5743,16280,0.353,130,19,22,3,Jun,,Yes
Q1 (2025/26),Diagnostics,6+ Weeks,London,RV3,Central and North West London NHS Foundation Trust,29,82,0.354,131,21,25,3,Jun,,Yes
Q1 (2025/26),Diagnostics,6+ Weeks,North East,RCB,York and Scarborough Teaching Hospitals NHS Foundation Trust,5027,13966,0.36,132,22,24,3,Jun,,Yes
Q1 (2025/26),Diagnostics,6+ Weeks,South East,R1F,Isle of Wight NHS Trust,1974,5189,0.38,133,20,22,3,Jun,,Yes
Q1 (2025/26),Diagnostics,6+ Weeks,East,RGN,North West Anglia NHS Foundation Trust,7288,19194,0.38,133,11,16,3,Jun,,Yes
Q1 (2025/26),Diagnostics,6+ Weeks,Midlands,RRK,University Hospitals Birmingham NHS Foundation Trust,16857,43768,0.385,135,24,27,3,Jun,,Yes
Q1 (2025/26),Diagnostics,6+ Weeks,Midlands,RFS,Chesterfield Royal Hospital NHS Foundation Trust,3887,9808,0.396,136,25,27,3,Jun,,Yes
Q1 (2025/26),Diagnostics,6+ Weeks,North West,RXN,Lancashire Teaching Hospitals NHS Foundation Trust,5874,14852,0.396,136,25,26,3,Jun,,Yes
Q1 (2025/26),Diagnostics,6+ Weeks,North West,RY2,Bridgewater Community Healthcare NHS Foundation Trust,98,242,0.405,138,26,26,3,Jun,,Yes
Q1 (2025/26),Diagnostics,6+ Weeks,North East,RCD,Harrogate and District NHS Foundation Trust,2705,6480,0.417,139,23,24,3,Jun,,Yes
Q1 (2025/26),Diagnostics,6+ Weeks,Midlands,RJE,University Hospitals of North Midlands NHS Trust,10887,25742,0.423,140,26,27,3,Jun,,Yes
Q1 (2025/26),Diagnostics,6+ Weeks,South West,RH8,Royal Devon University Healthcare NHS Foundation Trust,8921,20201,0.442,141,14,15,3,Jun,,Yes
Q1 (2025/26),Diagnostics,6+ Weeks,South East,RA2,Royal Surrey County Hospital NHS Foundation Trust,6037,13509,0.447,142,21,22,3,Jun,,Yes
Q1 (2025/26),Diagnostics,6+ Weeks,East,RCX,"The Queen Elizabeth Hospital, King's Lynn, NHS Foundation Trust",3794,8378,0.453,143,12,16,3,Jun,,Yes
Q1 (2025/26),Diagnostics,6+ Weeks,South East,RHU,Portsmouth Hospitals University NHS Trust,6771,14158,0.478,144,22,22,3,Jun,,Yes
Q1 (2025/26),Diagnostics,6+ Weeks,London,RJZ,King's College Hospital NHS Foundation Trust,16120,32600,0.494,145,22,25,3,Jun,,Yes
Q1 (2025/26),Diagnostics,6+ Weeks,East,RWH,East and North Hertfordshire NHS Trust,12157,22726,0.535,146,13,16,3,Jun,,Yes
Q1 (2025/26),Diagnostics,6+ Weeks,East,RGR,West Suffolk NHS Foundation Trust,6492,11723,0.554,147,14,16,3,Jun,,Yes
Q1 (2025/26),Diagnostics,6+ Weeks,London,RAT,North East London NHS Foundation Trust,322,577,0.558,148,23,25,3,Jun,,Yes
Q1 (2025/26),Diagnostics,6+ Weeks,London,RKL,West London NHS Trust,268,464,0.578,149,24,25,3,Jun,,Yes
Q1 (2025/26),Diagnostics,6+ Weeks,North East,RXG,South West Yorkshire Partnership NHS Foundation Trust,168,278,0.604,150,24,24,3,Jun,,Yes
Q1 (2025/26),Diagnostics,6+ Weeks,Midlands,RT5,Leicestershire Partnership NHS Trust,877,1210,0.725,151,27,27,3,Jun,,Yes
Q1 (2025/26),Diagnostics,6+ Weeks,East,RYV,Cambridgeshire Community Services NHS Trust,1457,1958,0.744,152,15,16,3,Jun,,Yes
Q1 (2025/26),Diagnostics,6+ Weeks,South West,RJ8,Cornwall Partnership NHS Foundation Trust,59,77,0.766,153,15,15,3,Jun,,Yes
Q1 (2025/26),Diagnostics,6+ Weeks,East,RY4,Hertfordshire Community NHS Trust,943,1227,0.769,154,16,16,3,Jun,,Yes
Q1 (2025/26),Diagnostics,6+ Weeks,London,RPG,Oxleas NHS Foundation Trust,166,208,0.798,155,25,25,3,Jun,,Yes
Q2 (2025/26),A&E,4 hours,London,RP6,Moorfields Eye Hospital NHS Foundation Trust,17136,17586,0.974,1,1,18,3,"Jul, Aug, Sep",,Yes
Q2 (2025/26),A&E,4 hours,North East,RCU,Sheffield Children's NHS Foundation Trust,12891,13654,0.944,2,1,22,3,"Jul, Aug, Sep",,Yes
Q2 (2025/26),A&E,4 hours,North West,RBS,Alder Hey Children's NHS Foundation Trust,27486.71283,29634.61969,0.928,3,1,19,3,"Jul, Aug, Sep",,Yes
Q2 (2025/26),A&E,4 hours,Midlands,RQ3,Birmingham Women's And Children's NHS Foundation Trust,16114.971,17445.971,0.924,4,1,21,3,"Jul, Aug, Sep",,Yes
Q2 (2025/26),A&E,4 hours,North West,REP,Liverpool Women's NHS Foundation Trust,4034,4429,0.911,5,2,19,3,"Jul, Aug, Sep",,Yes
Q2 (2025/26),A&E,4 hours,North East,RTF,Northumbria Healthcare NHS Foundation Trust,64967,71831,0.904,6,2,22,3,"Jul, Aug, Sep",,Yes
Q2 (2025/26),A&E,4 hours,North East,RWY,Calderdale And Huddersfield NHS Foundation Trust,47631,55165,0.863,7,3,22,3,"Jul, Aug, Sep",,Yes
Q2 (2025/26),A&E,4 hours,East,RWG,West Hertfordshire Teaching Hospitals NHS Trust,41407,49038,0.844,8,1,13,3,"Jul, Aug, Sep",,Yes
Q2 (2025/26),A&E,4 hours,South East,RVV,East Kent Hospitals University NHS Foundation Trust,98919.16877,117823.3854,0.84,9,1,17,3,"Jul, Aug, Sep",,Yes
Q2 (2025/26),A&E,4 hours,North East,RVW,North Tees And Hartlepool NHS Foundation Trust,39874,47447,0.84,9,4,22,3,"Jul, Aug, Sep",,Yes
Q2 (2025/26),A&E,4 hours,North East,RAE,Bradford Teaching Hospitals NHS Foundation Trust,34106,40817,0.836,11,5,22,3,"Jul, Aug, Sep",,Yes
Q2 (2025/26),A&E,4 hours,South West,RBD,Dorset County Hospital NHS Foundation Trust,24886,29936,0.831,12,1,13,3,"Jul, Aug, Sep",,Yes
Q2 (2025/26),A&E,4 hours,South East,RTH,Oxford University Hospitals NHS Foundation Trust,56935.512,68743.824,0.828,13,2,17,3,"Jul, Aug, Sep",,Yes
Q2 (2025/26),A&E,4 hours,London,RF4,"Barking, Havering And Redbridge University Hospitals NHS Trust",85878,104231,0.824,14,2,18,3,"Jul, Aug, Sep",,Yes
Q2 (2025/26),A&E,4 hours,South East,RWF,Maidstone And Tunbridge Wells NHS Trust,57370.67299,69707.05982,0.823,15,3,17,3,"Jul, Aug, Sep",,Yes
Q2 (2025/26),A&E,4 hours,South East,RN7,Dartford And Gravesham NHS Trust,36783,44848,0.82,16,4,17,3,"Jul, Aug, Sep",,Yes
Q2 (2025/26),A&E,4 hours,East,RM1,Norfolk And Norwich University Hospitals NHS Foundation Trust,50573,61864,0.817,17,2,13,3,"Jul, Aug, Sep",,Yes
Q2 (2025/26),A&E,4 hours,South East,RTP,Surrey And Sussex Healthcare NHS Trust,54766.7913,67122.74549,0.816,18,5,17,3,"Jul, Aug, Sep",,Yes
Q2 (2025/26),A&E,4 hours,London,RQX,Homerton Healthcare NHS Foundation Trust,26609,32670,0.814,19,3,18,3,"Jul, Aug, Sep",,Yes
Q2 (2025/26),A&E,4 hours,South West,REF,Royal Cornwall Hospitals NHS Trust,49486,60862,0.813,20,2,13,3,"Jul, Aug, Sep",,Yes
Q2 (2025/26),A&E,4 hours,Midlands,RL4,The Royal Wolverhampton NHS Trust,47520,58551,0.812,21,2,21,3,"Jul, Aug, Sep",,Yes
Q2 (2025/26),A&E,4 hours,London,RYJ,Imperial College Healthcare NHS Trust,73374.48,90635.32,0.81,22,4,18,3,"Jul, Aug, Sep",,Yes
Q2 (2025/26),A&E,4 hours,Midlands,RXK,Sandwell And West Birmingham Hospitals NHS Trust,57934,71527,0.81,22,3,21,3,"Jul, Aug, Sep",,Yes
Q2 (2025/26),A&E,4 hours,London,RAS,The Hillingdon Hospitals NHS Foundation Trust,30547,37756,0.809,24,5,18,3,"Jul, Aug, Sep",,Yes
Q2 (2025/26),A&E,4 hours,North East,RR7,Gateshead Health NHS Foundation Trust,24136,29919,0.807,25,6,22,3,"Jul, Aug, Sep",,Yes
Q2 (2025/26),A&E,4 hours,South East,RHU,Portsmouth Hospitals University National Health Service Trust,62128,77014,0.807,25,6,17,3,"Jul, Aug, Sep",,Yes
Q2 (2025/26),A&E,4 hours,North East,RXP,County Durham And Darlington NHS Foundation Trust,58073,72569,0.8,27,7,22,3,"Jul, Aug, Sep",,Yes
Q2 (2025/26),A&E,4 hours,Midlands,RNQ,Kettering General Hospital NHS Foundation Trust,43766,54710,0.8,27,4,21,3,"Jul, Aug, Sep",,Yes
Q2 (2025/26),A&E,4 hours,North East,RCD,Harrogate And District NHS Foundation Trust,16149,20209,0.799,29,8,22,3,"Jul, Aug, Sep",,Yes
Q2 (2025/26),A&E,4 hours,London,RJZ,King's College Hospital NHS Foundation Trust,84155.04,106131.06,0.793,30,6,18,3,"Jul, Aug, Sep",,Yes
Q2 (2025/26),A&E,4 hours,North West,RXR,East Lancashire Hospitals NHS Trust,58872,74294,0.792,31,3,19,3,"Jul, Aug, Sep",,Yes
Q2 (2025/26),A&E,4 hours,South East,RHW,Royal Berkshire NHS Foundation Trust,46539.488,58901.176,0.79,32,7,17,3,"Jul, Aug, Sep",,Yes
Q2 (2025/26),A&E,4 hours,East,RWH,East And North Hertfordshire NHS Trust,45305,57458,0.788,33,3,13,3,"Jul, Aug, Sep",,Yes
Q2 (2025/26),A&E,4 hours,South East,RPA,Medway NHS Foundation Trust,47853.83123,60726.61462,0.788,33,8,17,3,"Jul, Aug, Sep",,Yes
Q2 (2025/26),A&E,4 hours,London,RAL,Royal Free London NHS Foundation Trust,97592,124391,0.785,35,7,18,3,"Jul, Aug, Sep",,Yes
Q2 (2025/26),A&E,4 hours,North West,RBN,Mersey and West Lancashire Teaching Hospitals NHS Trust,73311.98742,93510.02356,0.784,36,4,19,3,"Jul, Aug, Sep",,Yes
Q2 (2025/26),A&E,4 hours,North East,RTR,South Tees Hospitals NHS Foundation Trust,45172.5,57653,0.784,36,9,22,3,"Jul, Aug, Sep",,Yes
Q2 (2025/26),A&E,4 hours,South East,RHM,University Hospital Southampton NHS Foundation Trust,50599,64511,0.784,36,9,17,3,"Jul, Aug, Sep",,Yes
Q2 (2025/26),A&E,4 hours,London,RJ7,St George's University Hospitals NHS Foundation Trust,30295,38674,0.783,39,8,18,3,"Jul, Aug, Sep",,Yes
Q2 (2025/26),A&E,4 hours,London,RKE,Whittington Health NHS Trust,26755.54,34160.61,0.783,39,8,18,3,"Jul, Aug, Sep",,Yes
Q2 (2025/26),A&E,4 hours,London,RJ1,Guy's And St Thomas' NHS Foundation Trust,40197,51425,0.782,41,10,18,3,"Jul, Aug, Sep",,Yes
Q2 (2025/26),A&E,4 hours,Midlands,RWE,University Hospitals Of Leicester NHS Trust,94441,120706,0.782,41,5,21,3,"Jul, Aug, Sep",,Yes
Q2 (2025/26),A&E,4 hours,South East,RXC,East Sussex Healthcare NHS Trust,37982,48681,0.78,43,10,17,3,"Jul, Aug, Sep",,Yes
Q2 (2025/26),A&E,4 hours,London,RQM,Chelsea And Westminster Hospital NHS Foundation Trust,60409,77540,0.779,44,11,18,3,"Jul, Aug, Sep",,Yes
Q2 (2025/26),A&E,4 hours,North East,RR8,Leeds Teaching Hospitals NHS Trust,69403,89062,0.779,44,10,22,3,"Jul, Aug, Sep",,Yes
Q2 (2025/26),A&E,4 hours,London,RRV,University College London Hospitals NHS Foundation Trust,39871.98,51159.07,0.779,44,11,18,3,"Jul, Aug, Sep",,Yes
Q2 (2025/26),A&E,4 hours,Midlands,RNA,The Dudley Group NHS Foundation Trust,33554,43125,0.778,47,6,21,3,"Jul, Aug, Sep",,Yes
Q2 (2025/26),A&E,4 hours,Midlands,RFS,Chesterfield Royal Hospital NHS Foundation Trust,41934.34,54005.49,0.776,48,7,21,3,"Jul, Aug, Sep",,Yes
Q2 (2025/26),A&E,4 hours,Midlands,RJC,South Warwickshire University NHS Foundation Trust,20414,26296,0.776,48,7,21,3,"Jul, Aug, Sep",,Yes
Q2 (2025/26),A&E,4 hours,North West,RXL,Blackpool Teaching Hospitals NHS Foundation Trust,46373,59930,0.774,50,5,19,3,"Jul, Aug, Sep",,Yes
Q2 (2025/26),A&E,4 hours,South West,RA7,University Hospitals Bristol and Weston NHS Foundation Trust,56517.4,73035.1,0.774,50,3,13,3,"Jul, Aug, Sep",,Yes
Q2 (2025/26),A&E,4 hours,London,R1K,London North West University Healthcare NHS Trust,69258,89661,0.772,52,13,18,3,"Jul, Aug, Sep",,Yes
Q2 (2025/26),A&E,4 hours,North East,RTD,The Newcastle Upon Tyne Hospitals NHS Foundation Trust,46800,60596,0.772,52,11,22,3,"Jul, Aug, Sep",,Yes
Q2 (2025/26),A&E,4 hours,East,RC9,Bedfordshire Hospitals NHS Foundation Trust,64024,83154,0.77,54,4,13,3,"Jul, Aug, Sep",,Yes
Q2 (2025/26),A&E,4 hours,South East,RXQ,Buckinghamshire Healthcare NHS Trust,34533,45006,0.767,55,11,17,3,"Jul, Aug, Sep",,Yes
Q2 (2025/26),A&E,4 hours,East,RQW,The Princess Alexandra Hospital NHS Trust,27535,35906,0.767,55,5,13,3,"Jul, Aug, Sep",,Yes
Q2 (2025/26),A&E,4 hours,Midlands,RBK,Walsall Healthcare NHS Trust,31744,41389,0.767,55,9,21,3,"Jul, Aug, Sep",,Yes
Q2 (2025/26),A&E,4 hours,East,RAJ,Mid and South Essex NHS Foundation Trust,83074,108535,0.765,58,6,13,3,"Jul, Aug, Sep",,Yes
Q2 (2025/26),A&E,4 hours,South West,RTE,Gloucestershire Hospitals NHS Foundation Trust,53021,69381,0.764,59,4,13,3,"Jul, Aug, Sep",,Yes
Q2 (2025/26),A&E,4 hours,Midlands,RTG,University Hospitals Of Derby And Burton NHS Foundation Trust,87693.66,114800.51,0.764,59,10,21,3,"Jul, Aug, Sep",,Yes
Q2 (2025/26),A&E,4 hours,London,RJ6,Croydon Health Services NHS Trust,41845.5,54929.75,0.762,61,14,18,3,"Jul, Aug, Sep",,Yes
Q2 (2025/26),A&E,4 hours,North West,RRF,"Wrightington, Wigan And Leigh NHS Foundation Trust",28359,37445,0.757,62,6,19,3,"Jul, Aug, Sep",,Yes
Q2 (2025/26),A&E,4 hours,North East,RJL,Northern Lincolnshire And Goole NHS Foundation Trust,42088,55824,0.754,63,12,22,3,"Jul, Aug, Sep",,Yes
Q2 (2025/26),A&E,4 hours,South East,RTK,Ashford And St Peter's Hospitals NHS Foundation Trust,33609,44659,0.753,64,12,17,3,"Jul, Aug, Sep",,Yes
Q2 (2025/26),A&E,4 hours,North East,RFF,Barnsley Hospital NHS Foundation Trust,20680,27591,0.75,65,13,22,3,"Jul, Aug, Sep",,Yes
Q2 (2025/26),A&E,4 hours,Midlands,RLT,George Eliot Hospital NHS Trust,18674,24915,0.75,65,11,21,3,"Jul, Aug, Sep",,Yes
Q2 (2025/26),A&E,4 hours,South East,R1F,Isle Of Wight NHS Trust,14659,19603,0.748,67,13,17,3,"Jul, Aug, Sep",,Yes
Q2 (2025/26),A&E,4 hours,North West,RTX,University Hospitals Of Morecambe Bay NHS Foundation Trust,31920,42690,0.748,67,7,19,3,"Jul, Aug, Sep",,Yes
Q2 (2025/26),A&E,4 hours,London,RVR,Epsom And St Helier University Hospitals NHS Trust,29666,39714,0.747,69,15,18,3,"Jul, Aug, Sep",,Yes
Q2 (2025/26),A&E,4 hours,East,RD8,Milton Keynes University Hospital NHS Foundation Trust,31402,42106,0.746,70,7,13,3,"Jul, Aug, Sep",,Yes
Q2 (2025/26),A&E,4 hours,Midlands,RWD,United Lincolnshire Teaching Hospitals NHS Trust,67490,90491,0.746,70,12,21,3,"Jul, Aug, Sep",,Yes
Q2 (2025/26),A&E,4 hours,Midlands,RKB,University Hospitals Coventry And Warwickshire NHS Trust,43372,58382,0.743,72,13,21,3,"Jul, Aug, Sep",,Yes
Q2 (2025/26),A&E,4 hours,South East,RA2,Royal Surrey County Hospital NHS Foundation Trust,20554,27715,0.742,73,14,17,3,"Jul, Aug, Sep",,Yes
Q2 (2025/26),A&E,4 hours,East,RDE,East Suffolk And North Essex NHS Foundation Trust,58122,78531,0.74,74,8,13,3,"Jul, Aug, Sep",,Yes
Q2 (2025/26),A&E,4 hours,North East,RXF,Mid Yorkshire Teaching NHS Trust,51879,70101,0.74,74,14,22,3,"Jul, Aug, Sep",,Yes
Q2 (2025/26),A&E,4 hours,South West,RH5,Somerset NHS Foundation Trust,49065,66272,0.74,74,5,13,3,"Jul, Aug, Sep",,Yes
Q2 (2025/26),A&E,4 hours,South East,RDU,Frimley Health NHS Foundation Trust,78734,106983,0.736,77,15,17,3,"Jul, Aug, Sep",,Yes
Q2 (2025/26),A&E,4 hours,East,RGT,Cambridge University Hospitals NHS Foundation Trust,37383,50830,0.735,78,9,13,3,"Jul, Aug, Sep",,Yes
Q2 (2025/26),A&E,4 hours,North West,REM,Liverpool University Hospitals NHS Foundation Trust,69434.79975,94561.35675,0.734,79,8,19,3,"Jul, Aug, Sep",,Yes
Q2 (2025/26),A&E,4 hours,London,RAX,Kingston and Richmond NHS Foundation Trust,33358,45530,0.733,80,16,18,3,"Jul, Aug, Sep",,Yes
Q2 (2025/26),A&E,4 hours,North West,RM3,Northern Care Alliance NHS Foundation Trust,80858,111178,0.727,81,9,19,3,"Jul, Aug, Sep",,Yes
Q2 (2025/26),A&E,4 hours,East,RGR,West Suffolk NHS Foundation Trust,19194,26410,0.727,81,10,13,3,"Jul, Aug, Sep",,Yes
Q2 (2025/26),A&E,4 hours,South West,RVJ,North Bristol NHS Trust,26480.6,36541.9,0.725,83,6,13,3,"Jul, Aug, Sep",,Yes
Q2 (2025/26),A&E,4 hours,London,R1H,Barts Health NHS Trust,95414,131729,0.724,84,17,18,3,"Jul, Aug, Sep",,Yes
Q2 (2025/26),A&E,4 hours,North West,R0A,Manchester University NHS Foundation Trust,95565,131967,0.724,84,10,19,3,"Jul, Aug, Sep",,Yes
Q2 (2025/26),A&E,4 hours,North East,RP5,Doncaster And Bassetlaw Teaching Hospitals NHS Foundation Trust,39401,54591,0.722,86,15,22,3,"Jul, Aug, Sep",,Yes
Q2 (2025/26),A&E,4 hours,East,RGN,North West Anglia NHS Foundation Trust,43846,60746,0.722,86,11,13,3,"Jul, Aug, Sep",,Yes
Q2 (2025/26),A&E,4 hours,North East,R0B,South Tyneside and Sunderland NHS Foundation Trust,43620,60486,0.721,88,16,22,3,"Jul, Aug, Sep",,Yes
Q2 (2025/26),A&E,4 hours,North West,RBL,Wirral University Teaching Hospital NHS Foundation Trust,36581,50707,0.721,88,11,19,3,"Jul, Aug, Sep",,Yes
Q2 (2025/26),A&E,4 hours,South West,RA9,Torbay And South Devon NHS Foundation Trust,23819,33059,0.72,90,7,13,3,"Jul, Aug, Sep",,Yes
Q2 (2025/26),A&E,4 hours,South West,RNZ,Salisbury NHS Foundation Trust,15299,21291,0.719,91,8,13,3,"Jul, Aug, Sep",,Yes
Q2 (2025/26),A&E,4 hours,North East,RCB,York And Scarborough Teaching Hospitals NHS Foundation Trust,46149.5,64268,0.718,92,17,22,3,"Jul, Aug, Sep",,Yes
Q2 (2025/26),A&E,4 hours,North East,RHQ,Sheffield Teaching Hospitals NHS Foundation Trust,39944,55890,0.715,93,18,22,3,"Jul, Aug, Sep",,Yes
Q2 (2025/26),A&E,4 hours,Midlands,RRK,University Hospitals Birmingham NHS Foundation Trust,101606.029,142394.029,0.714,94,14,21,3,"Jul, Aug, Sep",,Yes
Q2 (2025/26),A&E,4 hours,South West,R0D,University Hospitals Dorset NHS Foundation Trust,42218,59198,0.713,95,9,13,3,"Jul, Aug, Sep",,Yes
Q2 (2025/26),A&E,4 hours,South West,RN3,Great Western Hospitals NHS Foundation Trust,26666.8,37454,0.712,96,10,13,3,"Jul, Aug, Sep",,Yes
Q2 (2025/26),A&E,4 hours,North East,RFR,The Rotherham NHS Foundation Trust,19100,26834,0.712,96,19,22,3,"Jul, Aug, Sep",,Yes
Q2 (2025/26),A&E,4 hours,South West,RH8,Royal Devon University Healthcare NHS Foundation Trust,45238,63942,0.707,98,11,13,3,"Jul, Aug, Sep",,Yes
Q2 (2025/26),A&E,4 hours,South West,RK9,University Hospitals Plymouth NHS Trust,33239,47081,0.706,99,12,13,3,"Jul, Aug, Sep",,Yes
Q2 (2025/26),A&E,4 hours,South East,RYR,University Hospitals Sussex NHS Foundation Trust,79514.53572,112647.1947,0.706,99,16,17,3,"Jul, Aug, Sep",,Yes
Q2 (2025/26),A&E,4 hours,London,RJ2,Lewisham And Greenwich NHS Trust,54964.46,78085.19,0.704,101,18,18,3,"Jul, Aug, Sep",,Yes
Q2 (2025/26),A&E,4 hours,North West,RXN,Lancashire Teaching Hospitals NHS Foundation Trust,32684,46643,0.701,102,12,19,3,"Jul, Aug, Sep",,Yes
Q2 (2025/26),A&E,4 hours,Midlands,RK5,Sherwood Forest Hospitals NHS Foundation Trust,35593,50989,0.698,103,15,21,3,"Jul, Aug, Sep",,Yes
Q2 (2025/26),A&E,4 hours,North East,RWA,Hull University Teaching Hospitals NHS Trust,42874,61568,0.696,104,20,22,3,"Jul, Aug, Sep",,Yes
Q2 (2025/26),A&E,4 hours,South West,RD1,Royal United Hospitals Bath NHS Foundation Trust,24378.2,35029,0.696,104,13,13,3,"Jul, Aug, Sep",,Yes
Q2 (2025/26),A&E,4 hours,Midlands,RJE,University Hospitals Of North Midlands NHS Trust,51577,74374,0.693,106,16,21,3,"Jul, Aug, Sep",,Yes
Q2 (2025/26),A&E,4 hours,South East,RN5,Hampshire Hospitals NHS Foundation Trust,29729,43233,0.688,107,17,17,3,"Jul, Aug, Sep",,Yes
Q2 (2025/26),A&E,4 hours,North East,RCF,Airedale NHS Foundation Trust,14229,20754,0.686,108,21,22,3,"Jul, Aug, Sep",,Yes
Q2 (2025/26),A&E,4 hours,East,RGP,James Paget University Hospitals NHS Foundation Trust,18602,27167,0.685,109,12,13,3,"Jul, Aug, Sep",,Yes
Q2 (2025/26),A&E,4 hours,North West,RWJ,Stockport NHS Foundation Trust,21911,32013,0.684,110,13,19,3,"Jul, Aug, Sep",,Yes
Q2 (2025/26),A&E,4 hours,Midlands,RLQ,Wye Valley NHS Trust,15061,22181,0.679,111,17,21,3,"Jul, Aug, Sep",,Yes
Q2 (2025/26),A&E,4 hours,North West,RWW,Warrington And Halton Teaching  Hospitals NHS Foundation Trust,24020.5,35435,0.678,112,14,19,3,"Jul, Aug, Sep",,Yes
Q2 (2025/26),A&E,4 hours,North East,RNN,North Cumbria Integrated Care NHS Foundation Trust,23188,34923,0.664,113,22,22,3,"Jul, Aug, Sep",,Yes
Q2 (2025/26),A&E,4 hours,Midlands,RX1,Nottingham University Hospitals NHS Trust,47036,71891,0.654,114,18,21,3,"Jul, Aug, Sep",,Yes
Q2 (2025/26),A&E,4 hours,North West,RMC,Bolton NHS Foundation Trust,23193,35674,0.65,115,15,19,3,"Jul, Aug, Sep",,Yes
Q2 (2025/26),A&E,4 hours,North West,RMP,Tameside And Glossop Integrated Care NHS Foundation Trust,22110,34087,0.649,116,16,19,3,"Jul, Aug, Sep",,Yes
Q2 (2025/26),A&E,4 hours,Midlands,RWP,Worcestershire Acute Hospitals NHS Trust,39139,60494,0.647,117,19,21,3,"Jul, Aug, Sep",,Yes
Q2 (2025/26),A&E,4 hours,Midlands,RNS,Northampton General Hospital NHS Trust,24253,38365,0.632,118,20,21,3,"Jul, Aug, Sep",,Yes
Q2 (2025/26),A&E,4 hours,North West,RJR,Countess Of Chester Hospital NHS Foundation Trust,14556,23168,0.628,119,17,19,3,"Jul, Aug, Sep",,Yes
Q2 (2025/26),A&E,4 hours,Midlands,RXW,The Shrewsbury And Telford Hospital NHS Trust,31355,50192,0.625,120,21,21,3,"Jul, Aug, Sep",,Yes
Q2 (2025/26),A&E,4 hours,East,RCX,"The Queen Elizabeth Hospital, King's Lynn, NHS Foundation Trust",14405,23889,0.603,121,13,13,3,"Jul, Aug, Sep",,Yes
Q2 (2025/26),A&E,4 hours,North West,RBT,Mid Cheshire Hospitals NHS Foundation Trust,17435,30326,0.575,122,18,19,3,"Jul, Aug, Sep",,Yes
Q2 (2025/26),A&E,4 hours,North West,RJN,East Cheshire NHS Trust,6136,13666,0.449,123,19,19,3,"Jul, Aug, Sep",,Yes
Q2 (2025/26),A&E,>12 hours,Midlands,RQ3,Birmingham Women's and Children's NHS Foundation Trust,0,0,,1,1,21,3,"Jul, Aug, Sep",,Yes
Q2 (2025/26),A&E,>12 hours,North East,R0B,South Tyneside and Sunderland NHS Foundation Trust,0,0,,1,1,22,3,"Jul, Aug, Sep",,Yes
Q2 (2025/26),A&E,>12 hours,North West,RBS,Alder Hey Children's NHS Foundation Trust,0,14985,0,3,1,19,3,"Jul, Aug, Sep",,Yes
Q2 (2025/26),A&E,>12 hours,North West,REP,Liverpool Women's NHS Foundation Trust,0,2965,0,3,1,19,3,"Jul, Aug, Sep",,Yes
Q2 (2025/26),A&E,>12 hours,London,RP6,Moorfields Eye Hospital NHS Foundation Trust,0,17560,0,3,1,18,3,"Jul, Aug, Sep",,Yes
Q2 (2025/26),A&E,>12 hours,North East,RCU,Sheffield Children's NHS Foundation Trust,0,13655,0,3,2,22,3,"Jul, Aug, Sep",,Yes
Q2 (2025/26),A&E,>12 hours,North East,RTF,Northumbria Healthcare NHS Foundation Trust,70,30585,0.002,7,3,22,3,"Jul, Aug, Sep",,Yes
Q2 (2025/26),A&E,>12 hours,North East,RR7,Gateshead Health NHS Foundation Trust,95,17870,0.005,8,4,22,3,"Jul, Aug, Sep",,Yes
Q2 (2025/26),A&E,>12 hours,North East,RCD,Harrogate and District NHS Foundation Trust,90,15690,0.006,9,5,22,3,"Jul, Aug, Sep",,Yes
Q2 (2025/26),A&E,>12 hours,London,RQX,Homerton University Hospital NHS Foundation Trust,225,32580,0.007,10,2,18,3,"Jul, Aug, Sep",,Yes
Q2 (2025/26),A&E,>12 hours,North East,RFF,Barnsley Hospital NHS Foundation Trust,230,27620,0.008,11,6,22,3,"Jul, Aug, Sep",,Yes
Q2 (2025/26),A&E,>12 hours,South East,RTH,Oxford University Hospitals NHS Foundation Trust,380,41420,0.009,12,1,17,3,"Jul, Aug, Sep",,Yes
Q2 (2025/26),A&E,>12 hours,North East,RFR,The Rotherham NHS Foundation Trust,340,26835,0.013,13,7,22,3,"Jul, Aug, Sep",,Yes
Q2 (2025/26),A&E,>12 hours,London,RJ1,Guy's and St Thomas' NHS Foundation Trust,425,30670,0.014,14,3,18,3,"Jul, Aug, Sep",,Yes
Q2 (2025/26),A&E,>12 hours,North East,RVW,North Tees and Hartlepool NHS Foundation Trust,140,9800,0.014,14,8,22,3,"Jul, Aug, Sep",,Yes
Q2 (2025/26),A&E,>12 hours,North East,RTD,The Newcastle Upon Tyne Hospitals NHS Foundation Trust,840,44925,0.019,16,9,22,3,"Jul, Aug, Sep",,Yes
Q2 (2025/26),A&E,>12 hours,North East,RWY,Calderdale and Huddersfield NHS Foundation Trust,1120,48305,0.023,17,10,22,3,"Jul, Aug, Sep",,Yes
Q2 (2025/26),A&E,>12 hours,Midlands,RJC,South Warwickshire NHS Foundation Trust,580,24935,0.023,17,2,21,3,"Jul, Aug, Sep",,Yes
Q2 (2025/26),A&E,>12 hours,South East,RHM,University Hospital Southampton NHS Foundation Trust,915,39790,0.023,17,2,17,3,"Jul, Aug, Sep",,Yes
Q2 (2025/26),A&E,>12 hours,South West,RH5,Somerset NHS Foundation Trust,1025,38550,0.027,20,1,13,3,"Jul, Aug, Sep",,Yes
Q2 (2025/26),A&E,>12 hours,South West,RA7,University Hospitals Bristol and Weston NHS Foundation Trust,1535,53410,0.029,21,2,13,3,"Jul, Aug, Sep",,Yes
Q2 (2025/26),A&E,>12 hours,London,RRV,University College London Hospitals NHS Foundation Trust,1230,40665,0.03,22,4,18,3,"Jul, Aug, Sep",,Yes
Q2 (2025/26),A&E,>12 hours,South East,RN5,Hampshire Hospitals NHS Foundation Trust,1015,32335,0.031,23,3,17,3,"Jul, Aug, Sep",,Yes
Q2 (2025/26),A&E,>12 hours,South East,RHW,Royal Berkshire NHS Foundation Trust,1415,45580,0.031,23,3,17,3,"Jul, Aug, Sep",,Yes
Q2 (2025/26),A&E,>12 hours,North East,RP5,Doncaster and Bassetlaw Teaching Hospitals NHS Foundation Trust,1680,48695,0.035,25,11,22,3,"Jul, Aug, Sep",,Yes
Q2 (2025/26),A&E,>12 hours,East,RC9,Bedfordshire Hospitals NHS Foundation Trust,1795,50090,0.036,26,1,13,3,"Jul, Aug, Sep",,Yes
Q2 (2025/26),A&E,>12 hours,South West,RH8,Royal Devon University Healthcare NHS Foundation Trust,1780,43825,0.041,27,3,13,3,"Jul, Aug, Sep",,Yes
Q2 (2025/26),A&E,>12 hours,North West,R0A,Manchester University NHS Foundation Trust,4170,98235,0.042,28,3,19,3,"Jul, Aug, Sep",,Yes
Q2 (2025/26),A&E,>12 hours,East,RM1,Norfolk and Norwich University Hospitals NHS Foundation Trust,1615,38705,0.042,28,2,13,3,"Jul, Aug, Sep",,Yes
Q2 (2025/26),A&E,>12 hours,South West,R0D,University Hospitals Dorset NHS Foundation Trust,2065,48875,0.042,28,4,13,3,"Jul, Aug, Sep",,Yes
Q2 (2025/26),A&E,>12 hours,North East,RTR,South Tees Hospitals NHS Foundation Trust,945,21690,0.044,31,12,22,3,"Jul, Aug, Sep",,Yes
Q2 (2025/26),A&E,>12 hours,North East,RCF,Airedale NHS Foundation Trust,970,20030,0.048,32,13,22,3,"Jul, Aug, Sep",,Yes
Q2 (2025/26),A&E,>12 hours,London,RQM,Chelsea and Westminster Hospital NHS Foundation Trust,1810,36400,0.05,33,5,18,3,"Jul, Aug, Sep",,Yes
Q2 (2025/26),A&E,>12 hours,Midlands,RK5,Sherwood Forest Hospitals NHS Foundation Trust,1560,31220,0.05,33,3,21,3,"Jul, Aug, Sep",,Yes
Q2 (2025/26),A&E,>12 hours,East,RD8,Milton Keynes University Hospital NHS Foundation Trust,1405,26735,0.053,35,3,13,3,"Jul, Aug, Sep",,Yes
Q2 (2025/26),A&E,>12 hours,South East,RA2,Royal Surrey County Hospital NHS Foundation Trust,1235,22345,0.055,36,5,17,3,"Jul, Aug, Sep",,Yes
Q2 (2025/26),A&E,>12 hours,Midlands,RXK,Sandwell and West Birmingham Hospitals NHS Trust,2285,41710,0.055,36,4,21,3,"Jul, Aug, Sep",,Yes
Q2 (2025/26),A&E,>12 hours,Midlands,RBK,Walsall Healthcare NHS Trust,1545,28240,0.055,36,4,21,3,"Jul, Aug, Sep",,Yes
Q2 (2025/26),A&E,>12 hours,Midlands,RFS,Chesterfield Royal Hospital NHS Foundation Trust,1310,21990,0.06,39,6,21,3,"Jul, Aug, Sep",,Yes
Q2 (2025/26),A&E,>12 hours,North East,RR8,Leeds Teaching Hospitals NHS Trust,3470,58000,0.06,39,14,22,3,"Jul, Aug, Sep",,Yes
Q2 (2025/26),A&E,>12 hours,East,RGR,West Suffolk NHS Foundation Trust,1450,24220,0.06,39,4,13,3,"Jul, Aug, Sep",,Yes
Q2 (2025/26),A&E,>12 hours,North East,RXF,Mid Yorkshire Hospitals NHS Trust,3075,50165,0.061,42,15,22,3,"Jul, Aug, Sep",,Yes
Q2 (2025/26),A&E,>12 hours,East,RWG,West Hertfordshire Hospitals Teaching NHS Trust,1500,24085,0.062,43,5,13,3,"Jul, Aug, Sep",,Yes
Q2 (2025/26),A&E,>12 hours,South East,RN7,Dartford and Gravesham NHS Trust,2070,33100,0.063,44,6,17,3,"Jul, Aug, Sep",,Yes
Q2 (2025/26),A&E,>12 hours,South West,RVJ,North Bristol NHS Trust,1830,27845,0.066,45,5,13,3,"Jul, Aug, Sep",,Yes
Q2 (2025/26),A&E,>12 hours,North East,RAE,Bradford Teaching Hospitals NHS Foundation Trust,1825,27285,0.067,46,16,22,3,"Jul, Aug, Sep",,Yes
Q2 (2025/26),A&E,>12 hours,South East,RWF,Maidstone and Tunbridge Wells NHS Trust,3445,50485,0.068,47,7,17,3,"Jul, Aug, Sep",,Yes
Q2 (2025/26),A&E,>12 hours,North East,RXP,County Durham and Darlington NHS Foundation Trust,1955,28265,0.069,48,17,22,3,"Jul, Aug, Sep",,Yes
Q2 (2025/26),A&E,>12 hours,South West,RNZ,Salisbury NHS Foundation Trust,1030,14935,0.069,48,6,13,3,"Jul, Aug, Sep",,Yes
Q2 (2025/26),A&E,>12 hours,London,RYJ,Imperial College Healthcare NHS Trust,3405,48525,0.07,50,6,18,3,"Jul, Aug, Sep",,Yes
Q2 (2025/26),A&E,>12 hours,East,RAJ,Mid and South Essex NHS Foundation Trust,7200,102895,0.07,50,6,13,3,"Jul, Aug, Sep",,Yes
Q2 (2025/26),A&E,>12 hours,East,RWH,East and North Hertfordshire NHS Trust,1210,17070,0.071,52,7,13,3,"Jul, Aug, Sep",,Yes
Q2 (2025/26),A&E,>12 hours,South East,RXC,East Sussex Healthcare NHS Trust,2350,32925,0.071,52,8,17,3,"Jul, Aug, Sep",,Yes
Q2 (2025/26),A&E,>12 hours,East,RGP,James Paget University Hospitals NHS Foundation Trust,1635,22880,0.071,52,7,13,3,"Jul, Aug, Sep",,Yes
Q2 (2025/26),A&E,>12 hours,North East,RHQ,Sheffield Teaching Hospitals NHS Foundation Trust,2560,36265,0.071,52,18,22,3,"Jul, Aug, Sep",,Yes
Q2 (2025/26),A&E,>12 hours,South East,RXQ,Buckinghamshire Healthcare NHS Trust,2385,32255,0.074,56,9,17,3,"Jul, Aug, Sep",,Yes
Q2 (2025/26),A&E,>12 hours,South West,RA9,Torbay and South Devon NHS Foundation Trust,1625,22030,0.074,56,7,13,3,"Jul, Aug, Sep",,Yes
Q2 (2025/26),A&E,>12 hours,London,RAS,The Hillingdon Hospitals NHS Foundation Trust,1260,16495,0.076,58,7,18,3,"Jul, Aug, Sep",,Yes
Q2 (2025/26),A&E,>12 hours,North West,RTX,University Hospitals of Morecambe Bay NHS Foundation Trust,2190,28210,0.078,59,4,19,3,"Jul, Aug, Sep",,Yes
Q2 (2025/26),A&E,>12 hours,South East,RDU,Frimley Health NHS Foundation Trust,5850,72510,0.081,60,10,17,3,"Jul, Aug, Sep",,Yes
Q2 (2025/26),A&E,>12 hours,London,RKE,Whittington Health NHS Trust,1655,20140,0.082,61,8,18,3,"Jul, Aug, Sep",,Yes
Q2 (2025/26),A&E,>12 hours,South West,RD1,Royal United Hospitals Bath NHS Foundation Trust,2235,26375,0.085,62,8,13,3,"Jul, Aug, Sep",,Yes
Q2 (2025/26),A&E,>12 hours,South West,RBD,Dorset County Hospital NHS Foundation Trust,1405,16375,0.086,63,9,13,3,"Jul, Aug, Sep",,Yes
Q2 (2025/26),A&E,>12 hours,South East,R1F,Isle of Wight NHS Trust,1495,17305,0.086,63,11,17,3,"Jul, Aug, Sep",,Yes
Q2 (2025/26),A&E,>12 hours,North East,RNN,North Cumbria Integrated Care NHS Foundation Trust,2370,27185,0.087,65,19,22,3,"Jul, Aug, Sep",,Yes
Q2 (2025/26),A&E,>12 hours,Midlands,RNA,The Dudley Group NHS Foundation Trust,2695,29800,0.09,66,7,21,3,"Jul, Aug, Sep",,Yes
Q2 (2025/26),A&E,>12 hours,South East,RYR,University Hospitals Sussex NHS Foundation Trust,6225,68390,0.091,67,12,17,3,"Jul, Aug, Sep",,Yes
Q2 (2025/26),A&E,>12 hours,South West,RTE,Gloucestershire Hospitals NHS Foundation Trust,3915,41890,0.093,68,10,13,3,"Jul, Aug, Sep",,Yes
Q2 (2025/26),A&E,>12 hours,North West,RM3,Northern Care Alliance NHS Foundation Trust,8685,90140,0.096,69,5,19,3,"Jul, Aug, Sep",,Yes
Q2 (2025/26),A&E,>12 hours,North West,RMC,Bolton NHS Foundation Trust,2355,23940,0.098,70,6,19,3,"Jul, Aug, Sep",,Yes
Q2 (2025/26),A&E,>12 hours,Midlands,RL4,The Royal Wolverhampton NHS Trust,2665,27090,0.098,70,8,21,3,"Jul, Aug, Sep",,Yes
Q2 (2025/26),A&E,>12 hours,East,RGT,Cambridge University Hospitals NHS Foundation Trust,3340,32930,0.101,72,9,13,3,"Jul, Aug, Sep",,Yes
Q2 (2025/26),A&E,>12 hours,Midlands,RKB,University Hospitals Coventry and Warwickshire NHS Trust,4185,41485,0.101,72,9,21,3,"Jul, Aug, Sep",,Yes
Q2 (2025/26),A&E,>12 hours,Midlands,RWE,University Hospitals of Leicester NHS Trust,7090,69755,0.102,74,10,21,3,"Jul, Aug, Sep",,Yes
Q2 (2025/26),A&E,>12 hours,South West,REF,Royal Cornwall Hospitals NHS Trust,2225,21585,0.103,75,11,13,3,"Jul, Aug, Sep",,Yes
Q2 (2025/26),A&E,>12 hours,East,RQW,The Princess Alexandra Hospital NHS Trust,3060,29725,0.103,75,10,13,3,"Jul, Aug, Sep",,Yes
Q2 (2025/26),A&E,>12 hours,North West,RWJ,Stockport NHS Foundation Trust,2585,24925,0.104,77,7,19,3,"Jul, Aug, Sep",,Yes
Q2 (2025/26),A&E,>12 hours,Midlands,RNQ,Kettering General Hospital NHS Foundation Trust,3245,30430,0.107,78,11,21,3,"Jul, Aug, Sep",,Yes
Q2 (2025/26),A&E,>12 hours,East,RGN,North West Anglia NHS Foundation Trust,5135,47130,0.109,79,11,13,3,"Jul, Aug, Sep",,Yes
Q2 (2025/26),A&E,>12 hours,London,RJZ,King's College Hospital NHS Foundation Trust,3415,30680,0.111,80,9,18,3,"Jul, Aug, Sep",,Yes
Q2 (2025/26),A&E,>12 hours,Midlands,RTG,University Hospitals of Derby and Burton NHS Foundation Trust,7600,68480,0.111,80,12,21,3,"Jul, Aug, Sep",,Yes
Q2 (2025/26),A&E,>12 hours,Midlands,RLQ,Wye Valley NHS Trust,2045,18275,0.112,82,13,21,3,"Jul, Aug, Sep",,Yes
Q2 (2025/26),A&E,>12 hours,London,R1K,London North West University Healthcare NHS Trust,5630,49910,0.113,83,10,18,3,"Jul, Aug, Sep",,Yes
Q2 (2025/26),A&E,>12 hours,London,RJ7,St George's University Hospitals NHS Foundation Trust,2955,25900,0.114,84,11,18,3,"Jul, Aug, Sep",,Yes
Q2 (2025/26),A&E,>12 hours,London,RJ6,Croydon Health Services NHS Trust,4385,37875,0.116,85,12,18,3,"Jul, Aug, Sep",,Yes
Q2 (2025/26),A&E,>12 hours,East,RDE,East Suffolk and North Essex NHS Foundation Trust,4970,42890,0.116,85,12,13,3,"Jul, Aug, Sep",,Yes
Q2 (2025/26),A&E,>12 hours,South East,RPA,Medway NHS Foundation Trust,3530,30185,0.117,87,13,17,3,"Jul, Aug, Sep",,Yes
Q2 (2025/26),A&E,>12 hours,North West,RMP,Tameside and Glossop Integrated Care NHS Foundation Trust,3110,26550,0.117,87,8,19,3,"Jul, Aug, Sep",,Yes
Q2 (2025/26),A&E,>12 hours,North East,RWA,Hull University Teaching Hospitals NHS Trust,3635,30875,0.118,89,20,22,3,"Jul, Aug, Sep",,Yes
Q2 (2025/26),A&E,>12 hours,South West,RN3,Great Western Hospitals NHS Foundation Trust,2110,17570,0.12,90,12,13,3,"Jul, Aug, Sep",,Yes
Q2 (2025/26),A&E,>12 hours,Midlands,RX1,Nottingham University Hospitals NHS Trust,6710,54975,0.122,91,14,21,3,"Jul, Aug, Sep",,Yes
Q2 (2025/26),A&E,>12 hours,London,RJ2,Lewisham and Greenwich NHS Trust,5540,44580,0.124,92,13,18,3,"Jul, Aug, Sep",,Yes
Q2 (2025/26),A&E,>12 hours,Midlands,RJE,University Hospitals of North Midlands NHS Trust,5805,46390,0.125,93,15,21,3,"Jul, Aug, Sep",,Yes
Q2 (2025/26),A&E,>12 hours,Midlands,RLT,George Eliot Hospital NHS Trust,2550,20080,0.127,94,16,21,3,"Jul, Aug, Sep",,Yes
Q2 (2025/26),A&E,>12 hours,South East,RTP,Surrey and Sussex Healthcare NHS Trust,2635,20660,0.128,95,14,17,3,"Jul, Aug, Sep",,Yes
Q2 (2025/26),A&E,>12 hours,North East,RCB,York and Scarborough Teaching Hospitals NHS Foundation Trust,2840,21800,0.13,96,21,22,3,"Jul, Aug, Sep",,Yes
Q2 (2025/26),A&E,>12 hours,London,RAL,Royal Free London NHS Foundation Trust,10295,77385,0.133,97,14,18,3,"Jul, Aug, Sep",,Yes
Q2 (2025/26),A&E,>12 hours,London,R1H,Barts Health NHS Trust,10245,76315,0.134,98,15,18,3,"Jul, Aug, Sep",,Yes
Q2 (2025/26),A&E,>12 hours,Midlands,RNS,Northampton General Hospital NHS Trust,5145,37855,0.136,99,17,21,3,"Jul, Aug, Sep",,Yes
Q2 (2025/26),A&E,>12 hours,South East,RHU,Portsmouth Hospitals University National Health Service Trust,5480,40285,0.136,99,15,17,3,"Jul, Aug, Sep",,Yes
Q2 (2025/26),A&E,>12 hours,Midlands,RWD,United Lincolnshire Hospitals NHS Trust,5975,43970,0.136,99,17,21,3,"Jul, Aug, Sep",,Yes
Q2 (2025/26),A&E,>12 hours,Midlands,RRK,University Hospitals Birmingham NHS Foundation Trust,14240,104835,0.136,99,17,21,3,"Jul, Aug, Sep",,Yes
Q2 (2025/26),A&E,>12 hours,South West,RK9,University Hospitals Plymouth NHS Trust,3870,27650,0.14,103,13,13,3,"Jul, Aug, Sep",,Yes
Q2 (2025/26),A&E,>12 hours,South East,RTK,Ashford and St Peter's Hospitals NHS Foundation Trust,3010,21305,0.141,104,16,17,3,"Jul, Aug, Sep",,Yes
Q2 (2025/26),A&E,>12 hours,North West,RXN,Lancashire Teaching Hospitals NHS Foundation Trust,5150,36615,0.141,104,9,19,3,"Jul, Aug, Sep",,Yes
Q2 (2025/26),A&E,>12 hours,North West,REM,Liverpool University Hospitals NHS Foundation Trust,7815,55275,0.141,104,9,19,3,"Jul, Aug, Sep",,Yes
Q2 (2025/26),A&E,>12 hours,North East,RJL,Northern Lincolnshire and Goole NHS Foundation Trust,4065,28120,0.145,107,22,22,3,"Jul, Aug, Sep",,Yes
Q2 (2025/26),A&E,>12 hours,North West,RXR,East Lancashire Hospitals NHS Trust,6030,40975,0.147,108,11,19,3,"Jul, Aug, Sep",,Yes
Q2 (2025/26),A&E,>12 hours,London,RVR,Epsom and St Helier University Hospitals NHS Trust,4940,33360,0.148,109,16,18,3,"Jul, Aug, Sep",,Yes
Q2 (2025/26),A&E,>12 hours,London,RF4,"Barking, Havering and Redbridge University Hospitals NHS Trust",6510,43750,0.149,110,17,18,3,"Jul, Aug, Sep",,Yes
Q2 (2025/26),A&E,>12 hours,Midlands,RWP,Worcestershire Acute Hospitals NHS Trust,6280,42085,0.149,110,20,21,3,"Jul, Aug, Sep",,Yes
Q2 (2025/26),A&E,>12 hours,London,RAX,Kingston Hospital NHS Foundation Trust,3220,20265,0.159,112,18,18,3,"Jul, Aug, Sep",,Yes
Q2 (2025/26),A&E,>12 hours,East,RCX,"The Queen Elizabeth Hospital, King's Lynn, NHS Foundation Trust",3305,20275,0.163,113,13,13,3,"Jul, Aug, Sep",,Yes
Q2 (2025/26),A&E,>12 hours,North West,RRF,"Wrightington, Wigan and Leigh NHS Foundation Trust",3645,22040,0.165,114,12,19,3,"Jul, Aug, Sep",,Yes
Q2 (2025/26),A&E,>12 hours,North West,RBN,Mersey and West Lancashire Teaching Hospitals NHS Trust,9495,52920,0.179,115,13,19,3,"Jul, Aug, Sep",,Yes
Q2 (2025/26),A&E,>12 hours,North West,RBT,Mid Cheshire Hospitals NHS Foundation Trust,4540,23830,0.191,116,14,19,3,"Jul, Aug, Sep",,Yes
Q2 (2025/26),A&E,>12 hours,North West,RJN,East Cheshire NHS Trust,1715,8790,0.195,117,15,19,3,"Jul, Aug, Sep",,Yes
Q2 (2025/26),A&E,>12 hours,North West,RJR,Countess of Chester Hospital NHS Foundation Trust,3175,15985,0.199,118,16,19,3,"Jul, Aug, Sep",,Yes
Q2 (2025/26),A&E,>12 hours,Midlands,RXW,The Shrewsbury and Telford Hospital NHS Trust,4840,22480,0.215,119,21,21,3,"Jul, Aug, Sep",,Yes
Q2 (2025/26),A&E,>12 hours,South East,RVV,East Kent Hospitals University NHS Foundation Trust,8045,37330,0.216,120,17,17,3,"Jul, Aug, Sep",,Yes
Q2 (2025/26),A&E,>12 hours,North West,RBL,Wirral University Teaching Hospital NHS Foundation Trust,5230,23850,0.219,121,17,19,3,"Jul, Aug, Sep",,Yes
Q2 (2025/26),A&E,>12 hours,North West,RWW,Warrington and Halton Teaching Hospitals NHS Foundation Trust,4760,21660,0.22,122,18,19,3,"Jul, Aug, Sep",,Yes
Q2 (2025/26),A&E,>12 hours,North West,RXL,Blackpool Teaching Hospitals NHS Foundation Trust,4870,20745,0.235,123,19,19,3,"Jul, Aug, Sep",,Yes
Q2 (2025/26),Cancer,28 Days FDS,Midlands,RBK,WALSALL HEALTHCARE NHS TRUST,1704,1953,0.873,1,1,20,2,"Jul, Aug",Sep,No
Q2 (2025/26),Cancer,28 Days FDS,East,RWG,WEST HERTFORDSHIRE TEACHING HOSPITALS NHS TRUST,3180,3654,0.87,2,1,13,2,"Jul, Aug",Sep,No
Q2 (2025/26),Cancer,28 Days FDS,London,RAX,KINGSTON AND RICHMOND NHS FOUNDATION TRUST,3578,4116,0.869,3,1,17,2,"Jul, Aug",Sep,No
Q2 (2025/26),Cancer,28 Days FDS,North West,RMC,BOLTON NHS FOUNDATION TRUST,3162,3672,0.861,4,1,17,2,"Jul, Aug",Sep,No
Q2 (2025/26),Cancer,28 Days FDS,South East,RA2,ROYAL SURREY COUNTY HOSPITAL NHS FOUNDATION TRUST,1803,2120,0.85,5,1,17,2,"Jul, Aug",Sep,No
Q2 (2025/26),Cancer,28 Days FDS,South East,R1F,ISLE OF WIGHT NHS TRUST,962,1137,0.846,6,2,17,2,"Jul, Aug",Sep,No
Q2 (2025/26),Cancer,28 Days FDS,Midlands,RNA,THE DUDLEY GROUP NHS FOUNDATION TRUST,3231,3817,0.846,6,2,20,2,"Jul, Aug",Sep,No
Q2 (2025/26),Cancer,28 Days FDS,North East,RCD,HARROGATE AND DISTRICT NHS FOUNDATION TRUST,2515,2978,0.845,8,1,21,2,"Jul, Aug",Sep,No
Q2 (2025/26),Cancer,28 Days FDS,North East,RTF,NORTHUMBRIA HEALTHCARE NHS FOUNDATION TRUST,3164,3752,0.843,9,2,21,2,"Jul, Aug",Sep,No
Q2 (2025/26),Cancer,28 Days FDS,London,RRV,UNIVERSITY COLLEGE LONDON HOSPITALS NHS FOUNDATION TRUST,3365,3995,0.842,10,2,17,2,"Jul, Aug",Sep,No
Q2 (2025/26),Cancer,28 Days FDS,South East,RXC,EAST SUSSEX HEALTHCARE NHS TRUST,4869,5849,0.832,11,3,17,2,"Jul, Aug",Sep,No
Q2 (2025/26),Cancer,28 Days FDS,North West,RMP,TAMESIDE AND GLOSSOP INTEGRATED CARE NHS FOUNDATION TRUST,1985,2397,0.828,12,2,17,2,"Jul, Aug",Sep,No
Q2 (2025/26),Cancer,28 Days FDS,Midlands,RK5,SHERWOOD FOREST HOSPITALS NHS FOUNDATION TRUST,2768,3346,0.827,13,3,20,2,"Jul, Aug",Sep,No
Q2 (2025/26),Cancer,28 Days FDS,North East,RFF,BARNSLEY HOSPITAL NHS FOUNDATION TRUST,1902,2304,0.826,14,3,21,2,"Jul, Aug",Sep,No
Q2 (2025/26),Cancer,28 Days FDS,London,RJ1,GUY'S AND ST THOMAS' NHS FOUNDATION TRUST,4607,5592,0.824,15,3,17,2,"Jul, Aug",Sep,No
Q2 (2025/26),Cancer,28 Days FDS,South West,RH8,ROYAL DEVON UNIVERSITY HEALTHCARE NHS FOUNDATION TRUST,6811,8264,0.824,15,1,13,2,"Jul, Aug",Sep,No
Q2 (2025/26),Cancer,28 Days FDS,South West,RTE,GLOUCESTERSHIRE HOSPITALS NHS FOUNDATION TRUST,4418,5369,0.823,17,2,13,2,"Jul, Aug",Sep,No
Q2 (2025/26),Cancer,28 Days FDS,North East,RXF,MID YORKSHIRE TEACHING NHS TRUST,4081,4966,0.822,18,4,21,2,"Jul, Aug",Sep,No
Q2 (2025/26),Cancer,28 Days FDS,London,RQX,HOMERTON HEALTHCARE NHS FOUNDATION TRUST,2666,3246,0.821,19,4,17,2,"Jul, Aug",Sep,No
Q2 (2025/26),Cancer,28 Days FDS,London,RYJ,IMPERIAL COLLEGE HEALTHCARE NHS TRUST,4837,5930,0.816,20,5,17,2,"Jul, Aug",Sep,No
Q2 (2025/26),Cancer,28 Days FDS,London,R1K,LONDON NORTH WEST UNIVERSITY HEALTHCARE NHS TRUST,5323,6557,0.812,21,6,17,2,"Jul, Aug",Sep,No
Q2 (2025/26),Cancer,28 Days FDS,South East,RTP,SURREY AND SUSSEX HEALTHCARE NHS TRUST,3887,4785,0.812,21,4,17,2,"Jul, Aug",Sep,No
Q2 (2025/26),Cancer,28 Days FDS,South West,REF,ROYAL CORNWALL HOSPITALS NHS TRUST,4848,5981,0.811,23,3,13,2,"Jul, Aug",Sep,No
Q2 (2025/26),Cancer,28 Days FDS,London,R1H,BARTS HEALTH NHS TRUST,6063,7487,0.81,24,7,17,2,"Jul, Aug",Sep,No
Q2 (2025/26),Cancer,28 Days FDS,East,RGN,NORTH WEST ANGLIA NHS FOUNDATION TRUST,3748,4629,0.81,24,2,13,2,"Jul, Aug",Sep,No
Q2 (2025/26),Cancer,28 Days FDS,North West,RWJ,STOCKPORT NHS FOUNDATION TRUST,1759,2172,0.81,24,3,17,2,"Jul, Aug",Sep,No
Q2 (2025/26),Cancer,28 Days FDS,South West,RK9,UNIVERSITY HOSPITALS PLYMOUTH NHS TRUST,5178,6393,0.81,24,4,13,2,"Jul, Aug",Sep,No
Q2 (2025/26),Cancer,28 Days FDS,South East,RTH,OXFORD UNIVERSITY HOSPITALS NHS FOUNDATION TRUST,5571,6898,0.808,28,5,17,2,"Jul, Aug",Sep,No
Q2 (2025/26),Cancer,28 Days FDS,North East,R0B,SOUTH TYNESIDE AND SUNDERLAND NHS FOUNDATION TRUST,2461,3055,0.806,29,5,21,2,"Jul, Aug",Sep,No
Q2 (2025/26),Cancer,28 Days FDS,Midlands,RKB,UNIVERSITY HOSPITALS COVENTRY AND WARWICKSHIRE NHS TRUST,4539,5658,0.802,30,4,20,2,"Jul, Aug",Sep,No
Q2 (2025/26),Cancer,28 Days FDS,East,RGR,WEST SUFFOLK NHS FOUNDATION TRUST,2268,2827,0.802,30,3,13,2,"Jul, Aug",Sep,No
Q2 (2025/26),Cancer,28 Days FDS,South East,RHW,ROYAL BERKSHIRE NHS FOUNDATION TRUST,3966,4954,0.801,32,6,17,2,"Jul, Aug",Sep,No
Q2 (2025/26),Cancer,28 Days FDS,Midlands,RL4,THE ROYAL WOLVERHAMPTON NHS TRUST,3371,4210,0.801,32,5,20,2,"Jul, Aug",Sep,No
Q2 (2025/26),Cancer,28 Days FDS,South East,RHM,UNIVERSITY HOSPITAL SOUTHAMPTON NHS FOUNDATION TRUST,4248,5309,0.8,34,7,17,2,"Jul, Aug",Sep,No
Q2 (2025/26),Cancer,28 Days FDS,London,RQM,CHELSEA AND WESTMINSTER HOSPITAL NHS FOUNDATION TRUST,4360,5465,0.798,35,8,17,2,"Jul, Aug",Sep,No
Q2 (2025/26),Cancer,28 Days FDS,North East,RFR,THE ROTHERHAM NHS FOUNDATION TRUST,1769,2217,0.798,35,6,21,2,"Jul, Aug",Sep,No
Q2 (2025/26),Cancer,28 Days FDS,Midlands,RLQ,WYE VALLEY NHS TRUST,1700,2138,0.795,37,6,20,2,"Jul, Aug",Sep,No
Q2 (2025/26),Cancer,28 Days FDS,East,RWH,EAST AND NORTH HERTFORDSHIRE NHS TRUST,2703,3406,0.794,38,4,13,2,"Jul, Aug",Sep,No
Q2 (2025/26),Cancer,28 Days FDS,North East,RCF,AIREDALE NHS FOUNDATION TRUST,1118,1411,0.792,39,7,21,2,"Jul, Aug",Sep,No
Q2 (2025/26),Cancer,28 Days FDS,South East,RXQ,BUCKINGHAMSHIRE HEALTHCARE NHS TRUST,3826,4837,0.791,40,8,17,2,"Jul, Aug",Sep,No
Q2 (2025/26),Cancer,28 Days FDS,North West,RTX,UNIVERSITY HOSPITALS OF MORECAMBE BAY NHS FOUNDATION TRUST,3072,3890,0.79,41,4,17,2,"Jul, Aug",Sep,No
Q2 (2025/26),Cancer,28 Days FDS,North East,RVW,NORTH TEES AND HARTLEPOOL NHS FOUNDATION TRUST,2730,3468,0.787,42,8,21,2,"Jul, Aug",Sep,No
Q2 (2025/26),Cancer,28 Days FDS,London,RF4,"BARKING, HAVERING AND REDBRIDGE UNIVERSITY HOSPITALS NHS TRUST",4436,5646,0.786,43,9,17,2,"Jul, Aug",Sep,No
Q2 (2025/26),Cancer,28 Days FDS,East,RC9,BEDFORDSHIRE HOSPITALS NHS FOUNDATION TRUST,4487,5728,0.783,44,5,13,2,"Jul, Aug",Sep,No
Q2 (2025/26),Cancer,28 Days FDS,North East,RP5,DONCASTER AND BASSETLAW TEACHING HOSPITALS NHS FOUNDATION TRUST,3225,4117,0.783,44,9,21,2,"Jul, Aug",Sep,No
Q2 (2025/26),Cancer,28 Days FDS,South West,R0D,UNIVERSITY HOSPITALS DORSET NHS FOUNDATION TRUST,5189,6671,0.778,46,5,13,2,"Jul, Aug",Sep,No
Q2 (2025/26),Cancer,28 Days FDS,Midlands,RLT,GEORGE ELIOT HOSPITAL NHS TRUST,1061,1367,0.776,47,7,20,2,"Jul, Aug",Sep,No
Q2 (2025/26),Cancer,28 Days FDS,North West,RXN,LANCASHIRE TEACHING HOSPITALS NHS FOUNDATION TRUST,3691,4765,0.775,48,5,17,2,"Jul, Aug",Sep,No
Q2 (2025/26),Cancer,28 Days FDS,East,RD8,MILTON KEYNES UNIVERSITY HOSPITAL NHS FOUNDATION TRUST,2578,3328,0.775,48,6,13,2,"Jul, Aug",Sep,No
Q2 (2025/26),Cancer,28 Days FDS,North East,RWY,CALDERDALE AND HUDDERSFIELD NHS FOUNDATION TRUST,3468,4485,0.773,50,10,21,2,"Jul, Aug",Sep,No
Q2 (2025/26),Cancer,28 Days FDS,South West,RA7,UNIVERSITY HOSPITALS BRISTOL AND WESTON NHS FOUNDATION TRUST,3274,4233,0.773,50,6,13,2,"Jul, Aug",Sep,No
Q2 (2025/26),Cancer,28 Days FDS,South West,RVJ,NORTH BRISTOL NHS TRUST,4688,6069,0.772,52,7,13,2,"Jul, Aug",Sep,No
Q2 (2025/26),Cancer,28 Days FDS,London,RAL,ROYAL FREE LONDON NHS FOUNDATION TRUST,8774,11397,0.77,53,10,17,2,"Jul, Aug",Sep,No
Q2 (2025/26),Cancer,28 Days FDS,Midlands,RNS,NORTHAMPTON GENERAL HOSPITAL NHS TRUST,2863,3722,0.769,54,8,20,2,"Jul, Aug",Sep,No
Q2 (2025/26),Cancer,28 Days FDS,London,RKE,WHITTINGTON HEALTH NHS TRUST,1693,2202,0.769,54,11,17,2,"Jul, Aug",Sep,No
Q2 (2025/26),Cancer,28 Days FDS,South East,RTK,ASHFORD AND ST PETER'S HOSPITALS NHS FOUNDATION TRUST,3593,4684,0.767,56,9,17,2,"Jul, Aug",Sep,No
Q2 (2025/26),Cancer,28 Days FDS,East,RGP,JAMES PAGET UNIVERSITY HOSPITALS NHS FOUNDATION TRUST,2019,2631,0.767,56,7,13,2,"Jul, Aug",Sep,No
Q2 (2025/26),Cancer,28 Days FDS,London,RJ2,LEWISHAM AND GREENWICH NHS TRUST,5051,6587,0.767,56,12,17,2,"Jul, Aug",Sep,No
Q2 (2025/26),Cancer,28 Days FDS,East,RM1,NORFOLK AND NORWICH UNIVERSITY HOSPITALS NHS FOUNDATION TRUST,5338,6970,0.766,59,8,13,2,"Jul, Aug",Sep,No
Q2 (2025/26),Cancer,28 Days FDS,Midlands,RWP,WORCESTERSHIRE ACUTE HOSPITALS NHS TRUST,4177,5455,0.766,59,9,20,2,"Jul, Aug",Sep,No
Q2 (2025/26),Cancer,28 Days FDS,Midlands,RJE,UNIVERSITY HOSPITALS OF NORTH MIDLANDS NHS TRUST,5922,7744,0.765,61,10,20,2,"Jul, Aug",Sep,No
Q2 (2025/26),Cancer,28 Days FDS,Midlands,RXK,SANDWELL AND WEST BIRMINGHAM HOSPITALS NHS TRUST,2513,3290,0.764,62,11,20,2,"Jul, Aug",Sep,No
Q2 (2025/26),Cancer,28 Days FDS,North East,RR8,LEEDS TEACHING HOSPITALS NHS TRUST,6874,9015,0.763,63,11,21,2,"Jul, Aug",Sep,No
Q2 (2025/26),Cancer,28 Days FDS,South East,RDU,FRIMLEY HEALTH NHS FOUNDATION TRUST,4966,6516,0.762,64,10,17,2,"Jul, Aug",Sep,No
Q2 (2025/26),Cancer,28 Days FDS,North East,RAE,BRADFORD TEACHING HOSPITALS NHS FOUNDATION TRUST,1853,2436,0.761,65,12,21,2,"Jul, Aug",Sep,No
Q2 (2025/26),Cancer,28 Days FDS,South East,RVV,EAST KENT HOSPITALS UNIVERSITY NHS FOUNDATION TRUST,6578,8665,0.759,66,11,17,2,"Jul, Aug",Sep,No
Q2 (2025/26),Cancer,28 Days FDS,North West,RRF,"WRIGHTINGTON, WIGAN AND LEIGH NHS FOUNDATION TRUST",2643,3483,0.759,66,6,17,2,"Jul, Aug",Sep,No
Q2 (2025/26),Cancer,28 Days FDS,North East,RR7,GATESHEAD HEALTH NHS FOUNDATION TRUST,1989,2625,0.758,68,13,21,2,"Jul, Aug",Sep,No
Q2 (2025/26),Cancer,28 Days FDS,North East,RTR,SOUTH TEES HOSPITALS NHS FOUNDATION TRUST,2764,3648,0.758,68,13,21,2,"Jul, Aug",Sep,No
Q2 (2025/26),Cancer,28 Days FDS,Midlands,RXW,THE SHREWSBURY AND TELFORD HOSPITAL NHS TRUST,5410,7147,0.757,70,12,20,2,"Jul, Aug",Sep,No
Q2 (2025/26),Cancer,28 Days FDS,North West,REM,LIVERPOOL UNIVERSITY HOSPITALS NHS FOUNDATION TRUST,5652,7480,0.756,71,7,17,2,"Jul, Aug",Sep,No
Q2 (2025/26),Cancer,28 Days FDS,North West,RM3,NORTHERN CARE ALLIANCE NHS FOUNDATION TRUST,6488,8588,0.755,72,8,17,2,"Jul, Aug",Sep,No
Q2 (2025/26),Cancer,28 Days FDS,South East,RWF,MAIDSTONE AND TUNBRIDGE WELLS NHS TRUST,2934,3891,0.754,73,12,17,2,"Jul, Aug",Sep,No
Q2 (2025/26),Cancer,28 Days FDS,Midlands,RWD,UNITED LINCOLNSHIRE TEACHING HOSPITALS NHS TRUST                     ,4690,6236,0.752,74,13,20,2,"Jul, Aug",Sep,No
Q2 (2025/26),Cancer,28 Days FDS,South East,RHU,PORTSMOUTH HOSPITALS UNIVERSITY NATIONAL HEALTH SERVICE TRUST,4334,5773,0.751,75,13,17,2,"Jul, Aug",Sep,No
Q2 (2025/26),Cancer,28 Days FDS,South East,RN7,DARTFORD AND GRAVESHAM NHS TRUST,1511,2014,0.75,76,14,17,2,"Jul, Aug",Sep,No
Q2 (2025/26),Cancer,28 Days FDS,South West,RNZ,SALISBURY NHS FOUNDATION TRUST,1909,2545,0.75,76,8,13,2,"Jul, Aug",Sep,No
Q2 (2025/26),Cancer,28 Days FDS,Midlands,RTG,UNIVERSITY HOSPITALS OF DERBY AND BURTON NHS FOUNDATION TRUST,6324,8427,0.75,76,14,20,2,"Jul, Aug",Sep,No
Q2 (2025/26),Cancer,28 Days FDS,South East,RN5,HAMPSHIRE HOSPITALS NHS FOUNDATION TRUST,3256,4351,0.748,79,15,17,2,"Jul, Aug",Sep,No
Q2 (2025/26),Cancer,28 Days FDS,Midlands,RFS,CHESTERFIELD ROYAL HOSPITAL NHS FOUNDATION TRUST,2097,2811,0.746,80,15,20,2,"Jul, Aug",Sep,No
Q2 (2025/26),Cancer,28 Days FDS,Midlands,RNQ,KETTERING GENERAL HOSPITAL NHS FOUNDATION TRUST,2136,2867,0.745,81,16,20,2,"Jul, Aug",Sep,No
Q2 (2025/26),Cancer,28 Days FDS,Midlands,RRK,UNIVERSITY HOSPITALS BIRMINGHAM NHS FOUNDATION TRUST,6470,8694,0.744,82,17,20,2,"Jul, Aug",Sep,No
Q2 (2025/26),Cancer,28 Days FDS,North West,R0A,MANCHESTER UNIVERSITY NHS FOUNDATION TRUST,8288,11165,0.742,83,9,17,2,"Jul, Aug",Sep,No
Q2 (2025/26),Cancer,28 Days FDS,London,RJZ,KING'S COLLEGE HOSPITAL NHS FOUNDATION TRUST,5395,7284,0.741,84,13,17,2,"Jul, Aug",Sep,No
Q2 (2025/26),Cancer,28 Days FDS,East,RGT,CAMBRIDGE UNIVERSITY HOSPITALS NHS FOUNDATION TRUST,4233,5718,0.74,85,9,13,2,"Jul, Aug",Sep,No
Q2 (2025/26),Cancer,28 Days FDS,East,RDE,EAST SUFFOLK AND NORTH ESSEX NHS FOUNDATION TRUST,6703,9099,0.737,86,10,13,2,"Jul, Aug",Sep,No
Q2 (2025/26),Cancer,28 Days FDS,South East,RPA,MEDWAY NHS FOUNDATION TRUST,2739,3723,0.736,87,16,17,2,"Jul, Aug",Sep,No
Q2 (2025/26),Cancer,28 Days FDS,South West,RH5,SOMERSET NHS FOUNDATION TRUST,3758,5108,0.736,87,9,13,2,"Jul, Aug",Sep,No
Q2 (2025/26),Cancer,28 Days FDS,South East,RYR,UNIVERSITY HOSPITALS SUSSEX NHS FOUNDATION TRUST,9041,12312,0.734,89,17,17,2,"Jul, Aug",Sep,No
Q2 (2025/26),Cancer,28 Days FDS,North East,RTD,THE NEWCASTLE UPON TYNE HOSPITALS NHS FOUNDATION TRUST,4257,5816,0.732,90,15,21,2,"Jul, Aug",Sep,No
Q2 (2025/26),Cancer,28 Days FDS,North West,RWW,WARRINGTON AND HALTON TEACHING HOSPITALS NHS FOUNDATION TRUST,1602,2193,0.731,91,10,17,2,"Jul, Aug",Sep,No
Q2 (2025/26),Cancer,28 Days FDS,North West,RJR,COUNTESS OF CHESTER HOSPITAL NHS FOUNDATION TRUST,2129,2947,0.722,92,11,17,2,"Jul, Aug",Sep,No
Q2 (2025/26),Cancer,28 Days FDS,North West,RXR,EAST LANCASHIRE HOSPITALS NHS TRUST,3256,4512,0.722,92,11,17,2,"Jul, Aug",Sep,No
Q2 (2025/26),Cancer,28 Days FDS,London,RAS,THE HILLINGDON HOSPITALS NHS FOUNDATION TRUST,1945,2693,0.722,92,14,17,2,"Jul, Aug",Sep,No
Q2 (2025/26),Cancer,28 Days FDS,North West,RJN,EAST CHESHIRE NHS TRUST,1132,1591,0.712,95,13,17,2,"Jul, Aug",Sep,No
Q2 (2025/26),Cancer,28 Days FDS,North East,RHQ,SHEFFIELD TEACHING HOSPITALS NHS FOUNDATION TRUST,3400,4798,0.709,96,16,21,2,"Jul, Aug",Sep,No
Q2 (2025/26),Cancer,28 Days FDS,South West,RN3,GREAT WESTERN HOSPITALS NHS FOUNDATION TRUST,2327,3302,0.705,97,10,13,2,"Jul, Aug",Sep,No
Q2 (2025/26),Cancer,28 Days FDS,North West,RBT,MID CHESHIRE HOSPITALS NHS FOUNDATION TRUST,2529,3586,0.705,97,14,17,2,"Jul, Aug",Sep,No
Q2 (2025/26),Cancer,28 Days FDS,East,RQW,THE PRINCESS ALEXANDRA HOSPITAL NHS TRUST,2627,3737,0.703,99,11,13,2,"Jul, Aug",Sep,No
Q2 (2025/26),Cancer,28 Days FDS,South West,RBD,DORSET COUNTY HOSPITAL NHS FOUNDATION TRUST,1774,2542,0.698,100,11,13,2,"Jul, Aug",Sep,No
Q2 (2025/26),Cancer,28 Days FDS,North West,RBL,WIRRAL UNIVERSITY TEACHING HOSPITAL NHS FOUNDATION TRUST,3257,4671,0.697,101,15,17,2,"Jul, Aug",Sep,No
Q2 (2025/26),Cancer,28 Days FDS,London,RVR,EPSOM AND ST HELIER UNIVERSITY HOSPITALS NHS TRUST,1511,2172,0.696,102,15,17,2,"Jul, Aug",Sep,No
Q2 (2025/26),Cancer,28 Days FDS,South West,RD1,ROYAL UNITED HOSPITALS BATH NHS FOUNDATION TRUST,2718,3924,0.693,103,12,13,2,"Jul, Aug",Sep,No
Q2 (2025/26),Cancer,28 Days FDS,London,RJ6,CROYDON HEALTH SERVICES NHS TRUST,2187,3174,0.689,104,16,17,2,"Jul, Aug",Sep,No
Q2 (2025/26),Cancer,28 Days FDS,London,RJ7,ST GEORGE'S UNIVERSITY HOSPITALS NHS FOUNDATION TRUST,3022,4450,0.679,105,17,17,2,"Jul, Aug",Sep,No
Q2 (2025/26),Cancer,28 Days FDS,Midlands,RWE,UNIVERSITY HOSPITALS OF LEICESTER NHS TRUST,6212,9239,0.672,106,18,20,2,"Jul, Aug",Sep,No
Q2 (2025/26),Cancer,28 Days FDS,North East,RCB,YORK AND SCARBOROUGH TEACHING HOSPITALS NHS FOUNDATION TRUST,2989,4498,0.665,107,17,21,2,"Jul, Aug",Sep,No
Q2 (2025/26),Cancer,28 Days FDS,South West,RA9,TORBAY AND SOUTH DEVON NHS FOUNDATION TRUST,2848,4297,0.663,108,13,13,2,"Jul, Aug",Sep,No
Q2 (2025/26),Cancer,28 Days FDS,North East,RXP,COUNTY DURHAM AND DARLINGTON NHS FOUNDATION TRUST,2687,4107,0.654,109,18,21,2,"Jul, Aug",Sep,No
Q2 (2025/26),Cancer,28 Days FDS,Midlands,RX1,NOTTINGHAM UNIVERSITY HOSPITALS NHS TRUST,3719,5684,0.654,109,19,20,2,"Jul, Aug",Sep,No
Q2 (2025/26),Cancer,28 Days FDS,North East,RJL,NORTHERN LINCOLNSHIRE AND GOOLE NHS FOUNDATION TRUST,1819,2812,0.647,111,19,21,2,"Jul, Aug",Sep,No
Q2 (2025/26),Cancer,28 Days FDS,East,RCX,"THE QUEEN ELIZABETH HOSPITAL, KING'S LYNN, NHS FOUNDATION TRUST",1687,2606,0.647,111,12,13,2,"Jul, Aug",Sep,No
Q2 (2025/26),Cancer,28 Days FDS,North West,RBN,MERSEY AND WEST LANCASHIRE TEACHING HOSPITALS NHS TRUST,4373,6856,0.638,113,16,17,2,"Jul, Aug",Sep,No
Q2 (2025/26),Cancer,28 Days FDS,East,RAJ,MID AND SOUTH ESSEX NHS FOUNDATION TRUST,8903,14246,0.625,114,13,13,2,"Jul, Aug",Sep,No
Q2 (2025/26),Cancer,28 Days FDS,North West,RXL,BLACKPOOL TEACHING HOSPITALS NHS FOUNDATION TRUST,2664,4294,0.62,115,17,17,2,"Jul, Aug",Sep,No
Q2 (2025/26),Cancer,28 Days FDS,Midlands,RJC,SOUTH WARWICKSHIRE UNIVERSITY NHS FOUNDATION TRUST,1848,3254,0.568,116,20,20,2,"Jul, Aug",Sep,No
Q2 (2025/26),Cancer,28 Days FDS,North East,RNN,NORTH CUMBRIA INTEGRATED CARE NHS FOUNDATION TRUST,1640,2950,0.556,117,20,21,2,"Jul, Aug",Sep,No
Q2 (2025/26),Cancer,28 Days FDS,North East,RWA,HULL UNIVERSITY TEACHING HOSPITALS NHS TRUST,2859,5564,0.514,118,21,21,2,"Jul, Aug",Sep,No
Q2 (2025/26),Cancer,31 Days,Midlands,RLT,GEORGE ELIOT HOSPITAL NHS TRUST,147,147,1,1,1,20,2,"Jul, Aug",Sep,No
Q2 (2025/26),Cancer,31 Days,North East,RFR,THE ROTHERHAM NHS FOUNDATION TRUST,220,220,1,1,1,21,2,"Jul, Aug",Sep,No
Q2 (2025/26),Cancer,31 Days,London,RKE,WHITTINGTON HEALTH NHS TRUST,101,101,1,1,1,17,2,"Jul, Aug",Sep,No
Q2 (2025/26),Cancer,31 Days,East,RGR,WEST SUFFOLK NHS FOUNDATION TRUST,436,437,0.998,4,1,13,2,"Jul, Aug",Sep,No
Q2 (2025/26),Cancer,31 Days,London,RVR,EPSOM AND ST HELIER UNIVERSITY HOSPITALS NHS TRUST,199,200,0.995,5,2,17,2,"Jul, Aug",Sep,No
Q2 (2025/26),Cancer,31 Days,London,R1K,LONDON NORTH WEST UNIVERSITY HEALTHCARE NHS TRUST,374,376,0.995,5,2,17,2,"Jul, Aug",Sep,No
Q2 (2025/26),Cancer,31 Days,North West,RJN,EAST CHESHIRE NHS TRUST,162,163,0.994,7,1,17,2,"Jul, Aug",Sep,No
Q2 (2025/26),Cancer,31 Days,London,RAX,KINGSTON AND RICHMOND NHS FOUNDATION TRUST,313,315,0.994,7,4,17,2,"Jul, Aug",Sep,No
Q2 (2025/26),Cancer,31 Days,North East,RCD,HARROGATE AND DISTRICT NHS FOUNDATION TRUST,359,362,0.992,9,2,21,2,"Jul, Aug",Sep,No
Q2 (2025/26),Cancer,31 Days,North East,RR7,GATESHEAD HEALTH NHS FOUNDATION TRUST,427,431,0.991,10,3,21,2,"Jul, Aug",Sep,No
Q2 (2025/26),Cancer,31 Days,London,RQX,HOMERTON HEALTHCARE NHS FOUNDATION TRUST,113,114,0.991,10,5,17,2,"Jul, Aug",Sep,No
Q2 (2025/26),Cancer,31 Days,London,RQM,CHELSEA AND WESTMINSTER HOSPITAL NHS FOUNDATION TRUST,368,372,0.989,12,6,17,2,"Jul, Aug",Sep,No
Q2 (2025/26),Cancer,31 Days,South East,RTP,SURREY AND SUSSEX HEALTHCARE NHS TRUST,464,469,0.989,12,1,17,2,"Jul, Aug",Sep,No
Q2 (2025/26),Cancer,31 Days,South East,RTK,ASHFORD AND ST PETER'S HOSPITALS NHS FOUNDATION TRUST,360,365,0.986,14,2,17,2,"Jul, Aug",Sep,No
Q2 (2025/26),Cancer,31 Days,London,R1H,BARTS HEALTH NHS TRUST,1081,1099,0.984,15,7,17,2,"Jul, Aug",Sep,No
Q2 (2025/26),Cancer,31 Days,North East,RCF,AIREDALE NHS FOUNDATION TRUST,229,233,0.983,16,4,21,2,"Jul, Aug",Sep,No
Q2 (2025/26),Cancer,31 Days,South East,RPA,MEDWAY NHS FOUNDATION TRUST,457,465,0.983,16,3,17,2,"Jul, Aug",Sep,No
Q2 (2025/26),Cancer,31 Days,South East,RN7,DARTFORD AND GRAVESHAM NHS TRUST,331,337,0.982,18,4,17,2,"Jul, Aug",Sep,No
Q2 (2025/26),Cancer,31 Days,North East,RCB,YORK AND SCARBOROUGH TEACHING HOSPITALS NHS FOUNDATION TRUST,905,922,0.982,18,5,21,2,"Jul, Aug",Sep,No
Q2 (2025/26),Cancer,31 Days,South West,RA7,UNIVERSITY HOSPITALS BRISTOL AND WESTON NHS FOUNDATION TRUST,1476,1505,0.981,20,1,13,2,"Jul, Aug",Sep,No
Q2 (2025/26),Cancer,31 Days,North West,RWW,WARRINGTON AND HALTON TEACHING HOSPITALS NHS FOUNDATION TRUST,206,210,0.981,20,2,17,2,"Jul, Aug",Sep,No
Q2 (2025/26),Cancer,31 Days,South East,RWF,MAIDSTONE AND TUNBRIDGE WELLS NHS TRUST,1583,1615,0.98,22,5,17,2,"Jul, Aug",Sep,No
Q2 (2025/26),Cancer,31 Days,North East,R0B,SOUTH TYNESIDE AND SUNDERLAND NHS FOUNDATION TRUST,728,744,0.978,23,6,21,2,"Jul, Aug",Sep,No
Q2 (2025/26),Cancer,31 Days,North West,RMP,TAMESIDE AND GLOSSOP INTEGRATED CARE NHS FOUNDATION TRUST,133,136,0.978,23,3,17,2,"Jul, Aug",Sep,No
Q2 (2025/26),Cancer,31 Days,North East,RWY,CALDERDALE AND HUDDERSFIELD NHS FOUNDATION TRUST,603,617,0.977,25,7,21,2,"Jul, Aug",Sep,No
Q2 (2025/26),Cancer,31 Days,North West,RTX,UNIVERSITY HOSPITALS OF MORECAMBE BAY NHS FOUNDATION TRUST,649,664,0.977,25,4,17,2,"Jul, Aug",Sep,No
Q2 (2025/26),Cancer,31 Days,East,RWG,WEST HERTFORDSHIRE TEACHING HOSPITALS NHS TRUST,432,442,0.977,25,2,13,2,"Jul, Aug",Sep,No
Q2 (2025/26),Cancer,31 Days,London,RF4,"BARKING, HAVERING AND REDBRIDGE UNIVERSITY HOSPITALS NHS TRUST",736,755,0.975,28,8,17,2,"Jul, Aug",Sep,No
Q2 (2025/26),Cancer,31 Days,North East,RXF,MID YORKSHIRE TEACHING NHS TRUST,822,844,0.974,29,8,21,2,"Jul, Aug",Sep,No
Q2 (2025/26),Cancer,31 Days,North West,RMC,BOLTON NHS FOUNDATION TRUST,287,295,0.973,30,5,17,2,"Jul, Aug",Sep,No
Q2 (2025/26),Cancer,31 Days,London,RYJ,IMPERIAL COLLEGE HEALTHCARE NHS TRUST,1567,1611,0.973,30,9,17,2,"Jul, Aug",Sep,No
Q2 (2025/26),Cancer,31 Days,North East,RTF,NORTHUMBRIA HEALTHCARE NHS FOUNDATION TRUST,537,552,0.973,30,9,21,2,"Jul, Aug",Sep,No
Q2 (2025/26),Cancer,31 Days,London,RJ6,CROYDON HEALTH SERVICES NHS TRUST,137,141,0.972,33,10,17,2,"Jul, Aug",Sep,No
Q2 (2025/26),Cancer,31 Days,North West,RM3,NORTHERN CARE ALLIANCE NHS FOUNDATION TRUST,636,654,0.972,33,6,17,2,"Jul, Aug",Sep,No
Q2 (2025/26),Cancer,31 Days,Midlands,RBK,WALSALL HEALTHCARE NHS TRUST,175,180,0.972,33,2,20,2,"Jul, Aug",Sep,No
Q2 (2025/26),Cancer,31 Days,South East,RVV,EAST KENT HOSPITALS UNIVERSITY NHS FOUNDATION TRUST,1206,1242,0.971,36,6,17,2,"Jul, Aug",Sep,No
Q2 (2025/26),Cancer,31 Days,Midlands,RKB,UNIVERSITY HOSPITALS COVENTRY AND WARWICKSHIRE NHS TRUST,1379,1420,0.971,36,3,20,2,"Jul, Aug",Sep,No
Q2 (2025/26),Cancer,31 Days,Midlands,RJC,SOUTH WARWICKSHIRE UNIVERSITY NHS FOUNDATION TRUST,287,296,0.97,38,4,20,2,"Jul, Aug",Sep,No
Q2 (2025/26),Cancer,31 Days,North East,RP5,DONCASTER AND BASSETLAW TEACHING HOSPITALS NHS FOUNDATION TRUST,417,431,0.968,39,10,21,2,"Jul, Aug",Sep,No
Q2 (2025/26),Cancer,31 Days,North West,RXL,BLACKPOOL TEACHING HOSPITALS NHS FOUNDATION TRUST,383,396,0.967,40,7,17,2,"Jul, Aug",Sep,No
Q2 (2025/26),Cancer,31 Days,East,RWH,EAST AND NORTH HERTFORDSHIRE NHS TRUST,1769,1833,0.965,41,3,13,2,"Jul, Aug",Sep,No
Q2 (2025/26),Cancer,31 Days,East,RGP,JAMES PAGET UNIVERSITY HOSPITALS NHS FOUNDATION TRUST,346,359,0.964,42,4,13,2,"Jul, Aug",Sep,No
Q2 (2025/26),Cancer,31 Days,South East,RA2,ROYAL SURREY COUNTY HOSPITAL NHS FOUNDATION TRUST,1886,1957,0.964,42,7,17,2,"Jul, Aug",Sep,No
Q2 (2025/26),Cancer,31 Days,South East,R1F,ISLE OF WIGHT NHS TRUST,205,213,0.962,44,8,17,2,"Jul, Aug",Sep,No
Q2 (2025/26),Cancer,31 Days,South West,REF,ROYAL CORNWALL HOSPITALS NHS TRUST,1350,1404,0.962,44,2,13,2,"Jul, Aug",Sep,No
Q2 (2025/26),Cancer,31 Days,London,RJ7,ST GEORGE'S UNIVERSITY HOSPITALS NHS FOUNDATION TRUST,801,833,0.962,44,11,17,2,"Jul, Aug",Sep,No
Q2 (2025/26),Cancer,31 Days,London,RRV,UNIVERSITY COLLEGE LONDON HOSPITALS NHS FOUNDATION TRUST,1428,1484,0.962,44,11,17,2,"Jul, Aug",Sep,No
Q2 (2025/26),Cancer,31 Days,North East,RNN,NORTH CUMBRIA INTEGRATED CARE NHS FOUNDATION TRUST,271,282,0.961,48,11,21,2,"Jul, Aug",Sep,No
Q2 (2025/26),Cancer,31 Days,South West,R0D,UNIVERSITY HOSPITALS DORSET NHS FOUNDATION TRUST,1499,1560,0.961,48,3,13,2,"Jul, Aug",Sep,No
Q2 (2025/26),Cancer,31 Days,East,RD8,MILTON KEYNES UNIVERSITY HOSPITAL NHS FOUNDATION TRUST,432,450,0.96,50,5,13,2,"Jul, Aug",Sep,No
Q2 (2025/26),Cancer,31 Days,East,RC9,BEDFORDSHIRE HOSPITALS NHS FOUNDATION TRUST,611,637,0.959,51,6,13,2,"Jul, Aug",Sep,No
Q2 (2025/26),Cancer,31 Days,North West,RBN,MERSEY AND WEST LANCASHIRE TEACHING HOSPITALS NHS TRUST,985,1031,0.955,52,8,17,2,"Jul, Aug",Sep,No
Q2 (2025/26),Cancer,31 Days,Midlands,RNA,THE DUDLEY GROUP NHS FOUNDATION TRUST,492,515,0.955,52,5,20,2,"Jul, Aug",Sep,No
Q2 (2025/26),Cancer,31 Days,North West,RXR,EAST LANCASHIRE HOSPITALS NHS TRUST,801,840,0.954,54,9,17,2,"Jul, Aug",Sep,No
Q2 (2025/26),Cancer,31 Days,South West,RD1,ROYAL UNITED HOSPITALS BATH NHS FOUNDATION TRUST,849,890,0.954,54,4,13,2,"Jul, Aug",Sep,No
Q2 (2025/26),Cancer,31 Days,South West,RTE,GLOUCESTERSHIRE HOSPITALS NHS FOUNDATION TRUST,1606,1687,0.952,56,5,13,2,"Jul, Aug",Sep,No
Q2 (2025/26),Cancer,31 Days,North East,RAE,BRADFORD TEACHING HOSPITALS NHS FOUNDATION TRUST,304,320,0.95,57,12,21,2,"Jul, Aug",Sep,No
Q2 (2025/26),Cancer,31 Days,South East,RHM,UNIVERSITY HOSPITAL SOUTHAMPTON NHS FOUNDATION TRUST,1974,2077,0.95,57,9,17,2,"Jul, Aug",Sep,No
Q2 (2025/26),Cancer,31 Days,South East,RHU,PORTSMOUTH HOSPITALS UNIVERSITY NATIONAL HEALTH SERVICE TRUST,1583,1668,0.949,59,10,17,2,"Jul, Aug",Sep,No
Q2 (2025/26),Cancer,31 Days,Midlands,RNQ,KETTERING GENERAL HOSPITAL NHS FOUNDATION TRUST,331,350,0.946,60,6,20,2,"Jul, Aug",Sep,No
Q2 (2025/26),Cancer,31 Days,North East,RR8,LEEDS TEACHING HOSPITALS NHS TRUST,3056,3231,0.946,60,13,21,2,"Jul, Aug",Sep,No
Q2 (2025/26),Cancer,31 Days,South East,RDU,FRIMLEY HEALTH NHS FOUNDATION TRUST,778,823,0.945,62,11,17,2,"Jul, Aug",Sep,No
Q2 (2025/26),Cancer,31 Days,London,RAS,THE HILLINGDON HOSPITALS NHS FOUNDATION TRUST,184,195,0.944,63,13,17,2,"Jul, Aug",Sep,No
Q2 (2025/26),Cancer,31 Days,South East,RN5,HAMPSHIRE HOSPITALS NHS FOUNDATION TRUST,725,769,0.943,64,12,17,2,"Jul, Aug",Sep,No
Q2 (2025/26),Cancer,31 Days,London,RJ2,LEWISHAM AND GREENWICH NHS TRUST,250,265,0.943,64,14,17,2,"Jul, Aug",Sep,No
Q2 (2025/26),Cancer,31 Days,North East,RJL,NORTHERN LINCOLNSHIRE AND GOOLE NHS FOUNDATION TRUST,397,421,0.943,64,14,21,2,"Jul, Aug",Sep,No
Q2 (2025/26),Cancer,31 Days,Midlands,RXK,SANDWELL AND WEST BIRMINGHAM HOSPITALS NHS TRUST,294,312,0.942,67,7,20,2,"Jul, Aug",Sep,No
Q2 (2025/26),Cancer,31 Days,East,RQW,THE PRINCESS ALEXANDRA HOSPITAL NHS TRUST,348,370,0.941,68,7,13,2,"Jul, Aug",Sep,No
Q2 (2025/26),Cancer,31 Days,London,RJZ,KING'S COLLEGE HOSPITAL NHS FOUNDATION TRUST,627,667,0.94,69,15,17,2,"Jul, Aug",Sep,No
Q2 (2025/26),Cancer,31 Days,South West,RH5,SOMERSET NHS FOUNDATION TRUST,1255,1337,0.939,70,6,13,2,"Jul, Aug",Sep,No
Q2 (2025/26),Cancer,31 Days,South West,RBD,DORSET COUNTY HOSPITAL NHS FOUNDATION TRUST,354,378,0.937,71,7,13,2,"Jul, Aug",Sep,No
Q2 (2025/26),Cancer,31 Days,East,RGN,NORTH WEST ANGLIA NHS FOUNDATION TRUST,649,693,0.937,71,8,13,2,"Jul, Aug",Sep,No
Q2 (2025/26),Cancer,31 Days,Midlands,RJE,UNIVERSITY HOSPITALS OF NORTH MIDLANDS NHS TRUST,1408,1504,0.936,73,8,20,2,"Jul, Aug",Sep,No
Q2 (2025/26),Cancer,31 Days,Midlands,RXW,THE SHREWSBURY AND TELFORD HOSPITAL NHS TRUST,1238,1327,0.933,74,9,20,2,"Jul, Aug",Sep,No
Q2 (2025/26),Cancer,31 Days,North West,RXN,LANCASHIRE TEACHING HOSPITALS NHS FOUNDATION TRUST,1370,1470,0.932,75,10,17,2,"Jul, Aug",Sep,No
Q2 (2025/26),Cancer,31 Days,Midlands,RNS,NORTHAMPTON GENERAL HOSPITAL NHS TRUST,847,909,0.932,75,10,20,2,"Jul, Aug",Sep,No
Q2 (2025/26),Cancer,31 Days,Midlands,RL4,THE ROYAL WOLVERHAMPTON NHS TRUST,1144,1228,0.932,75,10,20,2,"Jul, Aug",Sep,No
Q2 (2025/26),Cancer,31 Days,South West,RNZ,SALISBURY NHS FOUNDATION TRUST,287,309,0.929,78,8,13,2,"Jul, Aug",Sep,No
Q2 (2025/26),Cancer,31 Days,Midlands,RFS,CHESTERFIELD ROYAL HOSPITAL NHS FOUNDATION TRUST,349,377,0.926,79,12,20,2,"Jul, Aug",Sep,No
Q2 (2025/26),Cancer,31 Days,North East,RXP,COUNTY DURHAM AND DARLINGTON NHS FOUNDATION TRUST,579,625,0.926,79,15,21,2,"Jul, Aug",Sep,No
Q2 (2025/26),Cancer,31 Days,South West,RN3,GREAT WESTERN HOSPITALS NHS FOUNDATION TRUST,331,362,0.914,81,9,13,2,"Jul, Aug",Sep,No
Q2 (2025/26),Cancer,31 Days,North West,RRF,"WRIGHTINGTON, WIGAN AND LEIGH NHS FOUNDATION TRUST",241,264,0.913,82,11,17,2,"Jul, Aug",Sep,No
Q2 (2025/26),Cancer,31 Days,South East,RXC,EAST SUSSEX HEALTHCARE NHS TRUST,569,624,0.912,83,13,17,2,"Jul, Aug",Sep,No
Q2 (2025/26),Cancer,31 Days,Midlands,RRK,UNIVERSITY HOSPITALS BIRMINGHAM NHS FOUNDATION TRUST,2689,2952,0.911,84,13,20,2,"Jul, Aug",Sep,No
Q2 (2025/26),Cancer,31 Days,Midlands,RX1,NOTTINGHAM UNIVERSITY HOSPITALS NHS TRUST,1820,1999,0.91,85,14,20,2,"Jul, Aug",Sep,No
Q2 (2025/26),Cancer,31 Days,East,RCX,"THE QUEEN ELIZABETH HOSPITAL, KING'S LYNN, NHS FOUNDATION TRUST",262,288,0.91,85,9,13,2,"Jul, Aug",Sep,No
Q2 (2025/26),Cancer,31 Days,North West,RJR,COUNTESS OF CHESTER HOSPITAL NHS FOUNDATION TRUST,259,285,0.909,87,12,17,2,"Jul, Aug",Sep,No
Q2 (2025/26),Cancer,31 Days,North East,RVW,NORTH TEES AND HARTLEPOOL NHS FOUNDATION TRUST,427,470,0.909,87,16,21,2,"Jul, Aug",Sep,No
Q2 (2025/26),Cancer,31 Days,London,RJ1,GUY'S AND ST THOMAS' NHS FOUNDATION TRUST,1920,2119,0.906,89,16,17,2,"Jul, Aug",Sep,No
Q2 (2025/26),Cancer,31 Days,North West,RBL,WIRRAL UNIVERSITY TEACHING HOSPITAL NHS FOUNDATION TRUST,474,523,0.906,89,13,17,2,"Jul, Aug",Sep,No
Q2 (2025/26),Cancer,31 Days,East,RDE,EAST SUFFOLK AND NORTH ESSEX NHS FOUNDATION TRUST,1601,1773,0.903,91,10,13,2,"Jul, Aug",Sep,No
Q2 (2025/26),Cancer,31 Days,London,RAL,ROYAL FREE LONDON NHS FOUNDATION TRUST,1558,1726,0.903,91,17,17,2,"Jul, Aug",Sep,No
Q2 (2025/26),Cancer,31 Days,Midlands,RWD,UNITED LINCOLNSHIRE TEACHING HOSPITALS NHS TRUST                     ,1242,1377,0.902,93,15,20,2,"Jul, Aug",Sep,No
Q2 (2025/26),Cancer,31 Days,South West,RA9,TORBAY AND SOUTH DEVON NHS FOUNDATION TRUST,706,784,0.901,94,10,13,2,"Jul, Aug",Sep,No
Q2 (2025/26),Cancer,31 Days,North West,R0A,MANCHESTER UNIVERSITY NHS FOUNDATION TRUST,1059,1178,0.899,95,14,17,2,"Jul, Aug",Sep,No
Q2 (2025/26),Cancer,31 Days,North West,REM,LIVERPOOL UNIVERSITY HOSPITALS NHS FOUNDATION TRUST,732,815,0.898,96,15,17,2,"Jul, Aug",Sep,No
Q2 (2025/26),Cancer,31 Days,Midlands,RTG,UNIVERSITY HOSPITALS OF DERBY AND BURTON NHS FOUNDATION TRUST,1468,1635,0.898,96,16,20,2,"Jul, Aug",Sep,No
Q2 (2025/26),Cancer,31 Days,North West,RWJ,STOCKPORT NHS FOUNDATION TRUST,210,234,0.897,98,16,17,2,"Jul, Aug",Sep,No
Q2 (2025/26),Cancer,31 Days,South East,RHW,ROYAL BERKSHIRE NHS FOUNDATION TRUST,938,1049,0.894,99,14,17,2,"Jul, Aug",Sep,No
Q2 (2025/26),Cancer,31 Days,South West,RK9,UNIVERSITY HOSPITALS PLYMOUTH NHS TRUST,1357,1528,0.888,100,11,13,2,"Jul, Aug",Sep,No
Q2 (2025/26),Cancer,31 Days,South West,RH8,ROYAL DEVON UNIVERSITY HEALTHCARE NHS FOUNDATION TRUST,1563,1762,0.887,101,12,13,2,"Jul, Aug",Sep,No
Q2 (2025/26),Cancer,31 Days,North East,RTD,THE NEWCASTLE UPON TYNE HOSPITALS NHS FOUNDATION TRUST,2500,2835,0.882,102,17,21,2,"Jul, Aug",Sep,No
Q2 (2025/26),Cancer,31 Days,East,RM1,NORFOLK AND NORWICH UNIVERSITY HOSPITALS NHS FOUNDATION TRUST,979,1111,0.881,103,11,13,2,"Jul, Aug",Sep,No
Q2 (2025/26),Cancer,31 Days,Midlands,RK5,SHERWOOD FOREST HOSPITALS NHS FOUNDATION TRUST,235,270,0.87,104,17,20,2,"Jul, Aug",Sep,No
Q2 (2025/26),Cancer,31 Days,North East,RFF,BARNSLEY HOSPITAL NHS FOUNDATION TRUST,223,257,0.868,105,18,21,2,"Jul, Aug",Sep,No
Q2 (2025/26),Cancer,31 Days,South West,RVJ,NORTH BRISTOL NHS TRUST,854,987,0.865,106,13,13,2,"Jul, Aug",Sep,No
Q2 (2025/26),Cancer,31 Days,South East,RXQ,BUCKINGHAMSHIRE HEALTHCARE NHS TRUST,462,536,0.862,107,15,17,2,"Jul, Aug",Sep,No
Q2 (2025/26),Cancer,31 Days,Midlands,RLQ,WYE VALLEY NHS TRUST,287,337,0.852,108,18,20,2,"Jul, Aug",Sep,No
Q2 (2025/26),Cancer,31 Days,North West,RBT,MID CHESHIRE HOSPITALS NHS FOUNDATION TRUST,217,257,0.844,109,17,17,2,"Jul, Aug",Sep,No
Q2 (2025/26),Cancer,31 Days,North East,RTR,SOUTH TEES HOSPITALS NHS FOUNDATION TRUST,1319,1563,0.844,109,19,21,2,"Jul, Aug",Sep,No
Q2 (2025/26),Cancer,31 Days,North East,RHQ,SHEFFIELD TEACHING HOSPITALS NHS FOUNDATION TRUST,2014,2431,0.828,111,20,21,2,"Jul, Aug",Sep,No
Q2 (2025/26),Cancer,31 Days,East,RGT,CAMBRIDGE UNIVERSITY HOSPITALS NHS FOUNDATION TRUST,1507,1843,0.818,112,12,13,2,"Jul, Aug",Sep,No
Q2 (2025/26),Cancer,31 Days,East,RAJ,MID AND SOUTH ESSEX NHS FOUNDATION TRUST,1644,2010,0.818,112,12,13,2,"Jul, Aug",Sep,No
Q2 (2025/26),Cancer,31 Days,Midlands,RWP,WORCESTERSHIRE ACUTE HOSPITALS NHS TRUST,968,1191,0.813,114,19,20,2,"Jul, Aug",Sep,No
Q2 (2025/26),Cancer,31 Days,South East,RYR,UNIVERSITY HOSPITALS SUSSEX NHS FOUNDATION TRUST,1560,1985,0.786,115,16,17,2,"Jul, Aug",Sep,No
Q2 (2025/26),Cancer,31 Days,South East,RTH,OXFORD UNIVERSITY HOSPITALS NHS FOUNDATION TRUST,1773,2259,0.785,116,17,17,2,"Jul, Aug",Sep,No
Q2 (2025/26),Cancer,31 Days,North East,RWA,HULL UNIVERSITY TEACHING HOSPITALS NHS TRUST,1322,1752,0.755,117,21,21,2,"Jul, Aug",Sep,No
Q2 (2025/26),Cancer,31 Days,Midlands,RWE,UNIVERSITY HOSPITALS OF LEICESTER NHS TRUST,1299,1801,0.721,118,20,20,2,"Jul, Aug",Sep,No
Q2 (2025/26),Cancer,62 Days,North East,RWY,CALDERDALE AND HUDDERSFIELD NHS FOUNDATION TRUST,355.5,409,0.869,1,1,21,2,"Jul, Aug",Sep,No
Q2 (2025/26),Cancer,62 Days,London,RQX,HOMERTON HEALTHCARE NHS FOUNDATION TRUST,103.5,121.5,0.852,2,1,17,2,"Jul, Aug",Sep,No
Q2 (2025/26),Cancer,62 Days,East,RWH,EAST AND NORTH HERTFORDSHIRE NHS TRUST,383.5,454.5,0.844,3,1,13,2,"Jul, Aug",Sep,No
Q2 (2025/26),Cancer,62 Days,South East,RWF,MAIDSTONE AND TUNBRIDGE WELLS NHS TRUST,346.5,410.5,0.844,3,1,17,2,"Jul, Aug",Sep,No
Q2 (2025/26),Cancer,62 Days,South West,REF,ROYAL CORNWALL HOSPITALS NHS TRUST,589,698,0.844,3,1,13,2,"Jul, Aug",Sep,No
Q2 (2025/26),Cancer,62 Days,North East,RCD,HARROGATE AND DISTRICT NHS FOUNDATION TRUST,214,254,0.843,6,2,21,2,"Jul, Aug",Sep,No
Q2 (2025/26),Cancer,62 Days,North East,RCF,AIREDALE NHS FOUNDATION TRUST,159.5,190.5,0.837,7,3,21,2,"Jul, Aug",Sep,No
Q2 (2025/26),Cancer,62 Days,Midlands,RNA,THE DUDLEY GROUP NHS FOUNDATION TRUST,318.5,381.5,0.835,8,1,20,2,"Jul, Aug",Sep,No
Q2 (2025/26),Cancer,62 Days,South East,RTK,ASHFORD AND ST PETER'S HOSPITALS NHS FOUNDATION TRUST,299.5,359,0.834,9,2,17,2,"Jul, Aug",Sep,No
Q2 (2025/26),Cancer,62 Days,London,R1K,LONDON NORTH WEST UNIVERSITY HEALTHCARE NHS TRUST,316,380.5,0.83,10,2,17,2,"Jul, Aug",Sep,No
Q2 (2025/26),Cancer,62 Days,London,RKE,WHITTINGTON HEALTH NHS TRUST,102,123,0.829,11,3,17,2,"Jul, Aug",Sep,No
Q2 (2025/26),Cancer,62 Days,North West,RMC,BOLTON NHS FOUNDATION TRUST,262,316.5,0.828,12,1,17,2,"Jul, Aug",Sep,No
Q2 (2025/26),Cancer,62 Days,London,RVR,EPSOM AND ST HELIER UNIVERSITY HOSPITALS NHS TRUST,214,259,0.826,13,4,17,2,"Jul, Aug",Sep,No
Q2 (2025/26),Cancer,62 Days,North East,RTF,NORTHUMBRIA HEALTHCARE NHS FOUNDATION TRUST,357,433.5,0.824,14,4,21,2,"Jul, Aug",Sep,No
Q2 (2025/26),Cancer,62 Days,London,RAX,KINGSTON AND RICHMOND NHS FOUNDATION TRUST,218.5,268.5,0.814,15,5,17,2,"Jul, Aug",Sep,No
Q2 (2025/26),Cancer,62 Days,North West,RBN,MERSEY AND WEST LANCASHIRE TEACHING HOSPITALS NHS TRUST,548,683.5,0.802,16,2,17,2,"Jul, Aug",Sep,No
Q2 (2025/26),Cancer,62 Days,Midlands,RBK,WALSALL HEALTHCARE NHS TRUST,115,143.5,0.801,17,2,20,2,"Jul, Aug",Sep,No
Q2 (2025/26),Cancer,62 Days,South East,RTP,SURREY AND SUSSEX HEALTHCARE NHS TRUST,357,447,0.799,18,3,17,2,"Jul, Aug",Sep,No
Q2 (2025/26),Cancer,62 Days,South East,RDU,FRIMLEY HEALTH NHS FOUNDATION TRUST,502.5,631,0.796,19,4,17,2,"Jul, Aug",Sep,No
Q2 (2025/26),Cancer,62 Days,North West,RMP,TAMESIDE AND GLOSSOP INTEGRATED CARE NHS FOUNDATION TRUST,125,158.5,0.789,20,3,17,2,"Jul, Aug",Sep,No
Q2 (2025/26),Cancer,62 Days,East,RWG,WEST HERTFORDSHIRE TEACHING HOSPITALS NHS TRUST,284.5,362.5,0.785,21,2,13,2,"Jul, Aug",Sep,No
Q2 (2025/26),Cancer,62 Days,North West,RWW,WARRINGTON AND HALTON TEACHING HOSPITALS NHS FOUNDATION TRUST,174.5,222.5,0.784,22,4,17,2,"Jul, Aug",Sep,No
Q2 (2025/26),Cancer,62 Days,South East,RVV,EAST KENT HOSPITALS UNIVERSITY NHS FOUNDATION TRUST,616,789.5,0.78,23,5,17,2,"Jul, Aug",Sep,No
Q2 (2025/26),Cancer,62 Days,South West,RA7,UNIVERSITY HOSPITALS BRISTOL AND WESTON NHS FOUNDATION TRUST,352.5,452,0.78,23,2,13,2,"Jul, Aug",Sep,No
Q2 (2025/26),Cancer,62 Days,South East,RHW,ROYAL BERKSHIRE NHS FOUNDATION TRUST,367.5,471.5,0.779,25,6,17,2,"Jul, Aug",Sep,No
Q2 (2025/26),Cancer,62 Days,North East,RXF,MID YORKSHIRE TEACHING NHS TRUST,395,510,0.775,26,5,21,2,"Jul, Aug",Sep,No
Q2 (2025/26),Cancer,62 Days,London,RRV,UNIVERSITY COLLEGE LONDON HOSPITALS NHS FOUNDATION TRUST,317.5,411,0.773,27,6,17,2,"Jul, Aug",Sep,No
Q2 (2025/26),Cancer,62 Days,Midlands,RXK,SANDWELL AND WEST BIRMINGHAM HOSPITALS NHS TRUST,214,278,0.77,28,3,20,2,"Jul, Aug",Sep,No
Q2 (2025/26),Cancer,62 Days,South East,RHM,UNIVERSITY HOSPITAL SOUTHAMPTON NHS FOUNDATION TRUST,433,563.5,0.768,29,7,17,2,"Jul, Aug",Sep,No
Q2 (2025/26),Cancer,62 Days,London,RQM,CHELSEA AND WESTMINSTER HOSPITAL NHS FOUNDATION TRUST,276.5,361.5,0.765,30,7,17,2,"Jul, Aug",Sep,No
Q2 (2025/26),Cancer,62 Days,North East,RXP,COUNTY DURHAM AND DARLINGTON NHS FOUNDATION TRUST,338,442,0.765,30,6,21,2,"Jul, Aug",Sep,No
Q2 (2025/26),Cancer,62 Days,South East,RA2,ROYAL SURREY COUNTY HOSPITAL NHS FOUNDATION TRUST,292.5,382.5,0.765,30,8,17,2,"Jul, Aug",Sep,No
Q2 (2025/26),Cancer,62 Days,London,R1H,BARTS HEALTH NHS TRUST,348,457.5,0.761,33,8,17,2,"Jul, Aug",Sep,No
Q2 (2025/26),Cancer,62 Days,South West,RH8,ROYAL DEVON UNIVERSITY HEALTHCARE NHS FOUNDATION TRUST,674.5,887.5,0.76,34,3,13,2,"Jul, Aug",Sep,No
Q2 (2025/26),Cancer,62 Days,South West,RTE,GLOUCESTERSHIRE HOSPITALS NHS FOUNDATION TRUST,567.5,751,0.756,35,4,13,2,"Jul, Aug",Sep,No
Q2 (2025/26),Cancer,62 Days,North West,RBL,WIRRAL UNIVERSITY TEACHING HOSPITAL NHS FOUNDATION TRUST,285.5,378.5,0.754,36,5,17,2,"Jul, Aug",Sep,No
Q2 (2025/26),Cancer,62 Days,London,RF4,"BARKING, HAVERING AND REDBRIDGE UNIVERSITY HOSPITALS NHS TRUST",315.5,422.5,0.747,37,9,17,2,"Jul, Aug",Sep,No
Q2 (2025/26),Cancer,62 Days,Midlands,RFS,CHESTERFIELD ROYAL HOSPITAL NHS FOUNDATION TRUST,219,294.5,0.744,38,4,20,2,"Jul, Aug",Sep,No
Q2 (2025/26),Cancer,62 Days,North West,REM,LIVERPOOL UNIVERSITY HOSPITALS NHS FOUNDATION TRUST,479.5,645.5,0.743,39,6,17,2,"Jul, Aug",Sep,No
Q2 (2025/26),Cancer,62 Days,North West,RJR,COUNTESS OF CHESTER HOSPITAL NHS FOUNDATION TRUST,195,263,0.741,40,7,17,2,"Jul, Aug",Sep,No
Q2 (2025/26),Cancer,62 Days,North West,RM3,NORTHERN CARE ALLIANCE NHS FOUNDATION TRUST,494.5,668,0.74,41,8,17,2,"Jul, Aug",Sep,No
Q2 (2025/26),Cancer,62 Days,East,RGR,WEST SUFFOLK NHS FOUNDATION TRUST,219,296,0.74,41,3,13,2,"Jul, Aug",Sep,No
Q2 (2025/26),Cancer,62 Days,London,RJ7,ST GEORGE'S UNIVERSITY HOSPITALS NHS FOUNDATION TRUST,285,387,0.736,43,10,17,2,"Jul, Aug",Sep,No
Q2 (2025/26),Cancer,62 Days,North East,RR7,GATESHEAD HEALTH NHS FOUNDATION TRUST,215.5,294,0.733,44,7,21,2,"Jul, Aug",Sep,No
Q2 (2025/26),Cancer,62 Days,North East,R0B,SOUTH TYNESIDE AND SUNDERLAND NHS FOUNDATION TRUST,347,477,0.727,45,8,21,2,"Jul, Aug",Sep,No
Q2 (2025/26),Cancer,62 Days,East,RC9,BEDFORDSHIRE HOSPITALS NHS FOUNDATION TRUST,348.5,480.5,0.725,46,4,13,2,"Jul, Aug",Sep,No
Q2 (2025/26),Cancer,62 Days,North West,RWJ,STOCKPORT NHS FOUNDATION TRUST,174.5,241,0.724,47,9,17,2,"Jul, Aug",Sep,No
Q2 (2025/26),Cancer,62 Days,North East,RAE,BRADFORD TEACHING HOSPITALS NHS FOUNDATION TRUST,193,268.5,0.719,48,9,21,2,"Jul, Aug",Sep,No
Q2 (2025/26),Cancer,62 Days,South East,RXC,EAST SUSSEX HEALTHCARE NHS TRUST,418.5,583.5,0.717,49,9,17,2,"Jul, Aug",Sep,No
Q2 (2025/26),Cancer,62 Days,North West,RBT,MID CHESHIRE HOSPITALS NHS FOUNDATION TRUST,218,304,0.717,49,10,17,2,"Jul, Aug",Sep,No
Q2 (2025/26),Cancer,62 Days,North East,RFF,BARNSLEY HOSPITAL NHS FOUNDATION TRUST,170.5,239.5,0.712,51,10,21,2,"Jul, Aug",Sep,No
Q2 (2025/26),Cancer,62 Days,East,RGN,NORTH WEST ANGLIA NHS FOUNDATION TRUST,337.5,474.5,0.711,52,5,13,2,"Jul, Aug",Sep,No
Q2 (2025/26),Cancer,62 Days,Midlands,RLQ,WYE VALLEY NHS TRUST,199,280.5,0.709,53,5,20,2,"Jul, Aug",Sep,No
Q2 (2025/26),Cancer,62 Days,London,RAS,THE HILLINGDON HOSPITALS NHS FOUNDATION TRUST,150,212,0.708,54,11,17,2,"Jul, Aug",Sep,No
Q2 (2025/26),Cancer,62 Days,London,RJ6,CROYDON HEALTH SERVICES NHS TRUST,119.5,169,0.707,55,12,17,2,"Jul, Aug",Sep,No
Q2 (2025/26),Cancer,62 Days,North East,RTD,THE NEWCASTLE UPON TYNE HOSPITALS NHS FOUNDATION TRUST,657.5,931,0.706,56,11,21,2,"Jul, Aug",Sep,No
Q2 (2025/26),Cancer,62 Days,Midlands,RL4,THE ROYAL WOLVERHAMPTON NHS TRUST,351,497.5,0.706,56,6,20,2,"Jul, Aug",Sep,No
Q2 (2025/26),Cancer,62 Days,London,RYJ,IMPERIAL COLLEGE HEALTHCARE NHS TRUST,326,464.5,0.702,58,13,17,2,"Jul, Aug",Sep,No
Q2 (2025/26),Cancer,62 Days,North West,RTX,UNIVERSITY HOSPITALS OF MORECAMBE BAY NHS FOUNDATION TRUST,306,436,0.702,58,11,17,2,"Jul, Aug",Sep,No
Q2 (2025/26),Cancer,62 Days,Midlands,RNQ,KETTERING GENERAL HOSPITAL NHS FOUNDATION TRUST,200,285.5,0.701,60,7,20,2,"Jul, Aug",Sep,No
Q2 (2025/26),Cancer,62 Days,North East,RFR,THE ROTHERHAM NHS FOUNDATION TRUST,144.5,206,0.701,60,12,21,2,"Jul, Aug",Sep,No
Q2 (2025/26),Cancer,62 Days,North West,RXR,EAST LANCASHIRE HOSPITALS NHS TRUST,324.5,464,0.699,62,12,17,2,"Jul, Aug",Sep,No
Q2 (2025/26),Cancer,62 Days,South East,RHU,PORTSMOUTH HOSPITALS UNIVERSITY NATIONAL HEALTH SERVICE TRUST,524,754.5,0.694,63,10,17,2,"Jul, Aug",Sep,No
Q2 (2025/26),Cancer,62 Days,South East,R1F,ISLE OF WIGHT NHS TRUST,100.5,145,0.693,64,11,17,2,"Jul, Aug",Sep,No
Q2 (2025/26),Cancer,62 Days,Midlands,RJE,UNIVERSITY HOSPITALS OF NORTH MIDLANDS NHS TRUST,524.5,757,0.693,64,8,20,2,"Jul, Aug",Sep,No
Q2 (2025/26),Cancer,62 Days,South West,RH5,SOMERSET NHS FOUNDATION TRUST,495.5,716.5,0.692,66,5,13,2,"Jul, Aug",Sep,No
Q2 (2025/26),Cancer,62 Days,Midlands,RK5,SHERWOOD FOREST HOSPITALS NHS FOUNDATION TRUST,195,282,0.691,67,9,20,2,"Jul, Aug",Sep,No
Q2 (2025/26),Cancer,62 Days,East,RGT,CAMBRIDGE UNIVERSITY HOSPITALS NHS FOUNDATION TRUST,411,597.5,0.688,68,6,13,2,"Jul, Aug",Sep,No
Q2 (2025/26),Cancer,62 Days,South East,RN5,HAMPSHIRE HOSPITALS NHS FOUNDATION TRUST,374,543.5,0.688,68,12,17,2,"Jul, Aug",Sep,No
Q2 (2025/26),Cancer,62 Days,Midlands,RLT,GEORGE ELIOT HOSPITAL NHS TRUST,84,122.5,0.686,70,10,20,2,"Jul, Aug",Sep,No
Q2 (2025/26),Cancer,62 Days,South West,RD1,ROYAL UNITED HOSPITALS BATH NHS FOUNDATION TRUST,307.5,450,0.683,71,6,13,2,"Jul, Aug",Sep,No
Q2 (2025/26),Cancer,62 Days,North West,RRF,"WRIGHTINGTON, WIGAN AND LEIGH NHS FOUNDATION TRUST",189.5,277.5,0.683,71,13,17,2,"Jul, Aug",Sep,No
Q2 (2025/26),Cancer,62 Days,South West,R0D,UNIVERSITY HOSPITALS DORSET NHS FOUNDATION TRUST,527,773,0.682,73,7,13,2,"Jul, Aug",Sep,No
Q2 (2025/26),Cancer,62 Days,North East,RP5,DONCASTER AND BASSETLAW TEACHING HOSPITALS NHS FOUNDATION TRUST,290.5,427.5,0.68,74,13,21,2,"Jul, Aug",Sep,No
Q2 (2025/26),Cancer,62 Days,South West,RBD,DORSET COUNTY HOSPITAL NHS FOUNDATION TRUST,191.5,282,0.679,75,8,13,2,"Jul, Aug",Sep,No
Q2 (2025/26),Cancer,62 Days,East,RDE,EAST SUFFOLK AND NORTH ESSEX NHS FOUNDATION TRUST,639,941.5,0.679,75,7,13,2,"Jul, Aug",Sep,No
Q2 (2025/26),Cancer,62 Days,South East,RPA,MEDWAY NHS FOUNDATION TRUST,215,316.5,0.679,75,13,17,2,"Jul, Aug",Sep,No
Q2 (2025/26),Cancer,62 Days,North West,RXN,LANCASHIRE TEACHING HOSPITALS NHS FOUNDATION TRUST,329,486,0.677,78,14,17,2,"Jul, Aug",Sep,No
Q2 (2025/26),Cancer,62 Days,South West,RN3,GREAT WESTERN HOSPITALS NHS FOUNDATION TRUST,208,307.5,0.676,79,9,13,2,"Jul, Aug",Sep,No
Q2 (2025/26),Cancer,62 Days,Midlands,RXW,THE SHREWSBURY AND TELFORD HOSPITAL NHS TRUST,483,715,0.676,79,11,20,2,"Jul, Aug",Sep,No
Q2 (2025/26),Cancer,62 Days,East,RGP,JAMES PAGET UNIVERSITY HOSPITALS NHS FOUNDATION TRUST,186,277,0.671,81,8,13,2,"Jul, Aug",Sep,No
Q2 (2025/26),Cancer,62 Days,Midlands,RTG,UNIVERSITY HOSPITALS OF DERBY AND BURTON NHS FOUNDATION TRUST,556,834,0.667,82,12,20,2,"Jul, Aug",Sep,No
Q2 (2025/26),Cancer,62 Days,South West,RVJ,NORTH BRISTOL NHS TRUST,486.5,730,0.666,83,10,13,2,"Jul, Aug",Sep,No
Q2 (2025/26),Cancer,62 Days,Midlands,RNS,NORTHAMPTON GENERAL HOSPITAL NHS TRUST,231,347,0.666,83,13,20,2,"Jul, Aug",Sep,No
Q2 (2025/26),Cancer,62 Days,North East,RTR,SOUTH TEES HOSPITALS NHS FOUNDATION TRUST,508,764,0.665,85,14,21,2,"Jul, Aug",Sep,No
Q2 (2025/26),Cancer,62 Days,North West,RJN,EAST CHESHIRE NHS TRUST,116.5,175.5,0.664,86,15,17,2,"Jul, Aug",Sep,No
Q2 (2025/26),Cancer,62 Days,London,RAL,ROYAL FREE LONDON NHS FOUNDATION TRUST,581,878.5,0.661,87,14,17,2,"Jul, Aug",Sep,No
Q2 (2025/26),Cancer,62 Days,North East,RCB,YORK AND SCARBOROUGH TEACHING HOSPITALS NHS FOUNDATION TRUST,409.5,622,0.658,88,15,21,2,"Jul, Aug",Sep,No
Q2 (2025/26),Cancer,62 Days,East,RD8,MILTON KEYNES UNIVERSITY HOSPITAL NHS FOUNDATION TRUST,198,305,0.649,89,9,13,2,"Jul, Aug",Sep,No
Q2 (2025/26),Cancer,62 Days,North East,RJL,NORTHERN LINCOLNSHIRE AND GOOLE NHS FOUNDATION TRUST,182,280.5,0.649,89,16,21,2,"Jul, Aug",Sep,No
Q2 (2025/26),Cancer,62 Days,Midlands,RWD,UNITED LINCOLNSHIRE TEACHING HOSPITALS NHS TRUST                     ,507,784.5,0.646,91,14,20,2,"Jul, Aug",Sep,No
Q2 (2025/26),Cancer,62 Days,South West,RK9,UNIVERSITY HOSPITALS PLYMOUTH NHS TRUST,439,679.5,0.646,91,11,13,2,"Jul, Aug",Sep,No
Q2 (2025/26),Cancer,62 Days,Midlands,RKB,UNIVERSITY HOSPITALS COVENTRY AND WARWICKSHIRE NHS TRUST,379.5,588,0.645,93,15,20,2,"Jul, Aug",Sep,No
Q2 (2025/26),Cancer,62 Days,London,RJ2,LEWISHAM AND GREENWICH NHS TRUST,185.5,289,0.642,94,15,17,2,"Jul, Aug",Sep,No
Q2 (2025/26),Cancer,62 Days,North East,RR8,LEEDS TEACHING HOSPITALS NHS TRUST,617,973,0.634,95,17,21,2,"Jul, Aug",Sep,No
Q2 (2025/26),Cancer,62 Days,Midlands,RRK,UNIVERSITY HOSPITALS BIRMINGHAM NHS FOUNDATION TRUST,795,1258.5,0.632,96,16,20,2,"Jul, Aug",Sep,No
Q2 (2025/26),Cancer,62 Days,London,RJZ,KING'S COLLEGE HOSPITAL NHS FOUNDATION TRUST,350,561,0.624,97,16,17,2,"Jul, Aug",Sep,No
Q2 (2025/26),Cancer,62 Days,South West,RNZ,SALISBURY NHS FOUNDATION TRUST,170,273.5,0.622,98,12,13,2,"Jul, Aug",Sep,No
Q2 (2025/26),Cancer,62 Days,North West,R0A,MANCHESTER UNIVERSITY NHS FOUNDATION TRUST,600,966.5,0.621,99,16,17,2,"Jul, Aug",Sep,No
Q2 (2025/26),Cancer,62 Days,South East,RYR,UNIVERSITY HOSPITALS SUSSEX NHS FOUNDATION TRUST,734,1191.5,0.616,100,14,17,2,"Jul, Aug",Sep,No
Q2 (2025/26),Cancer,62 Days,South East,RN7,DARTFORD AND GRAVESHAM NHS TRUST,115.5,189,0.611,101,15,17,2,"Jul, Aug",Sep,No
Q2 (2025/26),Cancer,62 Days,South West,RA9,TORBAY AND SOUTH DEVON NHS FOUNDATION TRUST,219,358.5,0.611,101,13,13,2,"Jul, Aug",Sep,No
Q2 (2025/26),Cancer,62 Days,Midlands,RWP,WORCESTERSHIRE ACUTE HOSPITALS NHS TRUST,443,726.5,0.61,103,17,20,2,"Jul, Aug",Sep,No
Q2 (2025/26),Cancer,62 Days,South East,RXQ,BUCKINGHAMSHIRE HEALTHCARE NHS TRUST,241,395.5,0.609,104,16,17,2,"Jul, Aug",Sep,No
Q2 (2025/26),Cancer,62 Days,North West,RXL,BLACKPOOL TEACHING HOSPITALS NHS FOUNDATION TRUST,235.5,396.5,0.594,105,17,17,2,"Jul, Aug",Sep,No
Q2 (2025/26),Cancer,62 Days,East,RM1,NORFOLK AND NORWICH UNIVERSITY HOSPITALS NHS FOUNDATION TRUST,307,519,0.592,106,10,13,2,"Jul, Aug",Sep,No
Q2 (2025/26),Cancer,62 Days,Midlands,RJC,SOUTH WARWICKSHIRE UNIVERSITY NHS FOUNDATION TRUST,141,238,0.592,106,18,20,2,"Jul, Aug",Sep,No
Q2 (2025/26),Cancer,62 Days,London,RJ1,GUY'S AND ST THOMAS' NHS FOUNDATION TRUST,355,604,0.588,108,17,17,2,"Jul, Aug",Sep,No
Q2 (2025/26),Cancer,62 Days,East,RQW,THE PRINCESS ALEXANDRA HOSPITAL NHS TRUST,183.5,315,0.583,109,11,13,2,"Jul, Aug",Sep,No
Q2 (2025/26),Cancer,62 Days,Midlands,RX1,NOTTINGHAM UNIVERSITY HOSPITALS NHS TRUST,519.5,893.5,0.581,110,19,20,2,"Jul, Aug",Sep,No
Q2 (2025/26),Cancer,62 Days,South East,RTH,OXFORD UNIVERSITY HOSPITALS NHS FOUNDATION TRUST,491.5,848,0.58,111,17,17,2,"Jul, Aug",Sep,No
Q2 (2025/26),Cancer,62 Days,North East,RNN,NORTH CUMBRIA INTEGRATED CARE NHS FOUNDATION TRUST,171,308.5,0.554,112,18,21,2,"Jul, Aug",Sep,No
Q2 (2025/26),Cancer,62 Days,North East,RWA,HULL UNIVERSITY TEACHING HOSPITALS NHS TRUST,339,650,0.522,113,19,21,2,"Jul, Aug",Sep,No
Q2 (2025/26),Cancer,62 Days,North East,RVW,NORTH TEES AND HARTLEPOOL NHS FOUNDATION TRUST,181.5,350,0.519,114,20,21,2,"Jul, Aug",Sep,No
Q2 (2025/26),Cancer,62 Days,North East,RHQ,SHEFFIELD TEACHING HOSPITALS NHS FOUNDATION TRUST,368,731,0.503,115,21,21,2,"Jul, Aug",Sep,No
Q2 (2025/26),Cancer,62 Days,Midlands,RWE,UNIVERSITY HOSPITALS OF LEICESTER NHS TRUST,443,901,0.492,116,20,20,2,"Jul, Aug",Sep,No
Q2 (2025/26),Cancer,62 Days,East,RCX,"THE QUEEN ELIZABETH HOSPITAL, KING'S LYNN, NHS FOUNDATION TRUST",103,219,0.47,117,12,13,2,"Jul, Aug",Sep,No
Q2 (2025/26),Cancer,62 Days,East,RAJ,MID AND SOUTH ESSEX NHS FOUNDATION TRUST,466,1002,0.465,118,13,13,2,"Jul, Aug",Sep,No
